format,version,account_id,account_name,captured_at_ms,AlbumId,AlbumName,SetId,SetName,SetIndex,StickerId,CommodityKey,StickerName,StickerIndex,Stars,IsGolden,Owned,CountOwned,manual_count
monster-mash/sample-album,1,SAMPLE-FRANKIE-01,Enter Frankie,1789967568243,MonsterMashAlbum,MonsterMashAlbum,MonsterMashAlbum.1,Community Gallery,0,MonsterMashAlbum.1.1,MonsterMashAlbum_1_1,Woodland Whispers,0,1,false,true,1,
monster-mash/sample-album,1,SAMPLE-FRANKIE-01,Enter Frankie,1789967568243,MonsterMashAlbum,MonsterMashAlbum,MonsterMashAlbum.1,Community Gallery,0,MonsterMashAlbum.1.2,MonsterMashAlbum_1_2,Kute Krampus,1,1,false,false,0,
monster-mash/sample-album,1,SAMPLE-FRANKIE-01,Enter Frankie,1789967568243,MonsterMashAlbum,MonsterMashAlbum,MonsterMashAlbum.1,Community Gallery,0,MonsterMashAlbum.1.3,MonsterMashAlbum_1_3,Gentlewulf,2,1,false,true,1,
monster-mash/sample-album,1,SAMPLE-FRANKIE-01,Enter Frankie,1789967568243,MonsterMashAlbum,MonsterMashAlbum,MonsterMashAlbum.1,Community Gallery,0,MonsterMashAlbum.1.4,MonsterMashAlbum_1_4,Patchwork,3,1,false,true,1,
monster-mash/sample-album,1,SAMPLE-FRANKIE-01,Enter Frankie,1789967568243,MonsterMashAlbum,MonsterMashAlbum,MonsterMashAlbum.1,Community Gallery,0,MonsterMashAlbum.1.5,MonsterMashAlbum_1_5,Neck of the Woods,4,1,false,false,0,
monster-mash/sample-album,1,SAMPLE-FRANKIE-01,Enter Frankie,1789967568243,MonsterMashAlbum,MonsterMashAlbum,MonsterMashAlbum.1,Community Gallery,0,MonsterMashAlbum.1.6,MonsterMashAlbum_1_6,Glam-O-Crow,5,1,false,true,1,
monster-mash/sample-album,1,SAMPLE-FRANKIE-01,Enter Frankie,1789967568243,MonsterMashAlbum,MonsterMashAlbum,MonsterMashAlbum.1,Community Gallery,0,MonsterMashAlbum.1.7,MonsterMashAlbum_1_7,Harlequin Queen,6,1,false,false,0,
monster-mash/sample-album,1,SAMPLE-FRANKIE-01,Enter Frankie,1789967568243,MonsterMashAlbum,MonsterMashAlbum,MonsterMashAlbum.1,Community Gallery,0,MonsterMashAlbum.1.8,MonsterMashAlbum_1_8,Screaming Clown,7,1,false,false,0,
monster-mash/sample-album,1,SAMPLE-FRANKIE-01,Enter Frankie,1789967568243,MonsterMashAlbum,MonsterMashAlbum,MonsterMashAlbum.1,Community Gallery,0,MonsterMashAlbum.1.9,MonsterMashAlbum_1_9,Just a Zombie,8,1,false,false,0,
monster-mash/sample-album,1,SAMPLE-FRANKIE-01,Enter Frankie,1789967568243,MonsterMashAlbum,MonsterMashAlbum,MonsterMashAlbum.2,Welcome To The Mansion,1,MonsterMashAlbum.2.1,MonsterMashAlbum_2_1,Mystery Mansion,0,1,false,true,1,
monster-mash/sample-album,1,SAMPLE-FRANKIE-01,Enter Frankie,1789967568243,MonsterMashAlbum,MonsterMashAlbum,MonsterMashAlbum.2,Welcome To The Mansion,1,MonsterMashAlbum.2.2,MonsterMashAlbum_2_2,At The Gates,1,1,false,true,2,
monster-mash/sample-album,1,SAMPLE-FRANKIE-01,Enter Frankie,1789967568243,MonsterMashAlbum,MonsterMashAlbum,MonsterMashAlbum.2,Welcome To The Mansion,1,MonsterMashAlbum.2.3,MonsterMashAlbum_2_3,Master Key,2,1,false,true,2,4
monster-mash/sample-album,1,SAMPLE-FRANKIE-01,Enter Frankie,1789967568243,MonsterMashAlbum,MonsterMashAlbum,MonsterMashAlbum.2,Welcome To The Mansion,1,MonsterMashAlbum.2.4,MonsterMashAlbum_2_4,The Other Side,3,1,false,false,0,
monster-mash/sample-album,1,SAMPLE-FRANKIE-01,Enter Frankie,1789967568243,MonsterMashAlbum,MonsterMashAlbum,MonsterMashAlbum.2,Welcome To The Mansion,1,MonsterMashAlbum.2.5,MonsterMashAlbum_2_5,Hall O' Frame,4,1,false,false,0,
monster-mash/sample-album,1,SAMPLE-FRANKIE-01,Enter Frankie,1789967568243,MonsterMashAlbum,MonsterMashAlbum,MonsterMashAlbum.2,Welcome To The Mansion,1,MonsterMashAlbum.2.6,MonsterMashAlbum_2_6,House Call,5,1,false,false,0,
monster-mash/sample-album,1,SAMPLE-FRANKIE-01,Enter Frankie,1789967568243,MonsterMashAlbum,MonsterMashAlbum,MonsterMashAlbum.2,Welcome To The Mansion,1,MonsterMashAlbum.2.7,MonsterMashAlbum_2_7,HUNTR/X,6,1,false,false,0,
monster-mash/sample-album,1,SAMPLE-FRANKIE-01,Enter Frankie,1789967568243,MonsterMashAlbum,MonsterMashAlbum,MonsterMashAlbum.2,Welcome To The Mansion,1,MonsterMashAlbum.2.8,MonsterMashAlbum_2_8,Ghostly Guide,7,1,false,false,0,
monster-mash/sample-album,1,SAMPLE-FRANKIE-01,Enter Frankie,1789967568243,MonsterMashAlbum,MonsterMashAlbum,MonsterMashAlbum.2,Welcome To The Mansion,1,MonsterMashAlbum.2.9,MonsterMashAlbum_2_9,Places Unknown,8,1,false,true,1,
monster-mash/sample-album,1,SAMPLE-FRANKIE-01,Enter Frankie,1789967568243,MonsterMashAlbum,MonsterMashAlbum,MonsterMashAlbum.3,Dracula,2,MonsterMashAlbum.3.1,MonsterMashAlbum_3_1,Enter Dracula,0,1,false,true,1,
monster-mash/sample-album,1,SAMPLE-FRANKIE-01,Enter Frankie,1789967568243,MonsterMashAlbum,MonsterMashAlbum,MonsterMashAlbum.3,Dracula,2,MonsterMashAlbum.3.2,MonsterMashAlbum_3_2,On Reflection,1,1,false,false,0,
monster-mash/sample-album,1,SAMPLE-FRANKIE-01,Enter Frankie,1789967568243,MonsterMashAlbum,MonsterMashAlbum,MonsterMashAlbum.3,Dracula,2,MonsterMashAlbum.3.3,MonsterMashAlbum_3_3,Long in the Tooth,2,1,false,false,0,
monster-mash/sample-album,1,SAMPLE-FRANKIE-01,Enter Frankie,1789967568243,MonsterMashAlbum,MonsterMashAlbum,MonsterMashAlbum.3,Dracula,2,MonsterMashAlbum.3.4,MonsterMashAlbum_3_4,Day in the Sun,3,1,false,true,2,
monster-mash/sample-album,1,SAMPLE-FRANKIE-01,Enter Frankie,1789967568243,MonsterMashAlbum,MonsterMashAlbum,MonsterMashAlbum.3,Dracula,2,MonsterMashAlbum.3.5,MonsterMashAlbum_3_5,Down for the Count,4,1,false,true,1,
monster-mash/sample-album,1,SAMPLE-FRANKIE-01,Enter Frankie,1789967568243,MonsterMashAlbum,MonsterMashAlbum,MonsterMashAlbum.3,Dracula,2,MonsterMashAlbum.3.6,MonsterMashAlbum_3_6,Heart Stopper,5,1,false,false,0,
monster-mash/sample-album,1,SAMPLE-FRANKIE-01,Enter Frankie,1789967568243,MonsterMashAlbum,MonsterMashAlbum,MonsterMashAlbum.3,Dracula,2,MonsterMashAlbum.3.7,MonsterMashAlbum_3_7,Cloak Conundrum,6,2,false,true,2,
monster-mash/sample-album,1,SAMPLE-FRANKIE-01,Enter Frankie,1789967568243,MonsterMashAlbum,MonsterMashAlbum,MonsterMashAlbum.3,Dracula,2,MonsterMashAlbum.3.8,MonsterMashAlbum_3_8,Prince of Darkness,7,2,false,false,0,
monster-mash/sample-album,1,SAMPLE-FRANKIE-01,Enter Frankie,1789967568243,MonsterMashAlbum,MonsterMashAlbum,MonsterMashAlbum.3,Dracula,2,MonsterMashAlbum.3.9,MonsterMashAlbum_3_9,Disco Drac,8,2,false,false,0,
monster-mash/sample-album,1,SAMPLE-FRANKIE-01,Enter Frankie,1789967568243,MonsterMashAlbum,MonsterMashAlbum,MonsterMashAlbum.4,Lurid Labs,3,MonsterMashAlbum.4.1,MonsterMashAlbum_4_1,The Laboratory,0,1,false,true,2,
monster-mash/sample-album,1,SAMPLE-FRANKIE-01,Enter Frankie,1789967568243,MonsterMashAlbum,MonsterMashAlbum,MonsterMashAlbum.4,Lurid Labs,3,MonsterMashAlbum.4.2,MonsterMashAlbum_4_2,Flip the Switch,1,1,false,false,0,
monster-mash/sample-album,1,SAMPLE-FRANKIE-01,Enter Frankie,1789967568243,MonsterMashAlbum,MonsterMashAlbum,MonsterMashAlbum.4,Lurid Labs,3,MonsterMashAlbum.4.3,MonsterMashAlbum_4_3,Pet Project,2,1,false,false,0,
monster-mash/sample-album,1,SAMPLE-FRANKIE-01,Enter Frankie,1789967568243,MonsterMashAlbum,MonsterMashAlbum,MonsterMashAlbum.4,Lurid Labs,3,MonsterMashAlbum.4.4,MonsterMashAlbum_4_4,Jealousy & Pride,3,2,false,false,0,
monster-mash/sample-album,1,SAMPLE-FRANKIE-01,Enter Frankie,1789967568243,MonsterMashAlbum,MonsterMashAlbum,MonsterMashAlbum.4,Lurid Labs,3,MonsterMashAlbum.4.5,MonsterMashAlbum_4_5,Mad for Science,4,2,false,true,2,
monster-mash/sample-album,1,SAMPLE-FRANKIE-01,Enter Frankie,1789967568243,MonsterMashAlbum,MonsterMashAlbum,MonsterMashAlbum.4,Lurid Labs,3,MonsterMashAlbum.4.6,MonsterMashAlbum_4_6,The Conductor,5,2,false,true,1,
monster-mash/sample-album,1,SAMPLE-FRANKIE-01,Enter Frankie,1789967568243,MonsterMashAlbum,MonsterMashAlbum,MonsterMashAlbum.4,Lurid Labs,3,MonsterMashAlbum.4.7,MonsterMashAlbum_4_7,Ghost Trap,6,2,false,true,6,
monster-mash/sample-album,1,SAMPLE-FRANKIE-01,Enter Frankie,1789967568243,MonsterMashAlbum,MonsterMashAlbum,MonsterMashAlbum.4,Lurid Labs,3,MonsterMashAlbum.4.8,MonsterMashAlbum_4_8,Gone Ghoul,7,2,false,false,0,
monster-mash/sample-album,1,SAMPLE-FRANKIE-01,Enter Frankie,1789967568243,MonsterMashAlbum,MonsterMashAlbum,MonsterMashAlbum.4,Lurid Labs,3,MonsterMashAlbum.4.9,MonsterMashAlbum_4_9,Slimed,8,2,false,false,0,
monster-mash/sample-album,1,SAMPLE-FRANKIE-01,Enter Frankie,1789967568243,MonsterMashAlbum,MonsterMashAlbum,MonsterMashAlbum.5,Grim Gardens,4,MonsterMashAlbum.5.1,MonsterMashAlbum_5_1,Ghouly Greens,0,2,false,true,1,
monster-mash/sample-album,1,SAMPLE-FRANKIE-01,Enter Frankie,1789967568243,MonsterMashAlbum,MonsterMashAlbum,MonsterMashAlbum.5,Grim Gardens,4,MonsterMashAlbum.5.2,MonsterMashAlbum_5_2,Ghost Plant,1,2,false,false,0,
monster-mash/sample-album,1,SAMPLE-FRANKIE-01,Enter Frankie,1789967568243,MonsterMashAlbum,MonsterMashAlbum,MonsterMashAlbum.5,Grim Gardens,4,MonsterMashAlbum.5.3,MonsterMashAlbum_5_3,Green Thumb,2,2,false,false,0,
monster-mash/sample-album,1,SAMPLE-FRANKIE-01,Enter Frankie,1789967568243,MonsterMashAlbum,MonsterMashAlbum,MonsterMashAlbum.5,Grim Gardens,4,MonsterMashAlbum.5.4,MonsterMashAlbum_5_4,Creeper Vine,3,2,false,false,0,
monster-mash/sample-album,1,SAMPLE-FRANKIE-01,Enter Frankie,1789967568243,MonsterMashAlbum,MonsterMashAlbum,MonsterMashAlbum.5,Grim Gardens,4,MonsterMashAlbum.5.5,MonsterMashAlbum_5_5,"Try, Try Again",4,2,false,false,0,
monster-mash/sample-album,1,SAMPLE-FRANKIE-01,Enter Frankie,1789967568243,MonsterMashAlbum,MonsterMashAlbum,MonsterMashAlbum.5,Grim Gardens,4,MonsterMashAlbum.5.6,MonsterMashAlbum_5_6,Botanical Bogey,5,2,false,false,0,
monster-mash/sample-album,1,SAMPLE-FRANKIE-01,Enter Frankie,1789967568243,MonsterMashAlbum,MonsterMashAlbum,MonsterMashAlbum.5,Grim Gardens,4,MonsterMashAlbum.5.7,MonsterMashAlbum_5_7,Heady Choices,6,2,false,false,0,
monster-mash/sample-album,1,SAMPLE-FRANKIE-01,Enter Frankie,1789967568243,MonsterMashAlbum,MonsterMashAlbum,MonsterMashAlbum.5,Grim Gardens,4,MonsterMashAlbum.5.8,MonsterMashAlbum_5_8,Dirt Nap,7,2,false,false,0,
monster-mash/sample-album,1,SAMPLE-FRANKIE-01,Enter Frankie,1789967568243,MonsterMashAlbum,MonsterMashAlbum,MonsterMashAlbum.5,Grim Gardens,4,MonsterMashAlbum.5.9,MonsterMashAlbum_5_9,BOO-quet,8,2,false,true,2,
monster-mash/sample-album,1,SAMPLE-FRANKIE-01,Enter Frankie,1789967568243,MonsterMashAlbum,MonsterMashAlbum,MonsterMashAlbum.6,Wolfie,5,MonsterMashAlbum.6.1,MonsterMashAlbum_6_1,Enter Wolfie,0,2,false,true,1,
monster-mash/sample-album,1,SAMPLE-FRANKIE-01,Enter Frankie,1789967568243,MonsterMashAlbum,MonsterMashAlbum,MonsterMashAlbum.6,Wolfie,5,MonsterMashAlbum.6.2,MonsterMashAlbum_6_2,Family Pack,1,2,false,false,0,
monster-mash/sample-album,1,SAMPLE-FRANKIE-01,Enter Frankie,1789967568243,MonsterMashAlbum,MonsterMashAlbum,MonsterMashAlbum.6,Wolfie,5,MonsterMashAlbum.6.3,MonsterMashAlbum_6_3,Fetch!,2,2,false,false,0,
monster-mash/sample-album,1,SAMPLE-FRANKIE-01,Enter Frankie,1789967568243,MonsterMashAlbum,MonsterMashAlbum,MonsterMashAlbum.6,Wolfie,5,MonsterMashAlbum.6.4,MonsterMashAlbum_6_4,I Beg You,3,2,false,false,0,
monster-mash/sample-album,1,SAMPLE-FRANKIE-01,Enter Frankie,1789967568243,MonsterMashAlbum,MonsterMashAlbum,MonsterMashAlbum.6,Wolfie,5,MonsterMashAlbum.6.5,MonsterMashAlbum_6_5,Beast in Show,4,2,false,false,0,
monster-mash/sample-album,1,SAMPLE-FRANKIE-01,Enter Frankie,1789967568243,MonsterMashAlbum,MonsterMashAlbum,MonsterMashAlbum.6,Wolfie,5,MonsterMashAlbum.6.6,MonsterMashAlbum_6_6,Call of the Wild,5,2,false,false,0,
monster-mash/sample-album,1,SAMPLE-FRANKIE-01,Enter Frankie,1789967568243,MonsterMashAlbum,MonsterMashAlbum,MonsterMashAlbum.6,Wolfie,5,MonsterMashAlbum.6.7,MonsterMashAlbum_6_7,Fine Canines,6,2,false,true,1,
monster-mash/sample-album,1,SAMPLE-FRANKIE-01,Enter Frankie,1789967568243,MonsterMashAlbum,MonsterMashAlbum,MonsterMashAlbum.6,Wolfie,5,MonsterMashAlbum.6.8,MonsterMashAlbum_6_8,Howl N' Prowl,7,2,false,false,0,
monster-mash/sample-album,1,SAMPLE-FRANKIE-01,Enter Frankie,1789967568243,MonsterMashAlbum,MonsterMashAlbum,MonsterMashAlbum.6,Wolfie,5,MonsterMashAlbum.6.9,MonsterMashAlbum_6_9,Luna's Flea Bath,8,2,false,true,3,
monster-mash/sample-album,1,SAMPLE-FRANKIE-01,Enter Frankie,1789967568243,MonsterMashAlbum,MonsterMashAlbum,MonsterMashAlbum.7,Sleepless Night,6,MonsterMashAlbum.7.1,MonsterMashAlbum_7_1,Blighted Bedroom,0,2,false,false,0,
monster-mash/sample-album,1,SAMPLE-FRANKIE-01,Enter Frankie,1789967568243,MonsterMashAlbum,MonsterMashAlbum,MonsterMashAlbum.7,Sleepless Night,6,MonsterMashAlbum.7.2,MonsterMashAlbum_7_2,Ghost Story,1,2,false,true,1,
monster-mash/sample-album,1,SAMPLE-FRANKIE-01,Enter Frankie,1789967568243,MonsterMashAlbum,MonsterMashAlbum,MonsterMashAlbum.7,Sleepless Night,6,MonsterMashAlbum.7.3,MonsterMashAlbum_7_3,Clowned,2,2,false,false,0,
monster-mash/sample-album,1,SAMPLE-FRANKIE-01,Enter Frankie,1789967568243,MonsterMashAlbum,MonsterMashAlbum,MonsterMashAlbum.7,Sleepless Night,6,MonsterMashAlbum.7.4,MonsterMashAlbum_7_4,Demonic Disguise,3,2,false,true,1,
monster-mash/sample-album,1,SAMPLE-FRANKIE-01,Enter Frankie,1789967568243,MonsterMashAlbum,MonsterMashAlbum,MonsterMashAlbum.7,Sleepless Night,6,MonsterMashAlbum.7.5,MonsterMashAlbum_7_5,Going Batty,4,2,false,false,0,
monster-mash/sample-album,1,SAMPLE-FRANKIE-01,Enter Frankie,1789967568243,MonsterMashAlbum,MonsterMashAlbum,MonsterMashAlbum.7,Sleepless Night,6,MonsterMashAlbum.7.6,MonsterMashAlbum_7_6,Safety First,5,2,false,true,1,
monster-mash/sample-album,1,SAMPLE-FRANKIE-01,Enter Frankie,1789967568243,MonsterMashAlbum,MonsterMashAlbum,MonsterMashAlbum.7,Sleepless Night,6,MonsterMashAlbum.7.7,MonsterMashAlbum_7_7,Chair Raising,6,2,false,true,1,
monster-mash/sample-album,1,SAMPLE-FRANKIE-01,Enter Frankie,1789967568243,MonsterMashAlbum,MonsterMashAlbum,MonsterMashAlbum.7,Sleepless Night,6,MonsterMashAlbum.7.8,MonsterMashAlbum_7_8,Mystery Solved,7,3,false,true,2,
monster-mash/sample-album,1,SAMPLE-FRANKIE-01,Enter Frankie,1789967568243,MonsterMashAlbum,MonsterMashAlbum,MonsterMashAlbum.7,Sleepless Night,6,MonsterMashAlbum.7.9,MonsterMashAlbum_7_9,Boogey Boo!,8,3,false,false,0,
monster-mash/sample-album,1,SAMPLE-FRANKIE-01,Enter Frankie,1789967568243,MonsterMashAlbum,MonsterMashAlbum,MonsterMashAlbum.8,Ms. Frankenstein,7,MonsterMashAlbum.8.1,MonsterMashAlbum_8_1,Enter Undead Diva,0,2,false,false,0,
monster-mash/sample-album,1,SAMPLE-FRANKIE-01,Enter Frankie,1789967568243,MonsterMashAlbum,MonsterMashAlbum,MonsterMashAlbum.8,Ms. Frankenstein,7,MonsterMashAlbum.8.2,MonsterMashAlbum_8_2,Study Buddy,1,2,false,false,0,
monster-mash/sample-album,1,SAMPLE-FRANKIE-01,Enter Frankie,1789967568243,MonsterMashAlbum,MonsterMashAlbum,MonsterMashAlbum.8,Ms. Frankenstein,7,MonsterMashAlbum.8.3,MonsterMashAlbum_8_3,Inspiration Strikes!,2,2,false,true,1,
monster-mash/sample-album,1,SAMPLE-FRANKIE-01,Enter Frankie,1789967568243,MonsterMashAlbum,MonsterMashAlbum,MonsterMashAlbum.8,Ms. Frankenstein,7,MonsterMashAlbum.8.4,MonsterMashAlbum_8_4,Made for This,3,2,false,true,1,
monster-mash/sample-album,1,SAMPLE-FRANKIE-01,Enter Frankie,1789967568243,MonsterMashAlbum,MonsterMashAlbum,MonsterMashAlbum.8,Ms. Frankenstein,7,MonsterMashAlbum.8.5,MonsterMashAlbum_8_5,Thunderhead,4,2,false,false,0,
monster-mash/sample-album,1,SAMPLE-FRANKIE-01,Enter Frankie,1789967568243,MonsterMashAlbum,MonsterMashAlbum,MonsterMashAlbum.8,Ms. Frankenstein,7,MonsterMashAlbum.8.6,MonsterMashAlbum_8_6,Stormy Skies,5,2,false,false,0,
monster-mash/sample-album,1,SAMPLE-FRANKIE-01,Enter Frankie,1789967568243,MonsterMashAlbum,MonsterMashAlbum,MonsterMashAlbum.8,Ms. Frankenstein,7,MonsterMashAlbum.8.7,MonsterMashAlbum_8_7,At First Sight,6,3,false,false,0,
monster-mash/sample-album,1,SAMPLE-FRANKIE-01,Enter Frankie,1789967568243,MonsterMashAlbum,MonsterMashAlbum,MonsterMashAlbum.8,Ms. Frankenstein,7,MonsterMashAlbum.8.8,MonsterMashAlbum_8_8,Strike a Pose,7,3,false,false,0,
monster-mash/sample-album,1,SAMPLE-FRANKIE-01,Enter Frankie,1789967568243,MonsterMashAlbum,MonsterMashAlbum,MonsterMashAlbum.8,Ms. Frankenstein,7,MonsterMashAlbum.8.9,MonsterMashAlbum_8_9,I Do!,8,3,false,true,1,
monster-mash/sample-album,1,SAMPLE-FRANKIE-01,Enter Frankie,1789967568243,MonsterMashAlbum,MonsterMashAlbum,MonsterMashAlbum.9,Halloween Games,8,MonsterMashAlbum.9.1,MonsterMashAlbum_9_1,Game On!,0,2,false,true,1,
monster-mash/sample-album,1,SAMPLE-FRANKIE-01,Enter Frankie,1789967568243,MonsterMashAlbum,MonsterMashAlbum,MonsterMashAlbum.9,Halloween Games,8,MonsterMashAlbum.9.2,MonsterMashAlbum_9_2,Takedown,1,2,false,true,5,
monster-mash/sample-album,1,SAMPLE-FRANKIE-01,Enter Frankie,1789967568243,MonsterMashAlbum,MonsterMashAlbum,MonsterMashAlbum.9,Halloween Games,8,MonsterMashAlbum.9.3,MonsterMashAlbum_9_3,Nice Bob!,2,2,false,false,0,
monster-mash/sample-album,1,SAMPLE-FRANKIE-01,Enter Frankie,1789967568243,MonsterMashAlbum,MonsterMashAlbum,MonsterMashAlbum.9,Halloween Games,8,MonsterMashAlbum.9.4,MonsterMashAlbum_9_4,Stuck in Limbo,3,2,false,false,0,
monster-mash/sample-album,1,SAMPLE-FRANKIE-01,Enter Frankie,1789967568243,MonsterMashAlbum,MonsterMashAlbum,MonsterMashAlbum.9,Halloween Games,8,MonsterMashAlbum.9.5,MonsterMashAlbum_9_5,Feet of Strength,4,3,false,false,0,
monster-mash/sample-album,1,SAMPLE-FRANKIE-01,Enter Frankie,1789967568243,MonsterMashAlbum,MonsterMashAlbum,MonsterMashAlbum.9,Halloween Games,8,MonsterMashAlbum.9.6,MonsterMashAlbum_9_6,Sugar Rush,5,3,false,false,0,
monster-mash/sample-album,1,SAMPLE-FRANKIE-01,Enter Frankie,1789967568243,MonsterMashAlbum,MonsterMashAlbum,MonsterMashAlbum.9,Halloween Games,8,MonsterMashAlbum.9.7,MonsterMashAlbum_9_7,Deadly Aim,6,3,false,true,1,
monster-mash/sample-album,1,SAMPLE-FRANKIE-01,Enter Frankie,1789967568243,MonsterMashAlbum,MonsterMashAlbum,MonsterMashAlbum.9,Halloween Games,8,MonsterMashAlbum.9.8,MonsterMashAlbum_9_8,The Ringer,7,3,false,false,0,
monster-mash/sample-album,1,SAMPLE-FRANKIE-01,Enter Frankie,1789967568243,MonsterMashAlbum,MonsterMashAlbum,MonsterMashAlbum.9,Halloween Games,8,MonsterMashAlbum.9.9,MonsterMashAlbum_9_9,Snack Attack,8,3,false,false,0,
monster-mash/sample-album,1,SAMPLE-FRANKIE-01,Enter Frankie,1789967568243,MonsterMashAlbum,MonsterMashAlbum,MonsterMashAlbum.10,The Mummy,9,MonsterMashAlbum.10.1,MonsterMashAlbum_10_1,Enter Rags,0,2,false,false,0,
monster-mash/sample-album,1,SAMPLE-FRANKIE-01,Enter Frankie,1789967568243,MonsterMashAlbum,MonsterMashAlbum,MonsterMashAlbum.10,The Mummy,9,MonsterMashAlbum.10.2,MonsterMashAlbum_10_2,Bugging Out,1,2,false,true,1,
monster-mash/sample-album,1,SAMPLE-FRANKIE-01,Enter Frankie,1789967568243,MonsterMashAlbum,MonsterMashAlbum,MonsterMashAlbum.10,The Mummy,9,MonsterMashAlbum.10.3,MonsterMashAlbum_10_3,Curses!,2,3,false,false,0,
monster-mash/sample-album,1,SAMPLE-FRANKIE-01,Enter Frankie,1789967568243,MonsterMashAlbum,MonsterMashAlbum,MonsterMashAlbum.10,The Mummy,9,MonsterMashAlbum.10.4,MonsterMashAlbum_10_4,Pyramid Scheme,3,3,false,false,0,
monster-mash/sample-album,1,SAMPLE-FRANKIE-01,Enter Frankie,1789967568243,MonsterMashAlbum,MonsterMashAlbum,MonsterMashAlbum.10,The Mummy,9,MonsterMashAlbum.10.5,MonsterMashAlbum_10_5,That's a Wrap!,4,3,false,false,0,
monster-mash/sample-album,1,SAMPLE-FRANKIE-01,Enter Frankie,1789967568243,MonsterMashAlbum,MonsterMashAlbum,MonsterMashAlbum.10,The Mummy,9,MonsterMashAlbum.10.6,MonsterMashAlbum_10_6,Cryptic,5,3,false,true,1,
monster-mash/sample-album,1,SAMPLE-FRANKIE-01,Enter Frankie,1789967568243,MonsterMashAlbum,MonsterMashAlbum,MonsterMashAlbum.10,The Mummy,9,MonsterMashAlbum.10.7,MonsterMashAlbum_10_7,Preserves,6,3,false,false,0,
monster-mash/sample-album,1,SAMPLE-FRANKIE-01,Enter Frankie,1789967568243,MonsterMashAlbum,MonsterMashAlbum,MonsterMashAlbum.10,The Mummy,9,MonsterMashAlbum.10.8,MonsterMashAlbum_10_8,Tomb Boy,7,3,false,false,0,
monster-mash/sample-album,1,SAMPLE-FRANKIE-01,Enter Frankie,1789967568243,MonsterMashAlbum,MonsterMashAlbum,MonsterMashAlbum.10,The Mummy,9,MonsterMashAlbum.10.9,MonsterMashAlbum_10_9,Walk This Way,8,3,false,false,0,
monster-mash/sample-album,1,SAMPLE-FRANKIE-01,Enter Frankie,1789967568243,MonsterMashAlbum,MonsterMashAlbum,MonsterMashAlbum.11,The Swamp Monster,10,MonsterMashAlbum.11.1,MonsterMashAlbum_11_1,Enter Swampie,0,2,false,false,0,
monster-mash/sample-album,1,SAMPLE-FRANKIE-01,Enter Frankie,1789967568243,MonsterMashAlbum,MonsterMashAlbum,MonsterMashAlbum.11,The Swamp Monster,10,MonsterMashAlbum.11.2,MonsterMashAlbum_11_2,Ugly Muckling,1,3,false,false,0,
monster-mash/sample-album,1,SAMPLE-FRANKIE-01,Enter Frankie,1789967568243,MonsterMashAlbum,MonsterMashAlbum,MonsterMashAlbum.11,The Swamp Monster,10,MonsterMashAlbum.11.3,MonsterMashAlbum_11_3,Swamp Hang,2,3,false,true,2,
monster-mash/sample-album,1,SAMPLE-FRANKIE-01,Enter Frankie,1789967568243,MonsterMashAlbum,MonsterMashAlbum,MonsterMashAlbum.11,The Swamp Monster,10,MonsterMashAlbum.11.4,MonsterMashAlbum_11_4,Marsh Mellow,3,3,false,false,0,
monster-mash/sample-album,1,SAMPLE-FRANKIE-01,Enter Frankie,1789967568243,MonsterMashAlbum,MonsterMashAlbum,MonsterMashAlbum.11,The Swamp Monster,10,MonsterMashAlbum.11.5,MonsterMashAlbum_11_5,Top Underling,4,3,false,false,0,
monster-mash/sample-album,1,SAMPLE-FRANKIE-01,Enter Frankie,1789967568243,MonsterMashAlbum,MonsterMashAlbum,MonsterMashAlbum.11,The Swamp Monster,10,MonsterMashAlbum.11.6,MonsterMashAlbum_11_6,Swamped,5,3,false,true,1,
monster-mash/sample-album,1,SAMPLE-FRANKIE-01,Enter Frankie,1789967568243,MonsterMashAlbum,MonsterMashAlbum,MonsterMashAlbum.11,The Swamp Monster,10,MonsterMashAlbum.11.7,MonsterMashAlbum_11_7,Exit Strategy,6,3,false,false,0,
monster-mash/sample-album,1,SAMPLE-FRANKIE-01,Enter Frankie,1789967568243,MonsterMashAlbum,MonsterMashAlbum,MonsterMashAlbum.11,The Swamp Monster,10,MonsterMashAlbum.11.8,MonsterMashAlbum_11_8,Swampie,7,3,false,true,1,
monster-mash/sample-album,1,SAMPLE-FRANKIE-01,Enter Frankie,1789967568243,MonsterMashAlbum,MonsterMashAlbum,MonsterMashAlbum.11,The Swamp Monster,10,MonsterMashAlbum.11.9,MonsterMashAlbum_11_9,Boggy Nights,8,4,false,false,0,
monster-mash/sample-album,1,SAMPLE-FRANKIE-01,Enter Frankie,1789967568243,MonsterMashAlbum,MonsterMashAlbum,MonsterMashAlbum.12,Evil Deeds,11,MonsterMashAlbum.12.1,MonsterMashAlbum_12_1,Witchy Wood,0,3,false,false,0,
monster-mash/sample-album,1,SAMPLE-FRANKIE-01,Enter Frankie,1789967568243,MonsterMashAlbum,MonsterMashAlbum,MonsterMashAlbum.12,Evil Deeds,11,MonsterMashAlbum.12.2,MonsterMashAlbum_12_2,Unamusement Park,1,3,false,true,1,
monster-mash/sample-album,1,SAMPLE-FRANKIE-01,Enter Frankie,1789967568243,MonsterMashAlbum,MonsterMashAlbum,MonsterMashAlbum.12,Evil Deeds,11,MonsterMashAlbum.12.3,MonsterMashAlbum_12_3,Soggy Bayou,2,3,false,true,1,
monster-mash/sample-album,1,SAMPLE-FRANKIE-01,Enter Frankie,1789967568243,MonsterMashAlbum,MonsterMashAlbum,MonsterMashAlbum.12,Evil Deeds,11,MonsterMashAlbum.12.4,MonsterMashAlbum_12_4,Shrieking Shores,3,3,false,false,0,
monster-mash/sample-album,1,SAMPLE-FRANKIE-01,Enter Frankie,1789967568243,MonsterMashAlbum,MonsterMashAlbum,MonsterMashAlbum.12,Evil Deeds,11,MonsterMashAlbum.12.5,MonsterMashAlbum_12_5,550 Central Park West,4,3,false,false,0,
monster-mash/sample-album,1,SAMPLE-FRANKIE-01,Enter Frankie,1789967568243,MonsterMashAlbum,MonsterMashAlbum,MonsterMashAlbum.12,Evil Deeds,11,MonsterMashAlbum.12.6,MonsterMashAlbum_12_6,MGO Mausoleum,5,3,false,true,3,
monster-mash/sample-album,1,SAMPLE-FRANKIE-01,Enter Frankie,1789967568243,MonsterMashAlbum,MonsterMashAlbum,MonsterMashAlbum.12,Evil Deeds,11,MonsterMashAlbum.12.7,MonsterMashAlbum_12_7,The Demon World,6,3,false,false,0,
monster-mash/sample-album,1,SAMPLE-FRANKIE-01,Enter Frankie,1789967568243,MonsterMashAlbum,MonsterMashAlbum,MonsterMashAlbum.12,Evil Deeds,11,MonsterMashAlbum.12.8,MonsterMashAlbum_12_8,Cabin in the Woods,7,4,false,false,0,
monster-mash/sample-album,1,SAMPLE-FRANKIE-01,Enter Frankie,1789967568243,MonsterMashAlbum,MonsterMashAlbum,MonsterMashAlbum.12,Evil Deeds,11,MonsterMashAlbum.12.9,MonsterMashAlbum_12_9,Dracula's Castle,8,4,false,false,0,
monster-mash/sample-album,1,SAMPLE-FRANKIE-01,Enter Frankie,1789967568243,MonsterMashAlbum,MonsterMashAlbum,MonsterMashAlbum.13,The Zombie,12,MonsterMashAlbum.13.1,MonsterMashAlbum_13_1,Enter Shambles,0,3,false,false,0,
monster-mash/sample-album,1,SAMPLE-FRANKIE-01,Enter Frankie,1789967568243,MonsterMashAlbum,MonsterMashAlbum,MonsterMashAlbum.13,The Zombie,12,MonsterMashAlbum.13.2,MonsterMashAlbum_13_2,Early Riser,1,3,false,false,0,
monster-mash/sample-album,1,SAMPLE-FRANKIE-01,Enter Frankie,1789967568243,MonsterMashAlbum,MonsterMashAlbum,MonsterMashAlbum.13,The Zombie,12,MonsterMashAlbum.13.3,MonsterMashAlbum_13_3,Brain Rot,2,3,false,false,0,
monster-mash/sample-album,1,SAMPLE-FRANKIE-01,Enter Frankie,1789967568243,MonsterMashAlbum,MonsterMashAlbum,MonsterMashAlbum.13,The Zombie,12,MonsterMashAlbum.13.4,MonsterMashAlbum_13_4,Brain Food,3,3,false,true,2,
monster-mash/sample-album,1,SAMPLE-FRANKIE-01,Enter Frankie,1789967568243,MonsterMashAlbum,MonsterMashAlbum,MonsterMashAlbum.13,The Zombie,12,MonsterMashAlbum.13.5,MonsterMashAlbum_13_5,A Beautiful Mind,4,3,false,true,2,
monster-mash/sample-album,1,SAMPLE-FRANKIE-01,Enter Frankie,1789967568243,MonsterMashAlbum,MonsterMashAlbum,MonsterMashAlbum.13,The Zombie,12,MonsterMashAlbum.13.6,MonsterMashAlbum_13_6,Brainiac,5,3,false,false,0,
monster-mash/sample-album,1,SAMPLE-FRANKIE-01,Enter Frankie,1789967568243,MonsterMashAlbum,MonsterMashAlbum,MonsterMashAlbum.13,The Zombie,12,MonsterMashAlbum.13.7,MonsterMashAlbum_13_7,One Man's Trash,6,4,false,false,0,
monster-mash/sample-album,1,SAMPLE-FRANKIE-01,Enter Frankie,1789967568243,MonsterMashAlbum,MonsterMashAlbum,MonsterMashAlbum.13,The Zombie,12,MonsterMashAlbum.13.8,MonsterMashAlbum_13_8,Fresh to Death,7,4,false,false,0,
monster-mash/sample-album,1,SAMPLE-FRANKIE-01,Enter Frankie,1789967568243,MonsterMashAlbum,MonsterMashAlbum,MonsterMashAlbum.13,The Zombie,12,MonsterMashAlbum.13.9,MonsterMashAlbum_13_9,Bashful Monster,8,4,true,false,0,
monster-mash/sample-album,1,SAMPLE-FRANKIE-01,Enter Frankie,1789967568243,MonsterMashAlbum,MonsterMashAlbum,MonsterMashAlbum.14,The Ghost,13,MonsterMashAlbum.14.1,MonsterMashAlbum_14_1,Enter Godfrey,0,3,false,false,0,
monster-mash/sample-album,1,SAMPLE-FRANKIE-01,Enter Frankie,1789967568243,MonsterMashAlbum,MonsterMashAlbum,MonsterMashAlbum.14,The Ghost,13,MonsterMashAlbum.14.2,MonsterMashAlbum_14_2,King of Swing,1,3,false,false,0,
monster-mash/sample-album,1,SAMPLE-FRANKIE-01,Enter Frankie,1789967568243,MonsterMashAlbum,MonsterMashAlbum,MonsterMashAlbum.14,The Ghost,13,MonsterMashAlbum.14.3,MonsterMashAlbum_14_3,Sing Along,2,3,false,false,0,
monster-mash/sample-album,1,SAMPLE-FRANKIE-01,Enter Frankie,1789967568243,MonsterMashAlbum,MonsterMashAlbum,MonsterMashAlbum.14,The Ghost,13,MonsterMashAlbum.14.4,MonsterMashAlbum_14_4,Creepy Cameo,3,3,false,false,0,
monster-mash/sample-album,1,SAMPLE-FRANKIE-01,Enter Frankie,1789967568243,MonsterMashAlbum,MonsterMashAlbum,MonsterMashAlbum.14,The Ghost,13,MonsterMashAlbum.14.5,MonsterMashAlbum_14_5,Fridge Raider,4,3,false,true,2,
monster-mash/sample-album,1,SAMPLE-FRANKIE-01,Enter Frankie,1789967568243,MonsterMashAlbum,MonsterMashAlbum,MonsterMashAlbum.14,The Ghost,13,MonsterMashAlbum.14.6,MonsterMashAlbum_14_6,Chilling,5,4,false,true,1,
monster-mash/sample-album,1,SAMPLE-FRANKIE-01,Enter Frankie,1789967568243,MonsterMashAlbum,MonsterMashAlbum,MonsterMashAlbum.14,The Ghost,13,MonsterMashAlbum.14.7,MonsterMashAlbum_14_7,Clear Reading,6,4,false,false,0,
monster-mash/sample-album,1,SAMPLE-FRANKIE-01,Enter Frankie,1789967568243,MonsterMashAlbum,MonsterMashAlbum,MonsterMashAlbum.14,The Ghost,13,MonsterMashAlbum.14.8,MonsterMashAlbum_14_8,Fudged,7,4,true,false,0,
monster-mash/sample-album,1,SAMPLE-FRANKIE-01,Enter Frankie,1789967568243,MonsterMashAlbum,MonsterMashAlbum,MonsterMashAlbum.14,The Ghost,13,MonsterMashAlbum.14.9,MonsterMashAlbum_14_9,Thrown Off,8,5,false,false,0,
monster-mash/sample-album,1,SAMPLE-FRANKIE-01,Enter Frankie,1789967568243,MonsterMashAlbum,MonsterMashAlbum,MonsterMashAlbum.15,The Witch,14,MonsterMashAlbum.15.1,MonsterMashAlbum_15_1,Enter Hexie,0,3,false,false,0,
monster-mash/sample-album,1,SAMPLE-FRANKIE-01,Enter Frankie,1789967568243,MonsterMashAlbum,MonsterMashAlbum,MonsterMashAlbum.15,The Witch,14,MonsterMashAlbum.15.2,MonsterMashAlbum_15_2,Familiar Face,1,3,false,false,0,
monster-mash/sample-album,1,SAMPLE-FRANKIE-01,Enter Frankie,1789967568243,MonsterMashAlbum,MonsterMashAlbum,MonsterMashAlbum.15,The Witch,14,MonsterMashAlbum.15.3,MonsterMashAlbum_15_3,Miss Spelled,2,3,false,false,0,
monster-mash/sample-album,1,SAMPLE-FRANKIE-01,Enter Frankie,1789967568243,MonsterMashAlbum,MonsterMashAlbum,MonsterMashAlbum.15,The Witch,14,MonsterMashAlbum.15.4,MonsterMashAlbum_15_4,At Your Service,3,4,false,false,0,
monster-mash/sample-album,1,SAMPLE-FRANKIE-01,Enter Frankie,1789967568243,MonsterMashAlbum,MonsterMashAlbum,MonsterMashAlbum.15,The Witch,14,MonsterMashAlbum.15.5,MonsterMashAlbum_15_5,Monstrous Mix-Ins,4,4,false,false,0,
monster-mash/sample-album,1,SAMPLE-FRANKIE-01,Enter Frankie,1789967568243,MonsterMashAlbum,MonsterMashAlbum,MonsterMashAlbum.15,The Witch,14,MonsterMashAlbum.15.6,MonsterMashAlbum_15_6,Hat Trick,5,4,false,false,0,
monster-mash/sample-album,1,SAMPLE-FRANKIE-01,Enter Frankie,1789967568243,MonsterMashAlbum,MonsterMashAlbum,MonsterMashAlbum.15,The Witch,14,MonsterMashAlbum.15.7,MonsterMashAlbum_15_7,Buckle Up,6,4,true,false,0,
monster-mash/sample-album,1,SAMPLE-FRANKIE-01,Enter Frankie,1789967568243,MonsterMashAlbum,MonsterMashAlbum,MonsterMashAlbum.15,The Witch,14,MonsterMashAlbum.15.8,MonsterMashAlbum_15_8,Witching Hour,7,5,false,false,0,
monster-mash/sample-album,1,SAMPLE-FRANKIE-01,Enter Frankie,1789967568243,MonsterMashAlbum,MonsterMashAlbum,MonsterMashAlbum.15,The Witch,14,MonsterMashAlbum.15.9,MonsterMashAlbum_15_9,Stir Crazy,8,5,false,false,0,
monster-mash/sample-album,1,SAMPLE-FRANKIE-01,Enter Frankie,1789967568243,MonsterMashAlbum,MonsterMashAlbum,MonsterMashAlbum.16,Ghastly Garage,15,MonsterMashAlbum.16.1,MonsterMashAlbum_16_1,The Lock-Up,0,3,false,true,1,
monster-mash/sample-album,1,SAMPLE-FRANKIE-01,Enter Frankie,1789967568243,MonsterMashAlbum,MonsterMashAlbum,MonsterMashAlbum.16,Ghastly Garage,15,MonsterMashAlbum.16.2,MonsterMashAlbum_16_2,Stay Golden,1,3,false,false,0,
monster-mash/sample-album,1,SAMPLE-FRANKIE-01,Enter Frankie,1789967568243,MonsterMashAlbum,MonsterMashAlbum,MonsterMashAlbum.16,Ghastly Garage,15,MonsterMashAlbum.16.3,MonsterMashAlbum_16_3,Wolfie Wagon,2,4,false,false,0,
monster-mash/sample-album,1,SAMPLE-FRANKIE-01,Enter Frankie,1789967568243,MonsterMashAlbum,MonsterMashAlbum,MonsterMashAlbum.16,Ghastly Garage,15,MonsterMashAlbum.16.4,MonsterMashAlbum_16_4,Rags' Roadster,3,4,false,false,0,
monster-mash/sample-album,1,SAMPLE-FRANKIE-01,Enter Frankie,1789967568243,MonsterMashAlbum,MonsterMashAlbum,MonsterMashAlbum.16,Ghastly Garage,15,MonsterMashAlbum.16.5,MonsterMashAlbum_16_5,Long-Term Parking,4,4,false,false,0,
monster-mash/sample-album,1,SAMPLE-FRANKIE-01,Enter Frankie,1789967568243,MonsterMashAlbum,MonsterMashAlbum,MonsterMashAlbum.16,Ghastly Garage,15,MonsterMashAlbum.16.6,MonsterMashAlbum_16_6,Franken-Coach,5,4,false,false,0,
monster-mash/sample-album,1,SAMPLE-FRANKIE-01,Enter Frankie,1789967568243,MonsterMashAlbum,MonsterMashAlbum,MonsterMashAlbum.16,Ghastly Garage,15,MonsterMashAlbum.16.7,MonsterMashAlbum_16_7,High Beams,6,4,true,false,0,
monster-mash/sample-album,1,SAMPLE-FRANKIE-01,Enter Frankie,1789967568243,MonsterMashAlbum,MonsterMashAlbum,MonsterMashAlbum.16,Ghastly Garage,15,MonsterMashAlbum.16.8,MonsterMashAlbum_16_8,Drac's Dragster,7,5,false,false,0,
monster-mash/sample-album,1,SAMPLE-FRANKIE-01,Enter Frankie,1789967568243,MonsterMashAlbum,MonsterMashAlbum,MonsterMashAlbum.16,Ghastly Garage,15,MonsterMashAlbum.16.9,MonsterMashAlbum_16_9,Ecto-1,8,5,true,false,0,
monster-mash/sample-album,1,SAMPLE-FRANKIE-01,Enter Frankie,1789967568243,MonsterMashAlbum,MonsterMashAlbum,MonsterMashAlbum.17,Boogie Bash,16,MonsterMashAlbum.17.1,MonsterMashAlbum_17_1,DJ Spinner,0,4,false,true,1,
monster-mash/sample-album,1,SAMPLE-FRANKIE-01,Enter Frankie,1789967568243,MonsterMashAlbum,MonsterMashAlbum,MonsterMashAlbum.17,Boogie Bash,16,MonsterMashAlbum.17.2,MonsterMashAlbum_17_2,Dance Idols,1,4,false,false,0,
monster-mash/sample-album,1,SAMPLE-FRANKIE-01,Enter Frankie,1789967568243,MonsterMashAlbum,MonsterMashAlbum,MonsterMashAlbum.17,Boogie Bash,16,MonsterMashAlbum.17.3,MonsterMashAlbum_17_3,Do The Worm,2,4,false,false,0,
monster-mash/sample-album,1,SAMPLE-FRANKIE-01,Enter Frankie,1789967568243,MonsterMashAlbum,MonsterMashAlbum,MonsterMashAlbum.17,Boogie Bash,16,MonsterMashAlbum.17.4,MonsterMashAlbum_17_4,Shredding,3,4,false,false,0,
monster-mash/sample-album,1,SAMPLE-FRANKIE-01,Enter Frankie,1789967568243,MonsterMashAlbum,MonsterMashAlbum,MonsterMashAlbum.17,Boogie Bash,16,MonsterMashAlbum.17.5,MonsterMashAlbum_17_5,Electric BOO-galoo,4,4,true,false,0,
monster-mash/sample-album,1,SAMPLE-FRANKIE-01,Enter Frankie,1789967568243,MonsterMashAlbum,MonsterMashAlbum,MonsterMashAlbum.17,Boogie Bash,16,MonsterMashAlbum.17.6,MonsterMashAlbum_17_6,Wall Flowers,5,4,true,false,0,
monster-mash/sample-album,1,SAMPLE-FRANKIE-01,Enter Frankie,1789967568243,MonsterMashAlbum,MonsterMashAlbum,MonsterMashAlbum.17,Boogie Bash,16,MonsterMashAlbum.17.7,MonsterMashAlbum_17_7,Punchline,6,5,false,false,0,
monster-mash/sample-album,1,SAMPLE-FRANKIE-01,Enter Frankie,1789967568243,MonsterMashAlbum,MonsterMashAlbum,MonsterMashAlbum.17,Boogie Bash,16,MonsterMashAlbum.17.8,MonsterMashAlbum_17_8,To Be Free,7,5,true,false,0,
monster-mash/sample-album,1,SAMPLE-FRANKIE-01,Enter Frankie,1789967568243,MonsterMashAlbum,MonsterMashAlbum,MonsterMashAlbum.17,Boogie Bash,16,MonsterMashAlbum.17.9,MonsterMashAlbum_17_9,Monster Mosh,8,6,false,false,0,
monster-mash/sample-album,1,SAMPLE-FRANKIE-01,Enter Frankie,1789967568243,MonsterMashAlbum,MonsterMashAlbum,MonsterMashAlbum.18,The Attic,17,MonsterMashAlbum.18.1,MonsterMashAlbum_18_1,Up the Hatch,0,4,false,false,0,
monster-mash/sample-album,1,SAMPLE-FRANKIE-01,Enter Frankie,1789967568243,MonsterMashAlbum,MonsterMashAlbum,MonsterMashAlbum.18,The Attic,17,MonsterMashAlbum.18.2,MonsterMashAlbum_18_2,Derpy Statue,1,4,false,false,0,
monster-mash/sample-album,1,SAMPLE-FRANKIE-01,Enter Frankie,1789967568243,MonsterMashAlbum,MonsterMashAlbum,MonsterMashAlbum.18,The Attic,17,MonsterMashAlbum.18.3,MonsterMashAlbum_18_3,Ghostly Glow,2,4,false,false,0,
monster-mash/sample-album,1,SAMPLE-FRANKIE-01,Enter Frankie,1789967568243,MonsterMashAlbum,MonsterMashAlbum,MonsterMashAlbum.18,The Attic,17,MonsterMashAlbum.18.4,MonsterMashAlbum_18_4,Be a Doll,3,4,true,false,0,
monster-mash/sample-album,1,SAMPLE-FRANKIE-01,Enter Frankie,1789967568243,MonsterMashAlbum,MonsterMashAlbum,MonsterMashAlbum.18,The Attic,17,MonsterMashAlbum.18.5,MonsterMashAlbum_18_5,Mr. Mannequin,4,4,true,false,0,
monster-mash/sample-album,1,SAMPLE-FRANKIE-01,Enter Frankie,1789967568243,MonsterMashAlbum,MonsterMashAlbum,MonsterMashAlbum.18,The Attic,17,MonsterMashAlbum.18.6,MonsterMashAlbum_18_6,Miss Mary,5,5,false,false,0,
monster-mash/sample-album,1,SAMPLE-FRANKIE-01,Enter Frankie,1789967568243,MonsterMashAlbum,MonsterMashAlbum,MonsterMashAlbum.18,The Attic,17,MonsterMashAlbum.18.7,MonsterMashAlbum_18_7,Hats Off to Ya,6,5,false,false,0,
monster-mash/sample-album,1,SAMPLE-FRANKIE-01,Enter Frankie,1789967568243,MonsterMashAlbum,MonsterMashAlbum,MonsterMashAlbum.18,The Attic,17,MonsterMashAlbum.18.8,MonsterMashAlbum_18_8,The Watcher,7,5,true,false,0,
monster-mash/sample-album,1,SAMPLE-FRANKIE-01,Enter Frankie,1789967568243,MonsterMashAlbum,MonsterMashAlbum,MonsterMashAlbum.18,The Attic,17,MonsterMashAlbum.18.9,MonsterMashAlbum_18_9,Tea Time,8,6,false,false,0,
monster-mash/sample-album,1,SAMPLE-FRANKIE-01,Enter Frankie,1789967568243,MonsterMashAlbum,MonsterMashAlbum,MonsterMashAlbum.19,Trick Or Treat,18,MonsterMashAlbum.19.1,MonsterMashAlbum_19_1,Hit the Streets,0,4,false,false,0,
monster-mash/sample-album,1,SAMPLE-FRANKIE-01,Enter Frankie,1789967568243,MonsterMashAlbum,MonsterMashAlbum,MonsterMashAlbum.19,Trick Or Treat,18,MonsterMashAlbum.19.2,MonsterMashAlbum_19_2,Sweet!,1,4,false,false,0,
monster-mash/sample-album,1,SAMPLE-FRANKIE-01,Enter Frankie,1789967568243,MonsterMashAlbum,MonsterMashAlbum,MonsterMashAlbum.19,Trick Or Treat,18,MonsterMashAlbum.19.3,MonsterMashAlbum_19_3,Chief Suspect,2,4,true,false,0,
monster-mash/sample-album,1,SAMPLE-FRANKIE-01,Enter Frankie,1789967568243,MonsterMashAlbum,MonsterMashAlbum,MonsterMashAlbum.19,Trick Or Treat,18,MonsterMashAlbum.19.4,MonsterMashAlbum_19_4,Seen a Ghost?,3,4,true,false,0,
monster-mash/sample-album,1,SAMPLE-FRANKIE-01,Enter Frankie,1789967568243,MonsterMashAlbum,MonsterMashAlbum,MonsterMashAlbum.19,Trick Or Treat,18,MonsterMashAlbum.19.5,MonsterMashAlbum_19_5,Snack Run,4,5,false,true,2,
monster-mash/sample-album,1,SAMPLE-FRANKIE-01,Enter Frankie,1789967568243,MonsterMashAlbum,MonsterMashAlbum,MonsterMashAlbum.19,Trick Or Treat,18,MonsterMashAlbum.19.6,MonsterMashAlbum_19_6,Adorned,5,5,false,false,0,
monster-mash/sample-album,1,SAMPLE-FRANKIE-01,Enter Frankie,1789967568243,MonsterMashAlbum,MonsterMashAlbum,MonsterMashAlbum.19,Trick Or Treat,18,MonsterMashAlbum.19.7,MonsterMashAlbum_19_7,Triple Treat,6,5,true,false,0,
monster-mash/sample-album,1,SAMPLE-FRANKIE-01,Enter Frankie,1789967568243,MonsterMashAlbum,MonsterMashAlbum,MonsterMashAlbum.19,Trick Or Treat,18,MonsterMashAlbum.19.8,MonsterMashAlbum_19_8,Fit Check,7,5,true,false,0,
monster-mash/sample-album,1,SAMPLE-FRANKIE-01,Enter Frankie,1789967568243,MonsterMashAlbum,MonsterMashAlbum,MonsterMashAlbum.19,Trick Or Treat,18,MonsterMashAlbum.19.9,MonsterMashAlbum_19_9,All Haul-O's Eve,8,6,false,false,0,
monster-mash/sample-album,1,SAMPLE-FRANKIE-01,Enter Frankie,1789967568243,MonsterMashAlbum,MonsterMashAlbum,MonsterMashAlbum.20,Frankie Fun,19,MonsterMashAlbum.20.1,MonsterMashAlbum_20_1,Enter Frankie,0,4,false,false,0,
monster-mash/sample-album,1,SAMPLE-FRANKIE-01,Enter Frankie,1789967568243,MonsterMashAlbum,MonsterMashAlbum,MonsterMashAlbum.20,Frankie Fun,19,MonsterMashAlbum.20.2,MonsterMashAlbum_20_2,Compact,1,4,true,false,0,
monster-mash/sample-album,1,SAMPLE-FRANKIE-01,Enter Frankie,1789967568243,MonsterMashAlbum,MonsterMashAlbum,MonsterMashAlbum.20,Frankie Fun,19,MonsterMashAlbum.20.3,MonsterMashAlbum_20_3,Body Builder,2,4,true,false,0,
monster-mash/sample-album,1,SAMPLE-FRANKIE-01,Enter Frankie,1789967568243,MonsterMashAlbum,MonsterMashAlbum,MonsterMashAlbum.20,Frankie Fun,19,MonsterMashAlbum.20.4,MonsterMashAlbum_20_4,Unstoppable,3,5,false,false,0,
monster-mash/sample-album,1,SAMPLE-FRANKIE-01,Enter Frankie,1789967568243,MonsterMashAlbum,MonsterMashAlbum,MonsterMashAlbum.20,Frankie Fun,19,MonsterMashAlbum.20.5,MonsterMashAlbum_20_5,Key To Happiness,4,5,false,false,0,
monster-mash/sample-album,1,SAMPLE-FRANKIE-01,Enter Frankie,1789967568243,MonsterMashAlbum,MonsterMashAlbum,MonsterMashAlbum.20,Frankie Fun,19,MonsterMashAlbum.20.6,MonsterMashAlbum_20_6,Like a Glove,5,5,false,false,0,
monster-mash/sample-album,1,SAMPLE-FRANKIE-01,Enter Frankie,1789967568243,MonsterMashAlbum,MonsterMashAlbum,MonsterMashAlbum.20,Frankie Fun,19,MonsterMashAlbum.20.7,MonsterMashAlbum_20_7,The Groom,6,5,true,false,0,
monster-mash/sample-album,1,SAMPLE-FRANKIE-01,Enter Frankie,1789967568243,MonsterMashAlbum,MonsterMashAlbum,MonsterMashAlbum.20,Frankie Fun,19,MonsterMashAlbum.20.8,MonsterMashAlbum_20_8,Self Made Man,7,5,true,false,0,
monster-mash/sample-album,1,SAMPLE-FRANKIE-01,Enter Frankie,1789967568243,MonsterMashAlbum,MonsterMashAlbum,MonsterMashAlbum.20,Frankie Fun,19,MonsterMashAlbum.20.9,MonsterMashAlbum_20_9,Supportive,8,6,false,false,0,
monster-mash/sample-album,1,SAMPLE-FRANKIE-01,Enter Frankie,1789967568243,MonsterMashAlbum,MonsterMashAlbum,MonsterMashAlbum.21,Who You Gonna Call?,20,MonsterMashAlbum.21.1,MonsterMashAlbum_21_1,Shh!,0,4,false,false,0,
monster-mash/sample-album,1,SAMPLE-FRANKIE-01,Enter Frankie,1789967568243,MonsterMashAlbum,MonsterMashAlbum,MonsterMashAlbum.21,Who You Gonna Call?,20,MonsterMashAlbum.21.2,MonsterMashAlbum_21_2,Off the Charts,1,4,true,false,0,
monster-mash/sample-album,1,SAMPLE-FRANKIE-01,Enter Frankie,1789967568243,MonsterMashAlbum,MonsterMashAlbum,MonsterMashAlbum.21,Who You Gonna Call?,20,MonsterMashAlbum.21.3,MonsterMashAlbum_21_3,The Pole Works!,2,4,true,false,0,
monster-mash/sample-album,1,SAMPLE-FRANKIE-01,Enter Frankie,1789967568243,MonsterMashAlbum,MonsterMashAlbum,MonsterMashAlbum.21,Who You Gonna Call?,20,MonsterMashAlbum.21.4,MonsterMashAlbum_21_4,Goo Crew,3,5,false,true,1,
monster-mash/sample-album,1,SAMPLE-FRANKIE-01,Enter Frankie,1789967568243,MonsterMashAlbum,MonsterMashAlbum,MonsterMashAlbum.21,Who You Gonna Call?,20,MonsterMashAlbum.21.5,MonsterMashAlbum_21_5,We Have the Tools,4,5,false,true,2,4
monster-mash/sample-album,1,SAMPLE-FRANKIE-01,Enter Frankie,1789967568243,MonsterMashAlbum,MonsterMashAlbum,MonsterMashAlbum.21,Who You Gonna Call?,20,MonsterMashAlbum.21.6,MonsterMashAlbum_21_6,Terrace Terror,5,5,true,false,0,
monster-mash/sample-album,1,SAMPLE-FRANKIE-01,Enter Frankie,1789967568243,MonsterMashAlbum,MonsterMashAlbum,MonsterMashAlbum.21,Who You Gonna Call?,20,MonsterMashAlbum.21.7,MonsterMashAlbum_21_7,S'more Heat,6,5,true,false,0,
monster-mash/sample-album,1,SAMPLE-FRANKIE-01,Enter Frankie,1789967568243,MonsterMashAlbum,MonsterMashAlbum,MonsterMashAlbum.21,Who You Gonna Call?,20,MonsterMashAlbum.21.8,MonsterMashAlbum_21_8,I Love This Town!,7,5,true,false,0,
monster-mash/sample-album,1,SAMPLE-FRANKIE-01,Enter Frankie,1789967568243,MonsterMashAlbum,MonsterMashAlbum,MonsterMashAlbum.21,Who You Gonna Call?,20,MonsterMashAlbum.21.9,MonsterMashAlbum_21_9,Big Town Heroes,8,6,false,false,0,
monster-mash/sample-album,1,SAMPLE-FRANKIE-01,Enter Frankie,1789967568243,MonsterMashAlbum,MonsterMashAlbum,MonsterMashAlbum.22,Demons & Hunters,21,MonsterMashAlbum.22.1,MonsterMashAlbum_22_1,How It's Done,0,4,true,false,0,
monster-mash/sample-album,1,SAMPLE-FRANKIE-01,Enter Frankie,1789967568243,MonsterMashAlbum,MonsterMashAlbum,MonsterMashAlbum.22,Demons & Hunters,21,MonsterMashAlbum.22.2,MonsterMashAlbum_22_2,Golden,1,4,true,false,0,
monster-mash/sample-album,1,SAMPLE-FRANKIE-01,Enter Frankie,1789967568243,MonsterMashAlbum,MonsterMashAlbum,MonsterMashAlbum.22,Demons & Hunters,21,MonsterMashAlbum.22.3,MonsterMashAlbum_22_3,Newcomers,2,5,false,false,0,
monster-mash/sample-album,1,SAMPLE-FRANKIE-01,Enter Frankie,1789967568243,MonsterMashAlbum,MonsterMashAlbum,MonsterMashAlbum.22,Demons & Hunters,21,MonsterMashAlbum.22.4,MonsterMashAlbum_22_4,Easy on the Eyes,3,5,false,false,0,
monster-mash/sample-album,1,SAMPLE-FRANKIE-01,Enter Frankie,1789967568243,MonsterMashAlbum,MonsterMashAlbum,MonsterMashAlbum.22,Demons & Hunters,21,MonsterMashAlbum.22.5,MonsterMashAlbum_22_5,Soda Pop,4,5,true,false,0,
monster-mash/sample-album,1,SAMPLE-FRANKIE-01,Enter Frankie,1789967568243,MonsterMashAlbum,MonsterMashAlbum,MonsterMashAlbum.22,Demons & Hunters,21,MonsterMashAlbum.22.6,MonsterMashAlbum_22_6,"Hello, Friend",5,5,true,false,0,
monster-mash/sample-album,1,SAMPLE-FRANKIE-01,Enter Frankie,1789967568243,MonsterMashAlbum,MonsterMashAlbum,MonsterMashAlbum.22,Demons & Hunters,21,MonsterMashAlbum.22.7,MonsterMashAlbum_22_7,Torn,6,5,true,false,0,
monster-mash/sample-album,1,SAMPLE-FRANKIE-01,Enter Frankie,1789967568243,MonsterMashAlbum,MonsterMashAlbum,MonsterMashAlbum.22,Demons & Hunters,21,MonsterMashAlbum.22.8,MonsterMashAlbum_22_8,Voices Strong,7,5,true,false,0,
monster-mash/sample-album,1,SAMPLE-FRANKIE-01,Enter Frankie,1789967568243,MonsterMashAlbum,MonsterMashAlbum,MonsterMashAlbum.22,Demons & Hunters,21,MonsterMashAlbum.22.9,MonsterMashAlbum_22_9,Cough! Cough! Cough!,8,6,false,false,0,
monster-mash/sample-album,1,SAMPLE-DRAC-02,Disco Drac,1789965348243,MonsterMashAlbum,MonsterMashAlbum,MonsterMashAlbum.1,Community Gallery,0,MonsterMashAlbum.1.1,MonsterMashAlbum_1_1,Woodland Whispers,0,1,false,true,2,
monster-mash/sample-album,1,SAMPLE-DRAC-02,Disco Drac,1789965348243,MonsterMashAlbum,MonsterMashAlbum,MonsterMashAlbum.1,Community Gallery,0,MonsterMashAlbum.1.2,MonsterMashAlbum_1_2,Kute Krampus,1,1,false,true,1,
monster-mash/sample-album,1,SAMPLE-DRAC-02,Disco Drac,1789965348243,MonsterMashAlbum,MonsterMashAlbum,MonsterMashAlbum.1,Community Gallery,0,MonsterMashAlbum.1.3,MonsterMashAlbum_1_3,Gentlewulf,2,1,false,true,1,
monster-mash/sample-album,1,SAMPLE-DRAC-02,Disco Drac,1789965348243,MonsterMashAlbum,MonsterMashAlbum,MonsterMashAlbum.1,Community Gallery,0,MonsterMashAlbum.1.4,MonsterMashAlbum_1_4,Patchwork,3,1,false,false,0,
monster-mash/sample-album,1,SAMPLE-DRAC-02,Disco Drac,1789965348243,MonsterMashAlbum,MonsterMashAlbum,MonsterMashAlbum.1,Community Gallery,0,MonsterMashAlbum.1.5,MonsterMashAlbum_1_5,Neck of the Woods,4,1,false,true,1,
monster-mash/sample-album,1,SAMPLE-DRAC-02,Disco Drac,1789965348243,MonsterMashAlbum,MonsterMashAlbum,MonsterMashAlbum.1,Community Gallery,0,MonsterMashAlbum.1.6,MonsterMashAlbum_1_6,Glam-O-Crow,5,1,false,true,2,
monster-mash/sample-album,1,SAMPLE-DRAC-02,Disco Drac,1789965348243,MonsterMashAlbum,MonsterMashAlbum,MonsterMashAlbum.1,Community Gallery,0,MonsterMashAlbum.1.7,MonsterMashAlbum_1_7,Harlequin Queen,6,1,false,true,1,
monster-mash/sample-album,1,SAMPLE-DRAC-02,Disco Drac,1789965348243,MonsterMashAlbum,MonsterMashAlbum,MonsterMashAlbum.1,Community Gallery,0,MonsterMashAlbum.1.8,MonsterMashAlbum_1_8,Screaming Clown,7,1,false,true,1,
monster-mash/sample-album,1,SAMPLE-DRAC-02,Disco Drac,1789965348243,MonsterMashAlbum,MonsterMashAlbum,MonsterMashAlbum.1,Community Gallery,0,MonsterMashAlbum.1.9,MonsterMashAlbum_1_9,Just a Zombie,8,1,false,true,1,
monster-mash/sample-album,1,SAMPLE-DRAC-02,Disco Drac,1789965348243,MonsterMashAlbum,MonsterMashAlbum,MonsterMashAlbum.2,Welcome To The Mansion,1,MonsterMashAlbum.2.1,MonsterMashAlbum_2_1,Mystery Mansion,0,1,false,true,2,
monster-mash/sample-album,1,SAMPLE-DRAC-02,Disco Drac,1789965348243,MonsterMashAlbum,MonsterMashAlbum,MonsterMashAlbum.2,Welcome To The Mansion,1,MonsterMashAlbum.2.2,MonsterMashAlbum_2_2,At The Gates,1,1,false,true,6,
monster-mash/sample-album,1,SAMPLE-DRAC-02,Disco Drac,1789965348243,MonsterMashAlbum,MonsterMashAlbum,MonsterMashAlbum.2,Welcome To The Mansion,1,MonsterMashAlbum.2.3,MonsterMashAlbum_2_3,Master Key,2,1,false,true,1,
monster-mash/sample-album,1,SAMPLE-DRAC-02,Disco Drac,1789965348243,MonsterMashAlbum,MonsterMashAlbum,MonsterMashAlbum.2,Welcome To The Mansion,1,MonsterMashAlbum.2.4,MonsterMashAlbum_2_4,The Other Side,3,1,false,true,2,
monster-mash/sample-album,1,SAMPLE-DRAC-02,Disco Drac,1789965348243,MonsterMashAlbum,MonsterMashAlbum,MonsterMashAlbum.2,Welcome To The Mansion,1,MonsterMashAlbum.2.5,MonsterMashAlbum_2_5,Hall O' Frame,4,1,false,true,1,
monster-mash/sample-album,1,SAMPLE-DRAC-02,Disco Drac,1789965348243,MonsterMashAlbum,MonsterMashAlbum,MonsterMashAlbum.2,Welcome To The Mansion,1,MonsterMashAlbum.2.6,MonsterMashAlbum_2_6,House Call,5,1,false,false,0,
monster-mash/sample-album,1,SAMPLE-DRAC-02,Disco Drac,1789965348243,MonsterMashAlbum,MonsterMashAlbum,MonsterMashAlbum.2,Welcome To The Mansion,1,MonsterMashAlbum.2.7,MonsterMashAlbum_2_7,HUNTR/X,6,1,false,true,1,
monster-mash/sample-album,1,SAMPLE-DRAC-02,Disco Drac,1789965348243,MonsterMashAlbum,MonsterMashAlbum,MonsterMashAlbum.2,Welcome To The Mansion,1,MonsterMashAlbum.2.8,MonsterMashAlbum_2_8,Ghostly Guide,7,1,false,false,0,
monster-mash/sample-album,1,SAMPLE-DRAC-02,Disco Drac,1789965348243,MonsterMashAlbum,MonsterMashAlbum,MonsterMashAlbum.2,Welcome To The Mansion,1,MonsterMashAlbum.2.9,MonsterMashAlbum_2_9,Places Unknown,8,1,false,false,0,
monster-mash/sample-album,1,SAMPLE-DRAC-02,Disco Drac,1789965348243,MonsterMashAlbum,MonsterMashAlbum,MonsterMashAlbum.3,Dracula,2,MonsterMashAlbum.3.1,MonsterMashAlbum_3_1,Enter Dracula,0,1,false,true,1,
monster-mash/sample-album,1,SAMPLE-DRAC-02,Disco Drac,1789965348243,MonsterMashAlbum,MonsterMashAlbum,MonsterMashAlbum.3,Dracula,2,MonsterMashAlbum.3.2,MonsterMashAlbum_3_2,On Reflection,1,1,false,false,0,
monster-mash/sample-album,1,SAMPLE-DRAC-02,Disco Drac,1789965348243,MonsterMashAlbum,MonsterMashAlbum,MonsterMashAlbum.3,Dracula,2,MonsterMashAlbum.3.3,MonsterMashAlbum_3_3,Long in the Tooth,2,1,false,true,2,
monster-mash/sample-album,1,SAMPLE-DRAC-02,Disco Drac,1789965348243,MonsterMashAlbum,MonsterMashAlbum,MonsterMashAlbum.3,Dracula,2,MonsterMashAlbum.3.4,MonsterMashAlbum_3_4,Day in the Sun,3,1,false,true,1,
monster-mash/sample-album,1,SAMPLE-DRAC-02,Disco Drac,1789965348243,MonsterMashAlbum,MonsterMashAlbum,MonsterMashAlbum.3,Dracula,2,MonsterMashAlbum.3.5,MonsterMashAlbum_3_5,Down for the Count,4,1,false,true,1,
monster-mash/sample-album,1,SAMPLE-DRAC-02,Disco Drac,1789965348243,MonsterMashAlbum,MonsterMashAlbum,MonsterMashAlbum.3,Dracula,2,MonsterMashAlbum.3.6,MonsterMashAlbum_3_6,Heart Stopper,5,1,false,true,1,
monster-mash/sample-album,1,SAMPLE-DRAC-02,Disco Drac,1789965348243,MonsterMashAlbum,MonsterMashAlbum,MonsterMashAlbum.3,Dracula,2,MonsterMashAlbum.3.7,MonsterMashAlbum_3_7,Cloak Conundrum,6,2,false,true,1,
monster-mash/sample-album,1,SAMPLE-DRAC-02,Disco Drac,1789965348243,MonsterMashAlbum,MonsterMashAlbum,MonsterMashAlbum.3,Dracula,2,MonsterMashAlbum.3.8,MonsterMashAlbum_3_8,Prince of Darkness,7,2,false,true,2,
monster-mash/sample-album,1,SAMPLE-DRAC-02,Disco Drac,1789965348243,MonsterMashAlbum,MonsterMashAlbum,MonsterMashAlbum.3,Dracula,2,MonsterMashAlbum.3.9,MonsterMashAlbum_3_9,Disco Drac,8,2,false,true,1,
monster-mash/sample-album,1,SAMPLE-DRAC-02,Disco Drac,1789965348243,MonsterMashAlbum,MonsterMashAlbum,MonsterMashAlbum.4,Lurid Labs,3,MonsterMashAlbum.4.1,MonsterMashAlbum_4_1,The Laboratory,0,1,false,true,2,
monster-mash/sample-album,1,SAMPLE-DRAC-02,Disco Drac,1789965348243,MonsterMashAlbum,MonsterMashAlbum,MonsterMashAlbum.4,Lurid Labs,3,MonsterMashAlbum.4.2,MonsterMashAlbum_4_2,Flip the Switch,1,1,false,false,0,
monster-mash/sample-album,1,SAMPLE-DRAC-02,Disco Drac,1789965348243,MonsterMashAlbum,MonsterMashAlbum,MonsterMashAlbum.4,Lurid Labs,3,MonsterMashAlbum.4.3,MonsterMashAlbum_4_3,Pet Project,2,1,false,true,2,
monster-mash/sample-album,1,SAMPLE-DRAC-02,Disco Drac,1789965348243,MonsterMashAlbum,MonsterMashAlbum,MonsterMashAlbum.4,Lurid Labs,3,MonsterMashAlbum.4.4,MonsterMashAlbum_4_4,Jealousy & Pride,3,2,false,true,2,4
monster-mash/sample-album,1,SAMPLE-DRAC-02,Disco Drac,1789965348243,MonsterMashAlbum,MonsterMashAlbum,MonsterMashAlbum.4,Lurid Labs,3,MonsterMashAlbum.4.5,MonsterMashAlbum_4_5,Mad for Science,4,2,false,true,1,
monster-mash/sample-album,1,SAMPLE-DRAC-02,Disco Drac,1789965348243,MonsterMashAlbum,MonsterMashAlbum,MonsterMashAlbum.4,Lurid Labs,3,MonsterMashAlbum.4.6,MonsterMashAlbum_4_6,The Conductor,5,2,false,true,2,
monster-mash/sample-album,1,SAMPLE-DRAC-02,Disco Drac,1789965348243,MonsterMashAlbum,MonsterMashAlbum,MonsterMashAlbum.4,Lurid Labs,3,MonsterMashAlbum.4.7,MonsterMashAlbum_4_7,Ghost Trap,6,2,false,true,1,
monster-mash/sample-album,1,SAMPLE-DRAC-02,Disco Drac,1789965348243,MonsterMashAlbum,MonsterMashAlbum,MonsterMashAlbum.4,Lurid Labs,3,MonsterMashAlbum.4.8,MonsterMashAlbum_4_8,Gone Ghoul,7,2,false,true,2,
monster-mash/sample-album,1,SAMPLE-DRAC-02,Disco Drac,1789965348243,MonsterMashAlbum,MonsterMashAlbum,MonsterMashAlbum.4,Lurid Labs,3,MonsterMashAlbum.4.9,MonsterMashAlbum_4_9,Slimed,8,2,false,true,3,
monster-mash/sample-album,1,SAMPLE-DRAC-02,Disco Drac,1789965348243,MonsterMashAlbum,MonsterMashAlbum,MonsterMashAlbum.5,Grim Gardens,4,MonsterMashAlbum.5.1,MonsterMashAlbum_5_1,Ghouly Greens,0,2,false,false,0,
monster-mash/sample-album,1,SAMPLE-DRAC-02,Disco Drac,1789965348243,MonsterMashAlbum,MonsterMashAlbum,MonsterMashAlbum.5,Grim Gardens,4,MonsterMashAlbum.5.2,MonsterMashAlbum_5_2,Ghost Plant,1,2,false,false,0,
monster-mash/sample-album,1,SAMPLE-DRAC-02,Disco Drac,1789965348243,MonsterMashAlbum,MonsterMashAlbum,MonsterMashAlbum.5,Grim Gardens,4,MonsterMashAlbum.5.3,MonsterMashAlbum_5_3,Green Thumb,2,2,false,true,1,
monster-mash/sample-album,1,SAMPLE-DRAC-02,Disco Drac,1789965348243,MonsterMashAlbum,MonsterMashAlbum,MonsterMashAlbum.5,Grim Gardens,4,MonsterMashAlbum.5.4,MonsterMashAlbum_5_4,Creeper Vine,3,2,false,true,1,
monster-mash/sample-album,1,SAMPLE-DRAC-02,Disco Drac,1789965348243,MonsterMashAlbum,MonsterMashAlbum,MonsterMashAlbum.5,Grim Gardens,4,MonsterMashAlbum.5.5,MonsterMashAlbum_5_5,"Try, Try Again",4,2,false,true,3,
monster-mash/sample-album,1,SAMPLE-DRAC-02,Disco Drac,1789965348243,MonsterMashAlbum,MonsterMashAlbum,MonsterMashAlbum.5,Grim Gardens,4,MonsterMashAlbum.5.6,MonsterMashAlbum_5_6,Botanical Bogey,5,2,false,true,3,
monster-mash/sample-album,1,SAMPLE-DRAC-02,Disco Drac,1789965348243,MonsterMashAlbum,MonsterMashAlbum,MonsterMashAlbum.5,Grim Gardens,4,MonsterMashAlbum.5.7,MonsterMashAlbum_5_7,Heady Choices,6,2,false,true,1,3
monster-mash/sample-album,1,SAMPLE-DRAC-02,Disco Drac,1789965348243,MonsterMashAlbum,MonsterMashAlbum,MonsterMashAlbum.5,Grim Gardens,4,MonsterMashAlbum.5.8,MonsterMashAlbum_5_8,Dirt Nap,7,2,false,true,1,
monster-mash/sample-album,1,SAMPLE-DRAC-02,Disco Drac,1789965348243,MonsterMashAlbum,MonsterMashAlbum,MonsterMashAlbum.5,Grim Gardens,4,MonsterMashAlbum.5.9,MonsterMashAlbum_5_9,BOO-quet,8,2,false,true,1,
monster-mash/sample-album,1,SAMPLE-DRAC-02,Disco Drac,1789965348243,MonsterMashAlbum,MonsterMashAlbum,MonsterMashAlbum.6,Wolfie,5,MonsterMashAlbum.6.1,MonsterMashAlbum_6_1,Enter Wolfie,0,2,false,true,2,
monster-mash/sample-album,1,SAMPLE-DRAC-02,Disco Drac,1789965348243,MonsterMashAlbum,MonsterMashAlbum,MonsterMashAlbum.6,Wolfie,5,MonsterMashAlbum.6.2,MonsterMashAlbum_6_2,Family Pack,1,2,false,true,2,
monster-mash/sample-album,1,SAMPLE-DRAC-02,Disco Drac,1789965348243,MonsterMashAlbum,MonsterMashAlbum,MonsterMashAlbum.6,Wolfie,5,MonsterMashAlbum.6.3,MonsterMashAlbum_6_3,Fetch!,2,2,false,true,2,
monster-mash/sample-album,1,SAMPLE-DRAC-02,Disco Drac,1789965348243,MonsterMashAlbum,MonsterMashAlbum,MonsterMashAlbum.6,Wolfie,5,MonsterMashAlbum.6.4,MonsterMashAlbum_6_4,I Beg You,3,2,false,true,1,
monster-mash/sample-album,1,SAMPLE-DRAC-02,Disco Drac,1789965348243,MonsterMashAlbum,MonsterMashAlbum,MonsterMashAlbum.6,Wolfie,5,MonsterMashAlbum.6.5,MonsterMashAlbum_6_5,Beast in Show,4,2,false,false,0,
monster-mash/sample-album,1,SAMPLE-DRAC-02,Disco Drac,1789965348243,MonsterMashAlbum,MonsterMashAlbum,MonsterMashAlbum.6,Wolfie,5,MonsterMashAlbum.6.6,MonsterMashAlbum_6_6,Call of the Wild,5,2,false,false,0,
monster-mash/sample-album,1,SAMPLE-DRAC-02,Disco Drac,1789965348243,MonsterMashAlbum,MonsterMashAlbum,MonsterMashAlbum.6,Wolfie,5,MonsterMashAlbum.6.7,MonsterMashAlbum_6_7,Fine Canines,6,2,false,true,1,
monster-mash/sample-album,1,SAMPLE-DRAC-02,Disco Drac,1789965348243,MonsterMashAlbum,MonsterMashAlbum,MonsterMashAlbum.6,Wolfie,5,MonsterMashAlbum.6.8,MonsterMashAlbum_6_8,Howl N' Prowl,7,2,false,true,5,
monster-mash/sample-album,1,SAMPLE-DRAC-02,Disco Drac,1789965348243,MonsterMashAlbum,MonsterMashAlbum,MonsterMashAlbum.6,Wolfie,5,MonsterMashAlbum.6.9,MonsterMashAlbum_6_9,Luna's Flea Bath,8,2,false,true,1,
monster-mash/sample-album,1,SAMPLE-DRAC-02,Disco Drac,1789965348243,MonsterMashAlbum,MonsterMashAlbum,MonsterMashAlbum.7,Sleepless Night,6,MonsterMashAlbum.7.1,MonsterMashAlbum_7_1,Blighted Bedroom,0,2,false,true,6,
monster-mash/sample-album,1,SAMPLE-DRAC-02,Disco Drac,1789965348243,MonsterMashAlbum,MonsterMashAlbum,MonsterMashAlbum.7,Sleepless Night,6,MonsterMashAlbum.7.2,MonsterMashAlbum_7_2,Ghost Story,1,2,false,true,2,
monster-mash/sample-album,1,SAMPLE-DRAC-02,Disco Drac,1789965348243,MonsterMashAlbum,MonsterMashAlbum,MonsterMashAlbum.7,Sleepless Night,6,MonsterMashAlbum.7.3,MonsterMashAlbum_7_3,Clowned,2,2,false,false,0,
monster-mash/sample-album,1,SAMPLE-DRAC-02,Disco Drac,1789965348243,MonsterMashAlbum,MonsterMashAlbum,MonsterMashAlbum.7,Sleepless Night,6,MonsterMashAlbum.7.4,MonsterMashAlbum_7_4,Demonic Disguise,3,2,false,true,1,
monster-mash/sample-album,1,SAMPLE-DRAC-02,Disco Drac,1789965348243,MonsterMashAlbum,MonsterMashAlbum,MonsterMashAlbum.7,Sleepless Night,6,MonsterMashAlbum.7.5,MonsterMashAlbum_7_5,Going Batty,4,2,false,true,2,4
monster-mash/sample-album,1,SAMPLE-DRAC-02,Disco Drac,1789965348243,MonsterMashAlbum,MonsterMashAlbum,MonsterMashAlbum.7,Sleepless Night,6,MonsterMashAlbum.7.6,MonsterMashAlbum_7_6,Safety First,5,2,false,true,2,
monster-mash/sample-album,1,SAMPLE-DRAC-02,Disco Drac,1789965348243,MonsterMashAlbum,MonsterMashAlbum,MonsterMashAlbum.7,Sleepless Night,6,MonsterMashAlbum.7.7,MonsterMashAlbum_7_7,Chair Raising,6,2,false,true,4,
monster-mash/sample-album,1,SAMPLE-DRAC-02,Disco Drac,1789965348243,MonsterMashAlbum,MonsterMashAlbum,MonsterMashAlbum.7,Sleepless Night,6,MonsterMashAlbum.7.8,MonsterMashAlbum_7_8,Mystery Solved,7,3,false,false,0,
monster-mash/sample-album,1,SAMPLE-DRAC-02,Disco Drac,1789965348243,MonsterMashAlbum,MonsterMashAlbum,MonsterMashAlbum.7,Sleepless Night,6,MonsterMashAlbum.7.9,MonsterMashAlbum_7_9,Boogey Boo!,8,3,false,true,1,
monster-mash/sample-album,1,SAMPLE-DRAC-02,Disco Drac,1789965348243,MonsterMashAlbum,MonsterMashAlbum,MonsterMashAlbum.8,Ms. Frankenstein,7,MonsterMashAlbum.8.1,MonsterMashAlbum_8_1,Enter Undead Diva,0,2,false,true,2,
monster-mash/sample-album,1,SAMPLE-DRAC-02,Disco Drac,1789965348243,MonsterMashAlbum,MonsterMashAlbum,MonsterMashAlbum.8,Ms. Frankenstein,7,MonsterMashAlbum.8.2,MonsterMashAlbum_8_2,Study Buddy,1,2,false,true,2,
monster-mash/sample-album,1,SAMPLE-DRAC-02,Disco Drac,1789965348243,MonsterMashAlbum,MonsterMashAlbum,MonsterMashAlbum.8,Ms. Frankenstein,7,MonsterMashAlbum.8.3,MonsterMashAlbum_8_3,Inspiration Strikes!,2,2,false,true,1,
monster-mash/sample-album,1,SAMPLE-DRAC-02,Disco Drac,1789965348243,MonsterMashAlbum,MonsterMashAlbum,MonsterMashAlbum.8,Ms. Frankenstein,7,MonsterMashAlbum.8.4,MonsterMashAlbum_8_4,Made for This,3,2,false,true,2,
monster-mash/sample-album,1,SAMPLE-DRAC-02,Disco Drac,1789965348243,MonsterMashAlbum,MonsterMashAlbum,MonsterMashAlbum.8,Ms. Frankenstein,7,MonsterMashAlbum.8.5,MonsterMashAlbum_8_5,Thunderhead,4,2,false,false,0,
monster-mash/sample-album,1,SAMPLE-DRAC-02,Disco Drac,1789965348243,MonsterMashAlbum,MonsterMashAlbum,MonsterMashAlbum.8,Ms. Frankenstein,7,MonsterMashAlbum.8.6,MonsterMashAlbum_8_6,Stormy Skies,5,2,false,true,3,
monster-mash/sample-album,1,SAMPLE-DRAC-02,Disco Drac,1789965348243,MonsterMashAlbum,MonsterMashAlbum,MonsterMashAlbum.8,Ms. Frankenstein,7,MonsterMashAlbum.8.7,MonsterMashAlbum_8_7,At First Sight,6,3,false,true,1,
monster-mash/sample-album,1,SAMPLE-DRAC-02,Disco Drac,1789965348243,MonsterMashAlbum,MonsterMashAlbum,MonsterMashAlbum.8,Ms. Frankenstein,7,MonsterMashAlbum.8.8,MonsterMashAlbum_8_8,Strike a Pose,7,3,false,true,1,3
monster-mash/sample-album,1,SAMPLE-DRAC-02,Disco Drac,1789965348243,MonsterMashAlbum,MonsterMashAlbum,MonsterMashAlbum.8,Ms. Frankenstein,7,MonsterMashAlbum.8.9,MonsterMashAlbum_8_9,I Do!,8,3,false,true,1,
monster-mash/sample-album,1,SAMPLE-DRAC-02,Disco Drac,1789965348243,MonsterMashAlbum,MonsterMashAlbum,MonsterMashAlbum.9,Halloween Games,8,MonsterMashAlbum.9.1,MonsterMashAlbum_9_1,Game On!,0,2,false,true,2,
monster-mash/sample-album,1,SAMPLE-DRAC-02,Disco Drac,1789965348243,MonsterMashAlbum,MonsterMashAlbum,MonsterMashAlbum.9,Halloween Games,8,MonsterMashAlbum.9.2,MonsterMashAlbum_9_2,Takedown,1,2,false,false,0,
monster-mash/sample-album,1,SAMPLE-DRAC-02,Disco Drac,1789965348243,MonsterMashAlbum,MonsterMashAlbum,MonsterMashAlbum.9,Halloween Games,8,MonsterMashAlbum.9.3,MonsterMashAlbum_9_3,Nice Bob!,2,2,false,true,1,
monster-mash/sample-album,1,SAMPLE-DRAC-02,Disco Drac,1789965348243,MonsterMashAlbum,MonsterMashAlbum,MonsterMashAlbum.9,Halloween Games,8,MonsterMashAlbum.9.4,MonsterMashAlbum_9_4,Stuck in Limbo,3,2,false,true,1,
monster-mash/sample-album,1,SAMPLE-DRAC-02,Disco Drac,1789965348243,MonsterMashAlbum,MonsterMashAlbum,MonsterMashAlbum.9,Halloween Games,8,MonsterMashAlbum.9.5,MonsterMashAlbum_9_5,Feet of Strength,4,3,false,true,1,
monster-mash/sample-album,1,SAMPLE-DRAC-02,Disco Drac,1789965348243,MonsterMashAlbum,MonsterMashAlbum,MonsterMashAlbum.9,Halloween Games,8,MonsterMashAlbum.9.6,MonsterMashAlbum_9_6,Sugar Rush,5,3,false,true,2,
monster-mash/sample-album,1,SAMPLE-DRAC-02,Disco Drac,1789965348243,MonsterMashAlbum,MonsterMashAlbum,MonsterMashAlbum.9,Halloween Games,8,MonsterMashAlbum.9.7,MonsterMashAlbum_9_7,Deadly Aim,6,3,false,false,0,
monster-mash/sample-album,1,SAMPLE-DRAC-02,Disco Drac,1789965348243,MonsterMashAlbum,MonsterMashAlbum,MonsterMashAlbum.9,Halloween Games,8,MonsterMashAlbum.9.8,MonsterMashAlbum_9_8,The Ringer,7,3,false,false,0,
monster-mash/sample-album,1,SAMPLE-DRAC-02,Disco Drac,1789965348243,MonsterMashAlbum,MonsterMashAlbum,MonsterMashAlbum.9,Halloween Games,8,MonsterMashAlbum.9.9,MonsterMashAlbum_9_9,Snack Attack,8,3,false,true,3,
monster-mash/sample-album,1,SAMPLE-DRAC-02,Disco Drac,1789965348243,MonsterMashAlbum,MonsterMashAlbum,MonsterMashAlbum.10,The Mummy,9,MonsterMashAlbum.10.1,MonsterMashAlbum_10_1,Enter Rags,0,2,false,false,0,
monster-mash/sample-album,1,SAMPLE-DRAC-02,Disco Drac,1789965348243,MonsterMashAlbum,MonsterMashAlbum,MonsterMashAlbum.10,The Mummy,9,MonsterMashAlbum.10.2,MonsterMashAlbum_10_2,Bugging Out,1,2,false,true,2,
monster-mash/sample-album,1,SAMPLE-DRAC-02,Disco Drac,1789965348243,MonsterMashAlbum,MonsterMashAlbum,MonsterMashAlbum.10,The Mummy,9,MonsterMashAlbum.10.3,MonsterMashAlbum_10_3,Curses!,2,3,false,true,1,
monster-mash/sample-album,1,SAMPLE-DRAC-02,Disco Drac,1789965348243,MonsterMashAlbum,MonsterMashAlbum,MonsterMashAlbum.10,The Mummy,9,MonsterMashAlbum.10.4,MonsterMashAlbum_10_4,Pyramid Scheme,3,3,false,false,0,
monster-mash/sample-album,1,SAMPLE-DRAC-02,Disco Drac,1789965348243,MonsterMashAlbum,MonsterMashAlbum,MonsterMashAlbum.10,The Mummy,9,MonsterMashAlbum.10.5,MonsterMashAlbum_10_5,That's a Wrap!,4,3,false,true,1,
monster-mash/sample-album,1,SAMPLE-DRAC-02,Disco Drac,1789965348243,MonsterMashAlbum,MonsterMashAlbum,MonsterMashAlbum.10,The Mummy,9,MonsterMashAlbum.10.6,MonsterMashAlbum_10_6,Cryptic,5,3,false,false,0,
monster-mash/sample-album,1,SAMPLE-DRAC-02,Disco Drac,1789965348243,MonsterMashAlbum,MonsterMashAlbum,MonsterMashAlbum.10,The Mummy,9,MonsterMashAlbum.10.7,MonsterMashAlbum_10_7,Preserves,6,3,false,false,0,
monster-mash/sample-album,1,SAMPLE-DRAC-02,Disco Drac,1789965348243,MonsterMashAlbum,MonsterMashAlbum,MonsterMashAlbum.10,The Mummy,9,MonsterMashAlbum.10.8,MonsterMashAlbum_10_8,Tomb Boy,7,3,false,true,2,
monster-mash/sample-album,1,SAMPLE-DRAC-02,Disco Drac,1789965348243,MonsterMashAlbum,MonsterMashAlbum,MonsterMashAlbum.10,The Mummy,9,MonsterMashAlbum.10.9,MonsterMashAlbum_10_9,Walk This Way,8,3,false,true,1,
monster-mash/sample-album,1,SAMPLE-DRAC-02,Disco Drac,1789965348243,MonsterMashAlbum,MonsterMashAlbum,MonsterMashAlbum.11,The Swamp Monster,10,MonsterMashAlbum.11.1,MonsterMashAlbum_11_1,Enter Swampie,0,2,false,true,2,
monster-mash/sample-album,1,SAMPLE-DRAC-02,Disco Drac,1789965348243,MonsterMashAlbum,MonsterMashAlbum,MonsterMashAlbum.11,The Swamp Monster,10,MonsterMashAlbum.11.2,MonsterMashAlbum_11_2,Ugly Muckling,1,3,false,true,3,
monster-mash/sample-album,1,SAMPLE-DRAC-02,Disco Drac,1789965348243,MonsterMashAlbum,MonsterMashAlbum,MonsterMashAlbum.11,The Swamp Monster,10,MonsterMashAlbum.11.3,MonsterMashAlbum_11_3,Swamp Hang,2,3,false,false,0,
monster-mash/sample-album,1,SAMPLE-DRAC-02,Disco Drac,1789965348243,MonsterMashAlbum,MonsterMashAlbum,MonsterMashAlbum.11,The Swamp Monster,10,MonsterMashAlbum.11.4,MonsterMashAlbum_11_4,Marsh Mellow,3,3,false,true,2,
monster-mash/sample-album,1,SAMPLE-DRAC-02,Disco Drac,1789965348243,MonsterMashAlbum,MonsterMashAlbum,MonsterMashAlbum.11,The Swamp Monster,10,MonsterMashAlbum.11.5,MonsterMashAlbum_11_5,Top Underling,4,3,false,true,1,
monster-mash/sample-album,1,SAMPLE-DRAC-02,Disco Drac,1789965348243,MonsterMashAlbum,MonsterMashAlbum,MonsterMashAlbum.11,The Swamp Monster,10,MonsterMashAlbum.11.6,MonsterMashAlbum_11_6,Swamped,5,3,false,true,1,
monster-mash/sample-album,1,SAMPLE-DRAC-02,Disco Drac,1789965348243,MonsterMashAlbum,MonsterMashAlbum,MonsterMashAlbum.11,The Swamp Monster,10,MonsterMashAlbum.11.7,MonsterMashAlbum_11_7,Exit Strategy,6,3,false,false,0,
monster-mash/sample-album,1,SAMPLE-DRAC-02,Disco Drac,1789965348243,MonsterMashAlbum,MonsterMashAlbum,MonsterMashAlbum.11,The Swamp Monster,10,MonsterMashAlbum.11.8,MonsterMashAlbum_11_8,Swampie,7,3,false,true,2,
monster-mash/sample-album,1,SAMPLE-DRAC-02,Disco Drac,1789965348243,MonsterMashAlbum,MonsterMashAlbum,MonsterMashAlbum.11,The Swamp Monster,10,MonsterMashAlbum.11.9,MonsterMashAlbum_11_9,Boggy Nights,8,4,false,false,0,
monster-mash/sample-album,1,SAMPLE-DRAC-02,Disco Drac,1789965348243,MonsterMashAlbum,MonsterMashAlbum,MonsterMashAlbum.12,Evil Deeds,11,MonsterMashAlbum.12.1,MonsterMashAlbum_12_1,Witchy Wood,0,3,false,true,1,
monster-mash/sample-album,1,SAMPLE-DRAC-02,Disco Drac,1789965348243,MonsterMashAlbum,MonsterMashAlbum,MonsterMashAlbum.12,Evil Deeds,11,MonsterMashAlbum.12.2,MonsterMashAlbum_12_2,Unamusement Park,1,3,false,true,1,
monster-mash/sample-album,1,SAMPLE-DRAC-02,Disco Drac,1789965348243,MonsterMashAlbum,MonsterMashAlbum,MonsterMashAlbum.12,Evil Deeds,11,MonsterMashAlbum.12.3,MonsterMashAlbum_12_3,Soggy Bayou,2,3,false,false,0,
monster-mash/sample-album,1,SAMPLE-DRAC-02,Disco Drac,1789965348243,MonsterMashAlbum,MonsterMashAlbum,MonsterMashAlbum.12,Evil Deeds,11,MonsterMashAlbum.12.4,MonsterMashAlbum_12_4,Shrieking Shores,3,3,false,true,1,
monster-mash/sample-album,1,SAMPLE-DRAC-02,Disco Drac,1789965348243,MonsterMashAlbum,MonsterMashAlbum,MonsterMashAlbum.12,Evil Deeds,11,MonsterMashAlbum.12.5,MonsterMashAlbum_12_5,550 Central Park West,4,3,false,true,1,
monster-mash/sample-album,1,SAMPLE-DRAC-02,Disco Drac,1789965348243,MonsterMashAlbum,MonsterMashAlbum,MonsterMashAlbum.12,Evil Deeds,11,MonsterMashAlbum.12.6,MonsterMashAlbum_12_6,MGO Mausoleum,5,3,false,true,3,
monster-mash/sample-album,1,SAMPLE-DRAC-02,Disco Drac,1789965348243,MonsterMashAlbum,MonsterMashAlbum,MonsterMashAlbum.12,Evil Deeds,11,MonsterMashAlbum.12.7,MonsterMashAlbum_12_7,The Demon World,6,3,false,false,0,
monster-mash/sample-album,1,SAMPLE-DRAC-02,Disco Drac,1789965348243,MonsterMashAlbum,MonsterMashAlbum,MonsterMashAlbum.12,Evil Deeds,11,MonsterMashAlbum.12.8,MonsterMashAlbum_12_8,Cabin in the Woods,7,4,false,false,0,
monster-mash/sample-album,1,SAMPLE-DRAC-02,Disco Drac,1789965348243,MonsterMashAlbum,MonsterMashAlbum,MonsterMashAlbum.12,Evil Deeds,11,MonsterMashAlbum.12.9,MonsterMashAlbum_12_9,Dracula's Castle,8,4,false,true,2,
monster-mash/sample-album,1,SAMPLE-DRAC-02,Disco Drac,1789965348243,MonsterMashAlbum,MonsterMashAlbum,MonsterMashAlbum.13,The Zombie,12,MonsterMashAlbum.13.1,MonsterMashAlbum_13_1,Enter Shambles,0,3,false,false,0,
monster-mash/sample-album,1,SAMPLE-DRAC-02,Disco Drac,1789965348243,MonsterMashAlbum,MonsterMashAlbum,MonsterMashAlbum.13,The Zombie,12,MonsterMashAlbum.13.2,MonsterMashAlbum_13_2,Early Riser,1,3,false,true,1,
monster-mash/sample-album,1,SAMPLE-DRAC-02,Disco Drac,1789965348243,MonsterMashAlbum,MonsterMashAlbum,MonsterMashAlbum.13,The Zombie,12,MonsterMashAlbum.13.3,MonsterMashAlbum_13_3,Brain Rot,2,3,false,false,0,
monster-mash/sample-album,1,SAMPLE-DRAC-02,Disco Drac,1789965348243,MonsterMashAlbum,MonsterMashAlbum,MonsterMashAlbum.13,The Zombie,12,MonsterMashAlbum.13.4,MonsterMashAlbum_13_4,Brain Food,3,3,false,true,2,
monster-mash/sample-album,1,SAMPLE-DRAC-02,Disco Drac,1789965348243,MonsterMashAlbum,MonsterMashAlbum,MonsterMashAlbum.13,The Zombie,12,MonsterMashAlbum.13.5,MonsterMashAlbum_13_5,A Beautiful Mind,4,3,false,true,1,
monster-mash/sample-album,1,SAMPLE-DRAC-02,Disco Drac,1789965348243,MonsterMashAlbum,MonsterMashAlbum,MonsterMashAlbum.13,The Zombie,12,MonsterMashAlbum.13.6,MonsterMashAlbum_13_6,Brainiac,5,3,false,true,1,
monster-mash/sample-album,1,SAMPLE-DRAC-02,Disco Drac,1789965348243,MonsterMashAlbum,MonsterMashAlbum,MonsterMashAlbum.13,The Zombie,12,MonsterMashAlbum.13.7,MonsterMashAlbum_13_7,One Man's Trash,6,4,false,false,0,
monster-mash/sample-album,1,SAMPLE-DRAC-02,Disco Drac,1789965348243,MonsterMashAlbum,MonsterMashAlbum,MonsterMashAlbum.13,The Zombie,12,MonsterMashAlbum.13.8,MonsterMashAlbum_13_8,Fresh to Death,7,4,false,false,0,
monster-mash/sample-album,1,SAMPLE-DRAC-02,Disco Drac,1789965348243,MonsterMashAlbum,MonsterMashAlbum,MonsterMashAlbum.13,The Zombie,12,MonsterMashAlbum.13.9,MonsterMashAlbum_13_9,Bashful Monster,8,4,true,false,0,
monster-mash/sample-album,1,SAMPLE-DRAC-02,Disco Drac,1789965348243,MonsterMashAlbum,MonsterMashAlbum,MonsterMashAlbum.14,The Ghost,13,MonsterMashAlbum.14.1,MonsterMashAlbum_14_1,Enter Godfrey,0,3,false,true,1,
monster-mash/sample-album,1,SAMPLE-DRAC-02,Disco Drac,1789965348243,MonsterMashAlbum,MonsterMashAlbum,MonsterMashAlbum.14,The Ghost,13,MonsterMashAlbum.14.2,MonsterMashAlbum_14_2,King of Swing,1,3,false,true,1,
monster-mash/sample-album,1,SAMPLE-DRAC-02,Disco Drac,1789965348243,MonsterMashAlbum,MonsterMashAlbum,MonsterMashAlbum.14,The Ghost,13,MonsterMashAlbum.14.3,MonsterMashAlbum_14_3,Sing Along,2,3,false,true,1,
monster-mash/sample-album,1,SAMPLE-DRAC-02,Disco Drac,1789965348243,MonsterMashAlbum,MonsterMashAlbum,MonsterMashAlbum.14,The Ghost,13,MonsterMashAlbum.14.4,MonsterMashAlbum_14_4,Creepy Cameo,3,3,false,false,0,
monster-mash/sample-album,1,SAMPLE-DRAC-02,Disco Drac,1789965348243,MonsterMashAlbum,MonsterMashAlbum,MonsterMashAlbum.14,The Ghost,13,MonsterMashAlbum.14.5,MonsterMashAlbum_14_5,Fridge Raider,4,3,false,false,0,
monster-mash/sample-album,1,SAMPLE-DRAC-02,Disco Drac,1789965348243,MonsterMashAlbum,MonsterMashAlbum,MonsterMashAlbum.14,The Ghost,13,MonsterMashAlbum.14.6,MonsterMashAlbum_14_6,Chilling,5,4,false,false,0,
monster-mash/sample-album,1,SAMPLE-DRAC-02,Disco Drac,1789965348243,MonsterMashAlbum,MonsterMashAlbum,MonsterMashAlbum.14,The Ghost,13,MonsterMashAlbum.14.7,MonsterMashAlbum_14_7,Clear Reading,6,4,false,false,0,
monster-mash/sample-album,1,SAMPLE-DRAC-02,Disco Drac,1789965348243,MonsterMashAlbum,MonsterMashAlbum,MonsterMashAlbum.14,The Ghost,13,MonsterMashAlbum.14.8,MonsterMashAlbum_14_8,Fudged,7,4,true,false,0,
monster-mash/sample-album,1,SAMPLE-DRAC-02,Disco Drac,1789965348243,MonsterMashAlbum,MonsterMashAlbum,MonsterMashAlbum.14,The Ghost,13,MonsterMashAlbum.14.9,MonsterMashAlbum_14_9,Thrown Off,8,5,false,true,1,
monster-mash/sample-album,1,SAMPLE-DRAC-02,Disco Drac,1789965348243,MonsterMashAlbum,MonsterMashAlbum,MonsterMashAlbum.15,The Witch,14,MonsterMashAlbum.15.1,MonsterMashAlbum_15_1,Enter Hexie,0,3,false,true,1,
monster-mash/sample-album,1,SAMPLE-DRAC-02,Disco Drac,1789965348243,MonsterMashAlbum,MonsterMashAlbum,MonsterMashAlbum.15,The Witch,14,MonsterMashAlbum.15.2,MonsterMashAlbum_15_2,Familiar Face,1,3,false,true,1,
monster-mash/sample-album,1,SAMPLE-DRAC-02,Disco Drac,1789965348243,MonsterMashAlbum,MonsterMashAlbum,MonsterMashAlbum.15,The Witch,14,MonsterMashAlbum.15.3,MonsterMashAlbum_15_3,Miss Spelled,2,3,false,false,0,
monster-mash/sample-album,1,SAMPLE-DRAC-02,Disco Drac,1789965348243,MonsterMashAlbum,MonsterMashAlbum,MonsterMashAlbum.15,The Witch,14,MonsterMashAlbum.15.4,MonsterMashAlbum_15_4,At Your Service,3,4,false,true,1,
monster-mash/sample-album,1,SAMPLE-DRAC-02,Disco Drac,1789965348243,MonsterMashAlbum,MonsterMashAlbum,MonsterMashAlbum.15,The Witch,14,MonsterMashAlbum.15.5,MonsterMashAlbum_15_5,Monstrous Mix-Ins,4,4,false,false,0,
monster-mash/sample-album,1,SAMPLE-DRAC-02,Disco Drac,1789965348243,MonsterMashAlbum,MonsterMashAlbum,MonsterMashAlbum.15,The Witch,14,MonsterMashAlbum.15.6,MonsterMashAlbum_15_6,Hat Trick,5,4,false,false,0,
monster-mash/sample-album,1,SAMPLE-DRAC-02,Disco Drac,1789965348243,MonsterMashAlbum,MonsterMashAlbum,MonsterMashAlbum.15,The Witch,14,MonsterMashAlbum.15.7,MonsterMashAlbum_15_7,Buckle Up,6,4,true,false,0,
monster-mash/sample-album,1,SAMPLE-DRAC-02,Disco Drac,1789965348243,MonsterMashAlbum,MonsterMashAlbum,MonsterMashAlbum.15,The Witch,14,MonsterMashAlbum.15.8,MonsterMashAlbum_15_8,Witching Hour,7,5,false,true,2,4
monster-mash/sample-album,1,SAMPLE-DRAC-02,Disco Drac,1789965348243,MonsterMashAlbum,MonsterMashAlbum,MonsterMashAlbum.15,The Witch,14,MonsterMashAlbum.15.9,MonsterMashAlbum_15_9,Stir Crazy,8,5,false,false,0,
monster-mash/sample-album,1,SAMPLE-DRAC-02,Disco Drac,1789965348243,MonsterMashAlbum,MonsterMashAlbum,MonsterMashAlbum.16,Ghastly Garage,15,MonsterMashAlbum.16.1,MonsterMashAlbum_16_1,The Lock-Up,0,3,false,true,1,
monster-mash/sample-album,1,SAMPLE-DRAC-02,Disco Drac,1789965348243,MonsterMashAlbum,MonsterMashAlbum,MonsterMashAlbum.16,Ghastly Garage,15,MonsterMashAlbum.16.2,MonsterMashAlbum_16_2,Stay Golden,1,3,false,true,3,
monster-mash/sample-album,1,SAMPLE-DRAC-02,Disco Drac,1789965348243,MonsterMashAlbum,MonsterMashAlbum,MonsterMashAlbum.16,Ghastly Garage,15,MonsterMashAlbum.16.3,MonsterMashAlbum_16_3,Wolfie Wagon,2,4,false,true,3,
monster-mash/sample-album,1,SAMPLE-DRAC-02,Disco Drac,1789965348243,MonsterMashAlbum,MonsterMashAlbum,MonsterMashAlbum.16,Ghastly Garage,15,MonsterMashAlbum.16.4,MonsterMashAlbum_16_4,Rags' Roadster,3,4,false,false,0,
monster-mash/sample-album,1,SAMPLE-DRAC-02,Disco Drac,1789965348243,MonsterMashAlbum,MonsterMashAlbum,MonsterMashAlbum.16,Ghastly Garage,15,MonsterMashAlbum.16.5,MonsterMashAlbum_16_5,Long-Term Parking,4,4,false,false,0,
monster-mash/sample-album,1,SAMPLE-DRAC-02,Disco Drac,1789965348243,MonsterMashAlbum,MonsterMashAlbum,MonsterMashAlbum.16,Ghastly Garage,15,MonsterMashAlbum.16.6,MonsterMashAlbum_16_6,Franken-Coach,5,4,false,true,1,
monster-mash/sample-album,1,SAMPLE-DRAC-02,Disco Drac,1789965348243,MonsterMashAlbum,MonsterMashAlbum,MonsterMashAlbum.16,Ghastly Garage,15,MonsterMashAlbum.16.7,MonsterMashAlbum_16_7,High Beams,6,4,true,false,0,
monster-mash/sample-album,1,SAMPLE-DRAC-02,Disco Drac,1789965348243,MonsterMashAlbum,MonsterMashAlbum,MonsterMashAlbum.16,Ghastly Garage,15,MonsterMashAlbum.16.8,MonsterMashAlbum_16_8,Drac's Dragster,7,5,false,false,0,
monster-mash/sample-album,1,SAMPLE-DRAC-02,Disco Drac,1789965348243,MonsterMashAlbum,MonsterMashAlbum,MonsterMashAlbum.16,Ghastly Garage,15,MonsterMashAlbum.16.9,MonsterMashAlbum_16_9,Ecto-1,8,5,true,false,0,
monster-mash/sample-album,1,SAMPLE-DRAC-02,Disco Drac,1789965348243,MonsterMashAlbum,MonsterMashAlbum,MonsterMashAlbum.17,Boogie Bash,16,MonsterMashAlbum.17.1,MonsterMashAlbum_17_1,DJ Spinner,0,4,false,true,1,
monster-mash/sample-album,1,SAMPLE-DRAC-02,Disco Drac,1789965348243,MonsterMashAlbum,MonsterMashAlbum,MonsterMashAlbum.17,Boogie Bash,16,MonsterMashAlbum.17.2,MonsterMashAlbum_17_2,Dance Idols,1,4,false,false,0,
monster-mash/sample-album,1,SAMPLE-DRAC-02,Disco Drac,1789965348243,MonsterMashAlbum,MonsterMashAlbum,MonsterMashAlbum.17,Boogie Bash,16,MonsterMashAlbum.17.3,MonsterMashAlbum_17_3,Do The Worm,2,4,false,false,0,
monster-mash/sample-album,1,SAMPLE-DRAC-02,Disco Drac,1789965348243,MonsterMashAlbum,MonsterMashAlbum,MonsterMashAlbum.17,Boogie Bash,16,MonsterMashAlbum.17.4,MonsterMashAlbum_17_4,Shredding,3,4,false,true,1,
monster-mash/sample-album,1,SAMPLE-DRAC-02,Disco Drac,1789965348243,MonsterMashAlbum,MonsterMashAlbum,MonsterMashAlbum.17,Boogie Bash,16,MonsterMashAlbum.17.5,MonsterMashAlbum_17_5,Electric BOO-galoo,4,4,true,true,1,
monster-mash/sample-album,1,SAMPLE-DRAC-02,Disco Drac,1789965348243,MonsterMashAlbum,MonsterMashAlbum,MonsterMashAlbum.17,Boogie Bash,16,MonsterMashAlbum.17.6,MonsterMashAlbum_17_6,Wall Flowers,5,4,true,false,0,
monster-mash/sample-album,1,SAMPLE-DRAC-02,Disco Drac,1789965348243,MonsterMashAlbum,MonsterMashAlbum,MonsterMashAlbum.17,Boogie Bash,16,MonsterMashAlbum.17.7,MonsterMashAlbum_17_7,Punchline,6,5,false,false,0,
monster-mash/sample-album,1,SAMPLE-DRAC-02,Disco Drac,1789965348243,MonsterMashAlbum,MonsterMashAlbum,MonsterMashAlbum.17,Boogie Bash,16,MonsterMashAlbum.17.8,MonsterMashAlbum_17_8,To Be Free,7,5,true,false,0,
monster-mash/sample-album,1,SAMPLE-DRAC-02,Disco Drac,1789965348243,MonsterMashAlbum,MonsterMashAlbum,MonsterMashAlbum.17,Boogie Bash,16,MonsterMashAlbum.17.9,MonsterMashAlbum_17_9,Monster Mosh,8,6,false,true,1,
monster-mash/sample-album,1,SAMPLE-DRAC-02,Disco Drac,1789965348243,MonsterMashAlbum,MonsterMashAlbum,MonsterMashAlbum.18,The Attic,17,MonsterMashAlbum.18.1,MonsterMashAlbum_18_1,Up the Hatch,0,4,false,false,0,
monster-mash/sample-album,1,SAMPLE-DRAC-02,Disco Drac,1789965348243,MonsterMashAlbum,MonsterMashAlbum,MonsterMashAlbum.18,The Attic,17,MonsterMashAlbum.18.2,MonsterMashAlbum_18_2,Derpy Statue,1,4,false,true,1,
monster-mash/sample-album,1,SAMPLE-DRAC-02,Disco Drac,1789965348243,MonsterMashAlbum,MonsterMashAlbum,MonsterMashAlbum.18,The Attic,17,MonsterMashAlbum.18.3,MonsterMashAlbum_18_3,Ghostly Glow,2,4,false,false,0,
monster-mash/sample-album,1,SAMPLE-DRAC-02,Disco Drac,1789965348243,MonsterMashAlbum,MonsterMashAlbum,MonsterMashAlbum.18,The Attic,17,MonsterMashAlbum.18.4,MonsterMashAlbum_18_4,Be a Doll,3,4,true,false,0,
monster-mash/sample-album,1,SAMPLE-DRAC-02,Disco Drac,1789965348243,MonsterMashAlbum,MonsterMashAlbum,MonsterMashAlbum.18,The Attic,17,MonsterMashAlbum.18.5,MonsterMashAlbum_18_5,Mr. Mannequin,4,4,true,true,1,
monster-mash/sample-album,1,SAMPLE-DRAC-02,Disco Drac,1789965348243,MonsterMashAlbum,MonsterMashAlbum,MonsterMashAlbum.18,The Attic,17,MonsterMashAlbum.18.6,MonsterMashAlbum_18_6,Miss Mary,5,5,false,true,2,
monster-mash/sample-album,1,SAMPLE-DRAC-02,Disco Drac,1789965348243,MonsterMashAlbum,MonsterMashAlbum,MonsterMashAlbum.18,The Attic,17,MonsterMashAlbum.18.7,MonsterMashAlbum_18_7,Hats Off to Ya,6,5,false,true,1,
monster-mash/sample-album,1,SAMPLE-DRAC-02,Disco Drac,1789965348243,MonsterMashAlbum,MonsterMashAlbum,MonsterMashAlbum.18,The Attic,17,MonsterMashAlbum.18.8,MonsterMashAlbum_18_8,The Watcher,7,5,true,false,0,
monster-mash/sample-album,1,SAMPLE-DRAC-02,Disco Drac,1789965348243,MonsterMashAlbum,MonsterMashAlbum,MonsterMashAlbum.18,The Attic,17,MonsterMashAlbum.18.9,MonsterMashAlbum_18_9,Tea Time,8,6,false,true,1,
monster-mash/sample-album,1,SAMPLE-DRAC-02,Disco Drac,1789965348243,MonsterMashAlbum,MonsterMashAlbum,MonsterMashAlbum.19,Trick Or Treat,18,MonsterMashAlbum.19.1,MonsterMashAlbum_19_1,Hit the Streets,0,4,false,false,0,
monster-mash/sample-album,1,SAMPLE-DRAC-02,Disco Drac,1789965348243,MonsterMashAlbum,MonsterMashAlbum,MonsterMashAlbum.19,Trick Or Treat,18,MonsterMashAlbum.19.2,MonsterMashAlbum_19_2,Sweet!,1,4,false,true,2,
monster-mash/sample-album,1,SAMPLE-DRAC-02,Disco Drac,1789965348243,MonsterMashAlbum,MonsterMashAlbum,MonsterMashAlbum.19,Trick Or Treat,18,MonsterMashAlbum.19.3,MonsterMashAlbum_19_3,Chief Suspect,2,4,true,true,1,
monster-mash/sample-album,1,SAMPLE-DRAC-02,Disco Drac,1789965348243,MonsterMashAlbum,MonsterMashAlbum,MonsterMashAlbum.19,Trick Or Treat,18,MonsterMashAlbum.19.4,MonsterMashAlbum_19_4,Seen a Ghost?,3,4,true,false,0,
monster-mash/sample-album,1,SAMPLE-DRAC-02,Disco Drac,1789965348243,MonsterMashAlbum,MonsterMashAlbum,MonsterMashAlbum.19,Trick Or Treat,18,MonsterMashAlbum.19.5,MonsterMashAlbum_19_5,Snack Run,4,5,false,false,0,
monster-mash/sample-album,1,SAMPLE-DRAC-02,Disco Drac,1789965348243,MonsterMashAlbum,MonsterMashAlbum,MonsterMashAlbum.19,Trick Or Treat,18,MonsterMashAlbum.19.6,MonsterMashAlbum_19_6,Adorned,5,5,false,true,1,
monster-mash/sample-album,1,SAMPLE-DRAC-02,Disco Drac,1789965348243,MonsterMashAlbum,MonsterMashAlbum,MonsterMashAlbum.19,Trick Or Treat,18,MonsterMashAlbum.19.7,MonsterMashAlbum_19_7,Triple Treat,6,5,true,false,0,
monster-mash/sample-album,1,SAMPLE-DRAC-02,Disco Drac,1789965348243,MonsterMashAlbum,MonsterMashAlbum,MonsterMashAlbum.19,Trick Or Treat,18,MonsterMashAlbum.19.8,MonsterMashAlbum_19_8,Fit Check,7,5,true,false,0,
monster-mash/sample-album,1,SAMPLE-DRAC-02,Disco Drac,1789965348243,MonsterMashAlbum,MonsterMashAlbum,MonsterMashAlbum.19,Trick Or Treat,18,MonsterMashAlbum.19.9,MonsterMashAlbum_19_9,All Haul-O's Eve,8,6,false,true,1,
monster-mash/sample-album,1,SAMPLE-DRAC-02,Disco Drac,1789965348243,MonsterMashAlbum,MonsterMashAlbum,MonsterMashAlbum.20,Frankie Fun,19,MonsterMashAlbum.20.1,MonsterMashAlbum_20_1,Enter Frankie,0,4,false,true,1,
monster-mash/sample-album,1,SAMPLE-DRAC-02,Disco Drac,1789965348243,MonsterMashAlbum,MonsterMashAlbum,MonsterMashAlbum.20,Frankie Fun,19,MonsterMashAlbum.20.2,MonsterMashAlbum_20_2,Compact,1,4,true,true,2,
monster-mash/sample-album,1,SAMPLE-DRAC-02,Disco Drac,1789965348243,MonsterMashAlbum,MonsterMashAlbum,MonsterMashAlbum.20,Frankie Fun,19,MonsterMashAlbum.20.3,MonsterMashAlbum_20_3,Body Builder,2,4,true,false,0,
monster-mash/sample-album,1,SAMPLE-DRAC-02,Disco Drac,1789965348243,MonsterMashAlbum,MonsterMashAlbum,MonsterMashAlbum.20,Frankie Fun,19,MonsterMashAlbum.20.4,MonsterMashAlbum_20_4,Unstoppable,3,5,false,true,1,
monster-mash/sample-album,1,SAMPLE-DRAC-02,Disco Drac,1789965348243,MonsterMashAlbum,MonsterMashAlbum,MonsterMashAlbum.20,Frankie Fun,19,MonsterMashAlbum.20.5,MonsterMashAlbum_20_5,Key To Happiness,4,5,false,false,0,
monster-mash/sample-album,1,SAMPLE-DRAC-02,Disco Drac,1789965348243,MonsterMashAlbum,MonsterMashAlbum,MonsterMashAlbum.20,Frankie Fun,19,MonsterMashAlbum.20.6,MonsterMashAlbum_20_6,Like a Glove,5,5,false,true,2,
monster-mash/sample-album,1,SAMPLE-DRAC-02,Disco Drac,1789965348243,MonsterMashAlbum,MonsterMashAlbum,MonsterMashAlbum.20,Frankie Fun,19,MonsterMashAlbum.20.7,MonsterMashAlbum_20_7,The Groom,6,5,true,false,0,
monster-mash/sample-album,1,SAMPLE-DRAC-02,Disco Drac,1789965348243,MonsterMashAlbum,MonsterMashAlbum,MonsterMashAlbum.20,Frankie Fun,19,MonsterMashAlbum.20.8,MonsterMashAlbum_20_8,Self Made Man,7,5,true,true,1,
monster-mash/sample-album,1,SAMPLE-DRAC-02,Disco Drac,1789965348243,MonsterMashAlbum,MonsterMashAlbum,MonsterMashAlbum.20,Frankie Fun,19,MonsterMashAlbum.20.9,MonsterMashAlbum_20_9,Supportive,8,6,false,false,0,
monster-mash/sample-album,1,SAMPLE-DRAC-02,Disco Drac,1789965348243,MonsterMashAlbum,MonsterMashAlbum,MonsterMashAlbum.21,Who You Gonna Call?,20,MonsterMashAlbum.21.1,MonsterMashAlbum_21_1,Shh!,0,4,false,false,0,
monster-mash/sample-album,1,SAMPLE-DRAC-02,Disco Drac,1789965348243,MonsterMashAlbum,MonsterMashAlbum,MonsterMashAlbum.21,Who You Gonna Call?,20,MonsterMashAlbum.21.2,MonsterMashAlbum_21_2,Off the Charts,1,4,true,true,1,
monster-mash/sample-album,1,SAMPLE-DRAC-02,Disco Drac,1789965348243,MonsterMashAlbum,MonsterMashAlbum,MonsterMashAlbum.21,Who You Gonna Call?,20,MonsterMashAlbum.21.3,MonsterMashAlbum_21_3,The Pole Works!,2,4,true,false,0,
monster-mash/sample-album,1,SAMPLE-DRAC-02,Disco Drac,1789965348243,MonsterMashAlbum,MonsterMashAlbum,MonsterMashAlbum.21,Who You Gonna Call?,20,MonsterMashAlbum.21.4,MonsterMashAlbum_21_4,Goo Crew,3,5,false,false,0,
monster-mash/sample-album,1,SAMPLE-DRAC-02,Disco Drac,1789965348243,MonsterMashAlbum,MonsterMashAlbum,MonsterMashAlbum.21,Who You Gonna Call?,20,MonsterMashAlbum.21.5,MonsterMashAlbum_21_5,We Have the Tools,4,5,false,true,1,
monster-mash/sample-album,1,SAMPLE-DRAC-02,Disco Drac,1789965348243,MonsterMashAlbum,MonsterMashAlbum,MonsterMashAlbum.21,Who You Gonna Call?,20,MonsterMashAlbum.21.6,MonsterMashAlbum_21_6,Terrace Terror,5,5,true,false,0,
monster-mash/sample-album,1,SAMPLE-DRAC-02,Disco Drac,1789965348243,MonsterMashAlbum,MonsterMashAlbum,MonsterMashAlbum.21,Who You Gonna Call?,20,MonsterMashAlbum.21.7,MonsterMashAlbum_21_7,S'more Heat,6,5,true,false,0,
monster-mash/sample-album,1,SAMPLE-DRAC-02,Disco Drac,1789965348243,MonsterMashAlbum,MonsterMashAlbum,MonsterMashAlbum.21,Who You Gonna Call?,20,MonsterMashAlbum.21.8,MonsterMashAlbum_21_8,I Love This Town!,7,5,true,false,0,
monster-mash/sample-album,1,SAMPLE-DRAC-02,Disco Drac,1789965348243,MonsterMashAlbum,MonsterMashAlbum,MonsterMashAlbum.21,Who You Gonna Call?,20,MonsterMashAlbum.21.9,MonsterMashAlbum_21_9,Big Town Heroes,8,6,false,false,0,
monster-mash/sample-album,1,SAMPLE-DRAC-02,Disco Drac,1789965348243,MonsterMashAlbum,MonsterMashAlbum,MonsterMashAlbum.22,Demons & Hunters,21,MonsterMashAlbum.22.1,MonsterMashAlbum_22_1,How It's Done,0,4,true,true,1,
monster-mash/sample-album,1,SAMPLE-DRAC-02,Disco Drac,1789965348243,MonsterMashAlbum,MonsterMashAlbum,MonsterMashAlbum.22,Demons & Hunters,21,MonsterMashAlbum.22.2,MonsterMashAlbum_22_2,Golden,1,4,true,true,2,
monster-mash/sample-album,1,SAMPLE-DRAC-02,Disco Drac,1789965348243,MonsterMashAlbum,MonsterMashAlbum,MonsterMashAlbum.22,Demons & Hunters,21,MonsterMashAlbum.22.3,MonsterMashAlbum_22_3,Newcomers,2,5,false,false,0,
monster-mash/sample-album,1,SAMPLE-DRAC-02,Disco Drac,1789965348243,MonsterMashAlbum,MonsterMashAlbum,MonsterMashAlbum.22,Demons & Hunters,21,MonsterMashAlbum.22.4,MonsterMashAlbum_22_4,Easy on the Eyes,3,5,false,false,0,
monster-mash/sample-album,1,SAMPLE-DRAC-02,Disco Drac,1789965348243,MonsterMashAlbum,MonsterMashAlbum,MonsterMashAlbum.22,Demons & Hunters,21,MonsterMashAlbum.22.5,MonsterMashAlbum_22_5,Soda Pop,4,5,true,false,0,
monster-mash/sample-album,1,SAMPLE-DRAC-02,Disco Drac,1789965348243,MonsterMashAlbum,MonsterMashAlbum,MonsterMashAlbum.22,Demons & Hunters,21,MonsterMashAlbum.22.6,MonsterMashAlbum_22_6,"Hello, Friend",5,5,true,true,1,
monster-mash/sample-album,1,SAMPLE-DRAC-02,Disco Drac,1789965348243,MonsterMashAlbum,MonsterMashAlbum,MonsterMashAlbum.22,Demons & Hunters,21,MonsterMashAlbum.22.7,MonsterMashAlbum_22_7,Torn,6,5,true,false,0,
monster-mash/sample-album,1,SAMPLE-DRAC-02,Disco Drac,1789965348243,MonsterMashAlbum,MonsterMashAlbum,MonsterMashAlbum.22,Demons & Hunters,21,MonsterMashAlbum.22.8,MonsterMashAlbum_22_8,Voices Strong,7,5,true,false,0,
monster-mash/sample-album,1,SAMPLE-DRAC-02,Disco Drac,1789965348243,MonsterMashAlbum,MonsterMashAlbum,MonsterMashAlbum.22,Demons & Hunters,21,MonsterMashAlbum.22.9,MonsterMashAlbum_22_9,Cough! Cough! Cough!,8,6,false,false,0,
monster-mash/sample-album,1,SAMPLE-HEXIE-03,Hexie,1789963128243,MonsterMashAlbum,MonsterMashAlbum,MonsterMashAlbum.1,Community Gallery,0,MonsterMashAlbum.1.1,MonsterMashAlbum_1_1,Woodland Whispers,0,1,false,true,1,
monster-mash/sample-album,1,SAMPLE-HEXIE-03,Hexie,1789963128243,MonsterMashAlbum,MonsterMashAlbum,MonsterMashAlbum.1,Community Gallery,0,MonsterMashAlbum.1.2,MonsterMashAlbum_1_2,Kute Krampus,1,1,false,true,2,
monster-mash/sample-album,1,SAMPLE-HEXIE-03,Hexie,1789963128243,MonsterMashAlbum,MonsterMashAlbum,MonsterMashAlbum.1,Community Gallery,0,MonsterMashAlbum.1.3,MonsterMashAlbum_1_3,Gentlewulf,2,1,false,false,0,
monster-mash/sample-album,1,SAMPLE-HEXIE-03,Hexie,1789963128243,MonsterMashAlbum,MonsterMashAlbum,MonsterMashAlbum.1,Community Gallery,0,MonsterMashAlbum.1.4,MonsterMashAlbum_1_4,Patchwork,3,1,false,true,1,
monster-mash/sample-album,1,SAMPLE-HEXIE-03,Hexie,1789963128243,MonsterMashAlbum,MonsterMashAlbum,MonsterMashAlbum.1,Community Gallery,0,MonsterMashAlbum.1.5,MonsterMashAlbum_1_5,Neck of the Woods,4,1,false,false,0,
monster-mash/sample-album,1,SAMPLE-HEXIE-03,Hexie,1789963128243,MonsterMashAlbum,MonsterMashAlbum,MonsterMashAlbum.1,Community Gallery,0,MonsterMashAlbum.1.6,MonsterMashAlbum_1_6,Glam-O-Crow,5,1,false,false,0,
monster-mash/sample-album,1,SAMPLE-HEXIE-03,Hexie,1789963128243,MonsterMashAlbum,MonsterMashAlbum,MonsterMashAlbum.1,Community Gallery,0,MonsterMashAlbum.1.7,MonsterMashAlbum_1_7,Harlequin Queen,6,1,false,false,0,
monster-mash/sample-album,1,SAMPLE-HEXIE-03,Hexie,1789963128243,MonsterMashAlbum,MonsterMashAlbum,MonsterMashAlbum.1,Community Gallery,0,MonsterMashAlbum.1.8,MonsterMashAlbum_1_8,Screaming Clown,7,1,false,false,0,
monster-mash/sample-album,1,SAMPLE-HEXIE-03,Hexie,1789963128243,MonsterMashAlbum,MonsterMashAlbum,MonsterMashAlbum.1,Community Gallery,0,MonsterMashAlbum.1.9,MonsterMashAlbum_1_9,Just a Zombie,8,1,false,true,1,
monster-mash/sample-album,1,SAMPLE-HEXIE-03,Hexie,1789963128243,MonsterMashAlbum,MonsterMashAlbum,MonsterMashAlbum.2,Welcome To The Mansion,1,MonsterMashAlbum.2.1,MonsterMashAlbum_2_1,Mystery Mansion,0,1,false,false,0,
monster-mash/sample-album,1,SAMPLE-HEXIE-03,Hexie,1789963128243,MonsterMashAlbum,MonsterMashAlbum,MonsterMashAlbum.2,Welcome To The Mansion,1,MonsterMashAlbum.2.2,MonsterMashAlbum_2_2,At The Gates,1,1,false,false,0,
monster-mash/sample-album,1,SAMPLE-HEXIE-03,Hexie,1789963128243,MonsterMashAlbum,MonsterMashAlbum,MonsterMashAlbum.2,Welcome To The Mansion,1,MonsterMashAlbum.2.3,MonsterMashAlbum_2_3,Master Key,2,1,false,false,0,
monster-mash/sample-album,1,SAMPLE-HEXIE-03,Hexie,1789963128243,MonsterMashAlbum,MonsterMashAlbum,MonsterMashAlbum.2,Welcome To The Mansion,1,MonsterMashAlbum.2.4,MonsterMashAlbum_2_4,The Other Side,3,1,false,false,0,
monster-mash/sample-album,1,SAMPLE-HEXIE-03,Hexie,1789963128243,MonsterMashAlbum,MonsterMashAlbum,MonsterMashAlbum.2,Welcome To The Mansion,1,MonsterMashAlbum.2.5,MonsterMashAlbum_2_5,Hall O' Frame,4,1,false,false,0,
monster-mash/sample-album,1,SAMPLE-HEXIE-03,Hexie,1789963128243,MonsterMashAlbum,MonsterMashAlbum,MonsterMashAlbum.2,Welcome To The Mansion,1,MonsterMashAlbum.2.6,MonsterMashAlbum_2_6,House Call,5,1,false,false,0,
monster-mash/sample-album,1,SAMPLE-HEXIE-03,Hexie,1789963128243,MonsterMashAlbum,MonsterMashAlbum,MonsterMashAlbum.2,Welcome To The Mansion,1,MonsterMashAlbum.2.7,MonsterMashAlbum_2_7,HUNTR/X,6,1,false,false,0,
monster-mash/sample-album,1,SAMPLE-HEXIE-03,Hexie,1789963128243,MonsterMashAlbum,MonsterMashAlbum,MonsterMashAlbum.2,Welcome To The Mansion,1,MonsterMashAlbum.2.8,MonsterMashAlbum_2_8,Ghostly Guide,7,1,false,false,0,
monster-mash/sample-album,1,SAMPLE-HEXIE-03,Hexie,1789963128243,MonsterMashAlbum,MonsterMashAlbum,MonsterMashAlbum.2,Welcome To The Mansion,1,MonsterMashAlbum.2.9,MonsterMashAlbum_2_9,Places Unknown,8,1,false,false,0,
monster-mash/sample-album,1,SAMPLE-HEXIE-03,Hexie,1789963128243,MonsterMashAlbum,MonsterMashAlbum,MonsterMashAlbum.3,Dracula,2,MonsterMashAlbum.3.1,MonsterMashAlbum_3_1,Enter Dracula,0,1,false,false,0,
monster-mash/sample-album,1,SAMPLE-HEXIE-03,Hexie,1789963128243,MonsterMashAlbum,MonsterMashAlbum,MonsterMashAlbum.3,Dracula,2,MonsterMashAlbum.3.2,MonsterMashAlbum_3_2,On Reflection,1,1,false,false,0,
monster-mash/sample-album,1,SAMPLE-HEXIE-03,Hexie,1789963128243,MonsterMashAlbum,MonsterMashAlbum,MonsterMashAlbum.3,Dracula,2,MonsterMashAlbum.3.3,MonsterMashAlbum_3_3,Long in the Tooth,2,1,false,false,0,
monster-mash/sample-album,1,SAMPLE-HEXIE-03,Hexie,1789963128243,MonsterMashAlbum,MonsterMashAlbum,MonsterMashAlbum.3,Dracula,2,MonsterMashAlbum.3.4,MonsterMashAlbum_3_4,Day in the Sun,3,1,false,false,0,
monster-mash/sample-album,1,SAMPLE-HEXIE-03,Hexie,1789963128243,MonsterMashAlbum,MonsterMashAlbum,MonsterMashAlbum.3,Dracula,2,MonsterMashAlbum.3.5,MonsterMashAlbum_3_5,Down for the Count,4,1,false,false,0,
monster-mash/sample-album,1,SAMPLE-HEXIE-03,Hexie,1789963128243,MonsterMashAlbum,MonsterMashAlbum,MonsterMashAlbum.3,Dracula,2,MonsterMashAlbum.3.6,MonsterMashAlbum_3_6,Heart Stopper,5,1,false,false,0,
monster-mash/sample-album,1,SAMPLE-HEXIE-03,Hexie,1789963128243,MonsterMashAlbum,MonsterMashAlbum,MonsterMashAlbum.3,Dracula,2,MonsterMashAlbum.3.7,MonsterMashAlbum_3_7,Cloak Conundrum,6,2,false,false,0,
monster-mash/sample-album,1,SAMPLE-HEXIE-03,Hexie,1789963128243,MonsterMashAlbum,MonsterMashAlbum,MonsterMashAlbum.3,Dracula,2,MonsterMashAlbum.3.8,MonsterMashAlbum_3_8,Prince of Darkness,7,2,false,false,0,
monster-mash/sample-album,1,SAMPLE-HEXIE-03,Hexie,1789963128243,MonsterMashAlbum,MonsterMashAlbum,MonsterMashAlbum.3,Dracula,2,MonsterMashAlbum.3.9,MonsterMashAlbum_3_9,Disco Drac,8,2,false,true,2,
monster-mash/sample-album,1,SAMPLE-HEXIE-03,Hexie,1789963128243,MonsterMashAlbum,MonsterMashAlbum,MonsterMashAlbum.4,Lurid Labs,3,MonsterMashAlbum.4.1,MonsterMashAlbum_4_1,The Laboratory,0,1,false,false,0,
monster-mash/sample-album,1,SAMPLE-HEXIE-03,Hexie,1789963128243,MonsterMashAlbum,MonsterMashAlbum,MonsterMashAlbum.4,Lurid Labs,3,MonsterMashAlbum.4.2,MonsterMashAlbum_4_2,Flip the Switch,1,1,false,false,0,
monster-mash/sample-album,1,SAMPLE-HEXIE-03,Hexie,1789963128243,MonsterMashAlbum,MonsterMashAlbum,MonsterMashAlbum.4,Lurid Labs,3,MonsterMashAlbum.4.3,MonsterMashAlbum_4_3,Pet Project,2,1,false,false,0,
monster-mash/sample-album,1,SAMPLE-HEXIE-03,Hexie,1789963128243,MonsterMashAlbum,MonsterMashAlbum,MonsterMashAlbum.4,Lurid Labs,3,MonsterMashAlbum.4.4,MonsterMashAlbum_4_4,Jealousy & Pride,3,2,false,false,0,
monster-mash/sample-album,1,SAMPLE-HEXIE-03,Hexie,1789963128243,MonsterMashAlbum,MonsterMashAlbum,MonsterMashAlbum.4,Lurid Labs,3,MonsterMashAlbum.4.5,MonsterMashAlbum_4_5,Mad for Science,4,2,false,false,0,
monster-mash/sample-album,1,SAMPLE-HEXIE-03,Hexie,1789963128243,MonsterMashAlbum,MonsterMashAlbum,MonsterMashAlbum.4,Lurid Labs,3,MonsterMashAlbum.4.6,MonsterMashAlbum_4_6,The Conductor,5,2,false,false,0,
monster-mash/sample-album,1,SAMPLE-HEXIE-03,Hexie,1789963128243,MonsterMashAlbum,MonsterMashAlbum,MonsterMashAlbum.4,Lurid Labs,3,MonsterMashAlbum.4.7,MonsterMashAlbum_4_7,Ghost Trap,6,2,false,false,0,
monster-mash/sample-album,1,SAMPLE-HEXIE-03,Hexie,1789963128243,MonsterMashAlbum,MonsterMashAlbum,MonsterMashAlbum.4,Lurid Labs,3,MonsterMashAlbum.4.8,MonsterMashAlbum_4_8,Gone Ghoul,7,2,false,true,1,
monster-mash/sample-album,1,SAMPLE-HEXIE-03,Hexie,1789963128243,MonsterMashAlbum,MonsterMashAlbum,MonsterMashAlbum.4,Lurid Labs,3,MonsterMashAlbum.4.9,MonsterMashAlbum_4_9,Slimed,8,2,false,true,2,
monster-mash/sample-album,1,SAMPLE-HEXIE-03,Hexie,1789963128243,MonsterMashAlbum,MonsterMashAlbum,MonsterMashAlbum.5,Grim Gardens,4,MonsterMashAlbum.5.1,MonsterMashAlbum_5_1,Ghouly Greens,0,2,false,false,0,
monster-mash/sample-album,1,SAMPLE-HEXIE-03,Hexie,1789963128243,MonsterMashAlbum,MonsterMashAlbum,MonsterMashAlbum.5,Grim Gardens,4,MonsterMashAlbum.5.2,MonsterMashAlbum_5_2,Ghost Plant,1,2,false,false,0,
monster-mash/sample-album,1,SAMPLE-HEXIE-03,Hexie,1789963128243,MonsterMashAlbum,MonsterMashAlbum,MonsterMashAlbum.5,Grim Gardens,4,MonsterMashAlbum.5.3,MonsterMashAlbum_5_3,Green Thumb,2,2,false,false,0,
monster-mash/sample-album,1,SAMPLE-HEXIE-03,Hexie,1789963128243,MonsterMashAlbum,MonsterMashAlbum,MonsterMashAlbum.5,Grim Gardens,4,MonsterMashAlbum.5.4,MonsterMashAlbum_5_4,Creeper Vine,3,2,false,false,0,
monster-mash/sample-album,1,SAMPLE-HEXIE-03,Hexie,1789963128243,MonsterMashAlbum,MonsterMashAlbum,MonsterMashAlbum.5,Grim Gardens,4,MonsterMashAlbum.5.5,MonsterMashAlbum_5_5,"Try, Try Again",4,2,false,false,0,
monster-mash/sample-album,1,SAMPLE-HEXIE-03,Hexie,1789963128243,MonsterMashAlbum,MonsterMashAlbum,MonsterMashAlbum.5,Grim Gardens,4,MonsterMashAlbum.5.6,MonsterMashAlbum_5_6,Botanical Bogey,5,2,false,false,0,
monster-mash/sample-album,1,SAMPLE-HEXIE-03,Hexie,1789963128243,MonsterMashAlbum,MonsterMashAlbum,MonsterMashAlbum.5,Grim Gardens,4,MonsterMashAlbum.5.7,MonsterMashAlbum_5_7,Heady Choices,6,2,false,false,0,
monster-mash/sample-album,1,SAMPLE-HEXIE-03,Hexie,1789963128243,MonsterMashAlbum,MonsterMashAlbum,MonsterMashAlbum.5,Grim Gardens,4,MonsterMashAlbum.5.8,MonsterMashAlbum_5_8,Dirt Nap,7,2,false,false,0,
monster-mash/sample-album,1,SAMPLE-HEXIE-03,Hexie,1789963128243,MonsterMashAlbum,MonsterMashAlbum,MonsterMashAlbum.5,Grim Gardens,4,MonsterMashAlbum.5.9,MonsterMashAlbum_5_9,BOO-quet,8,2,false,false,0,
monster-mash/sample-album,1,SAMPLE-HEXIE-03,Hexie,1789963128243,MonsterMashAlbum,MonsterMashAlbum,MonsterMashAlbum.6,Wolfie,5,MonsterMashAlbum.6.1,MonsterMashAlbum_6_1,Enter Wolfie,0,2,false,true,2,
monster-mash/sample-album,1,SAMPLE-HEXIE-03,Hexie,1789963128243,MonsterMashAlbum,MonsterMashAlbum,MonsterMashAlbum.6,Wolfie,5,MonsterMashAlbum.6.2,MonsterMashAlbum_6_2,Family Pack,1,2,false,true,3,
monster-mash/sample-album,1,SAMPLE-HEXIE-03,Hexie,1789963128243,MonsterMashAlbum,MonsterMashAlbum,MonsterMashAlbum.6,Wolfie,5,MonsterMashAlbum.6.3,MonsterMashAlbum_6_3,Fetch!,2,2,false,true,1,3
monster-mash/sample-album,1,SAMPLE-HEXIE-03,Hexie,1789963128243,MonsterMashAlbum,MonsterMashAlbum,MonsterMashAlbum.6,Wolfie,5,MonsterMashAlbum.6.4,MonsterMashAlbum_6_4,I Beg You,3,2,false,true,1,
monster-mash/sample-album,1,SAMPLE-HEXIE-03,Hexie,1789963128243,MonsterMashAlbum,MonsterMashAlbum,MonsterMashAlbum.6,Wolfie,5,MonsterMashAlbum.6.5,MonsterMashAlbum_6_5,Beast in Show,4,2,false,false,0,
monster-mash/sample-album,1,SAMPLE-HEXIE-03,Hexie,1789963128243,MonsterMashAlbum,MonsterMashAlbum,MonsterMashAlbum.6,Wolfie,5,MonsterMashAlbum.6.6,MonsterMashAlbum_6_6,Call of the Wild,5,2,false,false,0,
monster-mash/sample-album,1,SAMPLE-HEXIE-03,Hexie,1789963128243,MonsterMashAlbum,MonsterMashAlbum,MonsterMashAlbum.6,Wolfie,5,MonsterMashAlbum.6.7,MonsterMashAlbum_6_7,Fine Canines,6,2,false,false,0,
monster-mash/sample-album,1,SAMPLE-HEXIE-03,Hexie,1789963128243,MonsterMashAlbum,MonsterMashAlbum,MonsterMashAlbum.6,Wolfie,5,MonsterMashAlbum.6.8,MonsterMashAlbum_6_8,Howl N' Prowl,7,2,false,true,1,
monster-mash/sample-album,1,SAMPLE-HEXIE-03,Hexie,1789963128243,MonsterMashAlbum,MonsterMashAlbum,MonsterMashAlbum.6,Wolfie,5,MonsterMashAlbum.6.9,MonsterMashAlbum_6_9,Luna's Flea Bath,8,2,false,false,0,
monster-mash/sample-album,1,SAMPLE-HEXIE-03,Hexie,1789963128243,MonsterMashAlbum,MonsterMashAlbum,MonsterMashAlbum.7,Sleepless Night,6,MonsterMashAlbum.7.1,MonsterMashAlbum_7_1,Blighted Bedroom,0,2,false,false,0,
monster-mash/sample-album,1,SAMPLE-HEXIE-03,Hexie,1789963128243,MonsterMashAlbum,MonsterMashAlbum,MonsterMashAlbum.7,Sleepless Night,6,MonsterMashAlbum.7.2,MonsterMashAlbum_7_2,Ghost Story,1,2,false,false,0,
monster-mash/sample-album,1,SAMPLE-HEXIE-03,Hexie,1789963128243,MonsterMashAlbum,MonsterMashAlbum,MonsterMashAlbum.7,Sleepless Night,6,MonsterMashAlbum.7.3,MonsterMashAlbum_7_3,Clowned,2,2,false,false,0,
monster-mash/sample-album,1,SAMPLE-HEXIE-03,Hexie,1789963128243,MonsterMashAlbum,MonsterMashAlbum,MonsterMashAlbum.7,Sleepless Night,6,MonsterMashAlbum.7.4,MonsterMashAlbum_7_4,Demonic Disguise,3,2,false,false,0,
monster-mash/sample-album,1,SAMPLE-HEXIE-03,Hexie,1789963128243,MonsterMashAlbum,MonsterMashAlbum,MonsterMashAlbum.7,Sleepless Night,6,MonsterMashAlbum.7.5,MonsterMashAlbum_7_5,Going Batty,4,2,false,false,0,
monster-mash/sample-album,1,SAMPLE-HEXIE-03,Hexie,1789963128243,MonsterMashAlbum,MonsterMashAlbum,MonsterMashAlbum.7,Sleepless Night,6,MonsterMashAlbum.7.6,MonsterMashAlbum_7_6,Safety First,5,2,false,false,0,
monster-mash/sample-album,1,SAMPLE-HEXIE-03,Hexie,1789963128243,MonsterMashAlbum,MonsterMashAlbum,MonsterMashAlbum.7,Sleepless Night,6,MonsterMashAlbum.7.7,MonsterMashAlbum_7_7,Chair Raising,6,2,false,false,0,
monster-mash/sample-album,1,SAMPLE-HEXIE-03,Hexie,1789963128243,MonsterMashAlbum,MonsterMashAlbum,MonsterMashAlbum.7,Sleepless Night,6,MonsterMashAlbum.7.8,MonsterMashAlbum_7_8,Mystery Solved,7,3,false,false,0,
monster-mash/sample-album,1,SAMPLE-HEXIE-03,Hexie,1789963128243,MonsterMashAlbum,MonsterMashAlbum,MonsterMashAlbum.7,Sleepless Night,6,MonsterMashAlbum.7.9,MonsterMashAlbum_7_9,Boogey Boo!,8,3,false,false,0,
monster-mash/sample-album,1,SAMPLE-HEXIE-03,Hexie,1789963128243,MonsterMashAlbum,MonsterMashAlbum,MonsterMashAlbum.8,Ms. Frankenstein,7,MonsterMashAlbum.8.1,MonsterMashAlbum_8_1,Enter Undead Diva,0,2,false,false,0,
monster-mash/sample-album,1,SAMPLE-HEXIE-03,Hexie,1789963128243,MonsterMashAlbum,MonsterMashAlbum,MonsterMashAlbum.8,Ms. Frankenstein,7,MonsterMashAlbum.8.2,MonsterMashAlbum_8_2,Study Buddy,1,2,false,false,0,
monster-mash/sample-album,1,SAMPLE-HEXIE-03,Hexie,1789963128243,MonsterMashAlbum,MonsterMashAlbum,MonsterMashAlbum.8,Ms. Frankenstein,7,MonsterMashAlbum.8.3,MonsterMashAlbum_8_3,Inspiration Strikes!,2,2,false,false,0,
monster-mash/sample-album,1,SAMPLE-HEXIE-03,Hexie,1789963128243,MonsterMashAlbum,MonsterMashAlbum,MonsterMashAlbum.8,Ms. Frankenstein,7,MonsterMashAlbum.8.4,MonsterMashAlbum_8_4,Made for This,3,2,false,false,0,
monster-mash/sample-album,1,SAMPLE-HEXIE-03,Hexie,1789963128243,MonsterMashAlbum,MonsterMashAlbum,MonsterMashAlbum.8,Ms. Frankenstein,7,MonsterMashAlbum.8.5,MonsterMashAlbum_8_5,Thunderhead,4,2,false,false,0,
monster-mash/sample-album,1,SAMPLE-HEXIE-03,Hexie,1789963128243,MonsterMashAlbum,MonsterMashAlbum,MonsterMashAlbum.8,Ms. Frankenstein,7,MonsterMashAlbum.8.6,MonsterMashAlbum_8_6,Stormy Skies,5,2,false,false,0,
monster-mash/sample-album,1,SAMPLE-HEXIE-03,Hexie,1789963128243,MonsterMashAlbum,MonsterMashAlbum,MonsterMashAlbum.8,Ms. Frankenstein,7,MonsterMashAlbum.8.7,MonsterMashAlbum_8_7,At First Sight,6,3,false,false,0,
monster-mash/sample-album,1,SAMPLE-HEXIE-03,Hexie,1789963128243,MonsterMashAlbum,MonsterMashAlbum,MonsterMashAlbum.8,Ms. Frankenstein,7,MonsterMashAlbum.8.8,MonsterMashAlbum_8_8,Strike a Pose,7,3,false,false,0,
monster-mash/sample-album,1,SAMPLE-HEXIE-03,Hexie,1789963128243,MonsterMashAlbum,MonsterMashAlbum,MonsterMashAlbum.8,Ms. Frankenstein,7,MonsterMashAlbum.8.9,MonsterMashAlbum_8_9,I Do!,8,3,false,false,0,
monster-mash/sample-album,1,SAMPLE-HEXIE-03,Hexie,1789963128243,MonsterMashAlbum,MonsterMashAlbum,MonsterMashAlbum.9,Halloween Games,8,MonsterMashAlbum.9.1,MonsterMashAlbum_9_1,Game On!,0,2,false,false,0,
monster-mash/sample-album,1,SAMPLE-HEXIE-03,Hexie,1789963128243,MonsterMashAlbum,MonsterMashAlbum,MonsterMashAlbum.9,Halloween Games,8,MonsterMashAlbum.9.2,MonsterMashAlbum_9_2,Takedown,1,2,false,false,0,
monster-mash/sample-album,1,SAMPLE-HEXIE-03,Hexie,1789963128243,MonsterMashAlbum,MonsterMashAlbum,MonsterMashAlbum.9,Halloween Games,8,MonsterMashAlbum.9.3,MonsterMashAlbum_9_3,Nice Bob!,2,2,false,false,0,
monster-mash/sample-album,1,SAMPLE-HEXIE-03,Hexie,1789963128243,MonsterMashAlbum,MonsterMashAlbum,MonsterMashAlbum.9,Halloween Games,8,MonsterMashAlbum.9.4,MonsterMashAlbum_9_4,Stuck in Limbo,3,2,false,false,0,
monster-mash/sample-album,1,SAMPLE-HEXIE-03,Hexie,1789963128243,MonsterMashAlbum,MonsterMashAlbum,MonsterMashAlbum.9,Halloween Games,8,MonsterMashAlbum.9.5,MonsterMashAlbum_9_5,Feet of Strength,4,3,false,false,0,
monster-mash/sample-album,1,SAMPLE-HEXIE-03,Hexie,1789963128243,MonsterMashAlbum,MonsterMashAlbum,MonsterMashAlbum.9,Halloween Games,8,MonsterMashAlbum.9.6,MonsterMashAlbum_9_6,Sugar Rush,5,3,false,false,0,
monster-mash/sample-album,1,SAMPLE-HEXIE-03,Hexie,1789963128243,MonsterMashAlbum,MonsterMashAlbum,MonsterMashAlbum.9,Halloween Games,8,MonsterMashAlbum.9.7,MonsterMashAlbum_9_7,Deadly Aim,6,3,false,false,0,
monster-mash/sample-album,1,SAMPLE-HEXIE-03,Hexie,1789963128243,MonsterMashAlbum,MonsterMashAlbum,MonsterMashAlbum.9,Halloween Games,8,MonsterMashAlbum.9.8,MonsterMashAlbum_9_8,The Ringer,7,3,false,false,0,
monster-mash/sample-album,1,SAMPLE-HEXIE-03,Hexie,1789963128243,MonsterMashAlbum,MonsterMashAlbum,MonsterMashAlbum.9,Halloween Games,8,MonsterMashAlbum.9.9,MonsterMashAlbum_9_9,Snack Attack,8,3,false,false,0,
monster-mash/sample-album,1,SAMPLE-HEXIE-03,Hexie,1789963128243,MonsterMashAlbum,MonsterMashAlbum,MonsterMashAlbum.10,The Mummy,9,MonsterMashAlbum.10.1,MonsterMashAlbum_10_1,Enter Rags,0,2,false,false,0,
monster-mash/sample-album,1,SAMPLE-HEXIE-03,Hexie,1789963128243,MonsterMashAlbum,MonsterMashAlbum,MonsterMashAlbum.10,The Mummy,9,MonsterMashAlbum.10.2,MonsterMashAlbum_10_2,Bugging Out,1,2,false,false,0,
monster-mash/sample-album,1,SAMPLE-HEXIE-03,Hexie,1789963128243,MonsterMashAlbum,MonsterMashAlbum,MonsterMashAlbum.10,The Mummy,9,MonsterMashAlbum.10.3,MonsterMashAlbum_10_3,Curses!,2,3,false,false,0,
monster-mash/sample-album,1,SAMPLE-HEXIE-03,Hexie,1789963128243,MonsterMashAlbum,MonsterMashAlbum,MonsterMashAlbum.10,The Mummy,9,MonsterMashAlbum.10.4,MonsterMashAlbum_10_4,Pyramid Scheme,3,3,false,false,0,
monster-mash/sample-album,1,SAMPLE-HEXIE-03,Hexie,1789963128243,MonsterMashAlbum,MonsterMashAlbum,MonsterMashAlbum.10,The Mummy,9,MonsterMashAlbum.10.5,MonsterMashAlbum_10_5,That's a Wrap!,4,3,false,false,0,
monster-mash/sample-album,1,SAMPLE-HEXIE-03,Hexie,1789963128243,MonsterMashAlbum,MonsterMashAlbum,MonsterMashAlbum.10,The Mummy,9,MonsterMashAlbum.10.6,MonsterMashAlbum_10_6,Cryptic,5,3,false,false,0,
monster-mash/sample-album,1,SAMPLE-HEXIE-03,Hexie,1789963128243,MonsterMashAlbum,MonsterMashAlbum,MonsterMashAlbum.10,The Mummy,9,MonsterMashAlbum.10.7,MonsterMashAlbum_10_7,Preserves,6,3,false,false,0,
monster-mash/sample-album,1,SAMPLE-HEXIE-03,Hexie,1789963128243,MonsterMashAlbum,MonsterMashAlbum,MonsterMashAlbum.10,The Mummy,9,MonsterMashAlbum.10.8,MonsterMashAlbum_10_8,Tomb Boy,7,3,false,true,1,
monster-mash/sample-album,1,SAMPLE-HEXIE-03,Hexie,1789963128243,MonsterMashAlbum,MonsterMashAlbum,MonsterMashAlbum.10,The Mummy,9,MonsterMashAlbum.10.9,MonsterMashAlbum_10_9,Walk This Way,8,3,false,false,0,
monster-mash/sample-album,1,SAMPLE-HEXIE-03,Hexie,1789963128243,MonsterMashAlbum,MonsterMashAlbum,MonsterMashAlbum.11,The Swamp Monster,10,MonsterMashAlbum.11.1,MonsterMashAlbum_11_1,Enter Swampie,0,2,false,false,0,
monster-mash/sample-album,1,SAMPLE-HEXIE-03,Hexie,1789963128243,MonsterMashAlbum,MonsterMashAlbum,MonsterMashAlbum.11,The Swamp Monster,10,MonsterMashAlbum.11.2,MonsterMashAlbum_11_2,Ugly Muckling,1,3,false,false,0,
monster-mash/sample-album,1,SAMPLE-HEXIE-03,Hexie,1789963128243,MonsterMashAlbum,MonsterMashAlbum,MonsterMashAlbum.11,The Swamp Monster,10,MonsterMashAlbum.11.3,MonsterMashAlbum_11_3,Swamp Hang,2,3,false,false,0,
monster-mash/sample-album,1,SAMPLE-HEXIE-03,Hexie,1789963128243,MonsterMashAlbum,MonsterMashAlbum,MonsterMashAlbum.11,The Swamp Monster,10,MonsterMashAlbum.11.4,MonsterMashAlbum_11_4,Marsh Mellow,3,3,false,false,0,
monster-mash/sample-album,1,SAMPLE-HEXIE-03,Hexie,1789963128243,MonsterMashAlbum,MonsterMashAlbum,MonsterMashAlbum.11,The Swamp Monster,10,MonsterMashAlbum.11.5,MonsterMashAlbum_11_5,Top Underling,4,3,false,false,0,
monster-mash/sample-album,1,SAMPLE-HEXIE-03,Hexie,1789963128243,MonsterMashAlbum,MonsterMashAlbum,MonsterMashAlbum.11,The Swamp Monster,10,MonsterMashAlbum.11.6,MonsterMashAlbum_11_6,Swamped,5,3,false,false,0,
monster-mash/sample-album,1,SAMPLE-HEXIE-03,Hexie,1789963128243,MonsterMashAlbum,MonsterMashAlbum,MonsterMashAlbum.11,The Swamp Monster,10,MonsterMashAlbum.11.7,MonsterMashAlbum_11_7,Exit Strategy,6,3,false,false,0,
monster-mash/sample-album,1,SAMPLE-HEXIE-03,Hexie,1789963128243,MonsterMashAlbum,MonsterMashAlbum,MonsterMashAlbum.11,The Swamp Monster,10,MonsterMashAlbum.11.8,MonsterMashAlbum_11_8,Swampie,7,3,false,false,0,
monster-mash/sample-album,1,SAMPLE-HEXIE-03,Hexie,1789963128243,MonsterMashAlbum,MonsterMashAlbum,MonsterMashAlbum.11,The Swamp Monster,10,MonsterMashAlbum.11.9,MonsterMashAlbum_11_9,Boggy Nights,8,4,false,false,0,
monster-mash/sample-album,1,SAMPLE-HEXIE-03,Hexie,1789963128243,MonsterMashAlbum,MonsterMashAlbum,MonsterMashAlbum.12,Evil Deeds,11,MonsterMashAlbum.12.1,MonsterMashAlbum_12_1,Witchy Wood,0,3,false,false,0,
monster-mash/sample-album,1,SAMPLE-HEXIE-03,Hexie,1789963128243,MonsterMashAlbum,MonsterMashAlbum,MonsterMashAlbum.12,Evil Deeds,11,MonsterMashAlbum.12.2,MonsterMashAlbum_12_2,Unamusement Park,1,3,false,false,0,
monster-mash/sample-album,1,SAMPLE-HEXIE-03,Hexie,1789963128243,MonsterMashAlbum,MonsterMashAlbum,MonsterMashAlbum.12,Evil Deeds,11,MonsterMashAlbum.12.3,MonsterMashAlbum_12_3,Soggy Bayou,2,3,false,false,0,
monster-mash/sample-album,1,SAMPLE-HEXIE-03,Hexie,1789963128243,MonsterMashAlbum,MonsterMashAlbum,MonsterMashAlbum.12,Evil Deeds,11,MonsterMashAlbum.12.4,MonsterMashAlbum_12_4,Shrieking Shores,3,3,false,false,0,
monster-mash/sample-album,1,SAMPLE-HEXIE-03,Hexie,1789963128243,MonsterMashAlbum,MonsterMashAlbum,MonsterMashAlbum.12,Evil Deeds,11,MonsterMashAlbum.12.5,MonsterMashAlbum_12_5,550 Central Park West,4,3,false,false,0,
monster-mash/sample-album,1,SAMPLE-HEXIE-03,Hexie,1789963128243,MonsterMashAlbum,MonsterMashAlbum,MonsterMashAlbum.12,Evil Deeds,11,MonsterMashAlbum.12.6,MonsterMashAlbum_12_6,MGO Mausoleum,5,3,false,false,0,
monster-mash/sample-album,1,SAMPLE-HEXIE-03,Hexie,1789963128243,MonsterMashAlbum,MonsterMashAlbum,MonsterMashAlbum.12,Evil Deeds,11,MonsterMashAlbum.12.7,MonsterMashAlbum_12_7,The Demon World,6,3,false,false,0,
monster-mash/sample-album,1,SAMPLE-HEXIE-03,Hexie,1789963128243,MonsterMashAlbum,MonsterMashAlbum,MonsterMashAlbum.12,Evil Deeds,11,MonsterMashAlbum.12.8,MonsterMashAlbum_12_8,Cabin in the Woods,7,4,false,false,0,
monster-mash/sample-album,1,SAMPLE-HEXIE-03,Hexie,1789963128243,MonsterMashAlbum,MonsterMashAlbum,MonsterMashAlbum.12,Evil Deeds,11,MonsterMashAlbum.12.9,MonsterMashAlbum_12_9,Dracula's Castle,8,4,false,false,0,
monster-mash/sample-album,1,SAMPLE-HEXIE-03,Hexie,1789963128243,MonsterMashAlbum,MonsterMashAlbum,MonsterMashAlbum.13,The Zombie,12,MonsterMashAlbum.13.1,MonsterMashAlbum_13_1,Enter Shambles,0,3,false,false,0,
monster-mash/sample-album,1,SAMPLE-HEXIE-03,Hexie,1789963128243,MonsterMashAlbum,MonsterMashAlbum,MonsterMashAlbum.13,The Zombie,12,MonsterMashAlbum.13.2,MonsterMashAlbum_13_2,Early Riser,1,3,false,false,0,
monster-mash/sample-album,1,SAMPLE-HEXIE-03,Hexie,1789963128243,MonsterMashAlbum,MonsterMashAlbum,MonsterMashAlbum.13,The Zombie,12,MonsterMashAlbum.13.3,MonsterMashAlbum_13_3,Brain Rot,2,3,false,false,0,
monster-mash/sample-album,1,SAMPLE-HEXIE-03,Hexie,1789963128243,MonsterMashAlbum,MonsterMashAlbum,MonsterMashAlbum.13,The Zombie,12,MonsterMashAlbum.13.4,MonsterMashAlbum_13_4,Brain Food,3,3,false,false,0,
monster-mash/sample-album,1,SAMPLE-HEXIE-03,Hexie,1789963128243,MonsterMashAlbum,MonsterMashAlbum,MonsterMashAlbum.13,The Zombie,12,MonsterMashAlbum.13.5,MonsterMashAlbum_13_5,A Beautiful Mind,4,3,false,false,0,
monster-mash/sample-album,1,SAMPLE-HEXIE-03,Hexie,1789963128243,MonsterMashAlbum,MonsterMashAlbum,MonsterMashAlbum.13,The Zombie,12,MonsterMashAlbum.13.6,MonsterMashAlbum_13_6,Brainiac,5,3,false,false,0,
monster-mash/sample-album,1,SAMPLE-HEXIE-03,Hexie,1789963128243,MonsterMashAlbum,MonsterMashAlbum,MonsterMashAlbum.13,The Zombie,12,MonsterMashAlbum.13.7,MonsterMashAlbum_13_7,One Man's Trash,6,4,false,false,0,
monster-mash/sample-album,1,SAMPLE-HEXIE-03,Hexie,1789963128243,MonsterMashAlbum,MonsterMashAlbum,MonsterMashAlbum.13,The Zombie,12,MonsterMashAlbum.13.8,MonsterMashAlbum_13_8,Fresh to Death,7,4,false,false,0,
monster-mash/sample-album,1,SAMPLE-HEXIE-03,Hexie,1789963128243,MonsterMashAlbum,MonsterMashAlbum,MonsterMashAlbum.13,The Zombie,12,MonsterMashAlbum.13.9,MonsterMashAlbum_13_9,Bashful Monster,8,4,true,false,0,
monster-mash/sample-album,1,SAMPLE-HEXIE-03,Hexie,1789963128243,MonsterMashAlbum,MonsterMashAlbum,MonsterMashAlbum.14,The Ghost,13,MonsterMashAlbum.14.1,MonsterMashAlbum_14_1,Enter Godfrey,0,3,false,false,0,
monster-mash/sample-album,1,SAMPLE-HEXIE-03,Hexie,1789963128243,MonsterMashAlbum,MonsterMashAlbum,MonsterMashAlbum.14,The Ghost,13,MonsterMashAlbum.14.2,MonsterMashAlbum_14_2,King of Swing,1,3,false,false,0,
monster-mash/sample-album,1,SAMPLE-HEXIE-03,Hexie,1789963128243,MonsterMashAlbum,MonsterMashAlbum,MonsterMashAlbum.14,The Ghost,13,MonsterMashAlbum.14.3,MonsterMashAlbum_14_3,Sing Along,2,3,false,false,0,
monster-mash/sample-album,1,SAMPLE-HEXIE-03,Hexie,1789963128243,MonsterMashAlbum,MonsterMashAlbum,MonsterMashAlbum.14,The Ghost,13,MonsterMashAlbum.14.4,MonsterMashAlbum_14_4,Creepy Cameo,3,3,false,false,0,
monster-mash/sample-album,1,SAMPLE-HEXIE-03,Hexie,1789963128243,MonsterMashAlbum,MonsterMashAlbum,MonsterMashAlbum.14,The Ghost,13,MonsterMashAlbum.14.5,MonsterMashAlbum_14_5,Fridge Raider,4,3,false,false,0,
monster-mash/sample-album,1,SAMPLE-HEXIE-03,Hexie,1789963128243,MonsterMashAlbum,MonsterMashAlbum,MonsterMashAlbum.14,The Ghost,13,MonsterMashAlbum.14.6,MonsterMashAlbum_14_6,Chilling,5,4,false,false,0,
monster-mash/sample-album,1,SAMPLE-HEXIE-03,Hexie,1789963128243,MonsterMashAlbum,MonsterMashAlbum,MonsterMashAlbum.14,The Ghost,13,MonsterMashAlbum.14.7,MonsterMashAlbum_14_7,Clear Reading,6,4,false,false,0,
monster-mash/sample-album,1,SAMPLE-HEXIE-03,Hexie,1789963128243,MonsterMashAlbum,MonsterMashAlbum,MonsterMashAlbum.14,The Ghost,13,MonsterMashAlbum.14.8,MonsterMashAlbum_14_8,Fudged,7,4,true,false,0,
monster-mash/sample-album,1,SAMPLE-HEXIE-03,Hexie,1789963128243,MonsterMashAlbum,MonsterMashAlbum,MonsterMashAlbum.14,The Ghost,13,MonsterMashAlbum.14.9,MonsterMashAlbum_14_9,Thrown Off,8,5,false,false,0,
monster-mash/sample-album,1,SAMPLE-HEXIE-03,Hexie,1789963128243,MonsterMashAlbum,MonsterMashAlbum,MonsterMashAlbum.15,The Witch,14,MonsterMashAlbum.15.1,MonsterMashAlbum_15_1,Enter Hexie,0,3,false,false,0,
monster-mash/sample-album,1,SAMPLE-HEXIE-03,Hexie,1789963128243,MonsterMashAlbum,MonsterMashAlbum,MonsterMashAlbum.15,The Witch,14,MonsterMashAlbum.15.2,MonsterMashAlbum_15_2,Familiar Face,1,3,false,false,0,
monster-mash/sample-album,1,SAMPLE-HEXIE-03,Hexie,1789963128243,MonsterMashAlbum,MonsterMashAlbum,MonsterMashAlbum.15,The Witch,14,MonsterMashAlbum.15.3,MonsterMashAlbum_15_3,Miss Spelled,2,3,false,false,0,
monster-mash/sample-album,1,SAMPLE-HEXIE-03,Hexie,1789963128243,MonsterMashAlbum,MonsterMashAlbum,MonsterMashAlbum.15,The Witch,14,MonsterMashAlbum.15.4,MonsterMashAlbum_15_4,At Your Service,3,4,false,false,0,
monster-mash/sample-album,1,SAMPLE-HEXIE-03,Hexie,1789963128243,MonsterMashAlbum,MonsterMashAlbum,MonsterMashAlbum.15,The Witch,14,MonsterMashAlbum.15.5,MonsterMashAlbum_15_5,Monstrous Mix-Ins,4,4,false,false,0,
monster-mash/sample-album,1,SAMPLE-HEXIE-03,Hexie,1789963128243,MonsterMashAlbum,MonsterMashAlbum,MonsterMashAlbum.15,The Witch,14,MonsterMashAlbum.15.6,MonsterMashAlbum_15_6,Hat Trick,5,4,false,false,0,
monster-mash/sample-album,1,SAMPLE-HEXIE-03,Hexie,1789963128243,MonsterMashAlbum,MonsterMashAlbum,MonsterMashAlbum.15,The Witch,14,MonsterMashAlbum.15.7,MonsterMashAlbum_15_7,Buckle Up,6,4,true,false,0,
monster-mash/sample-album,1,SAMPLE-HEXIE-03,Hexie,1789963128243,MonsterMashAlbum,MonsterMashAlbum,MonsterMashAlbum.15,The Witch,14,MonsterMashAlbum.15.8,MonsterMashAlbum_15_8,Witching Hour,7,5,false,false,0,
monster-mash/sample-album,1,SAMPLE-HEXIE-03,Hexie,1789963128243,MonsterMashAlbum,MonsterMashAlbum,MonsterMashAlbum.15,The Witch,14,MonsterMashAlbum.15.9,MonsterMashAlbum_15_9,Stir Crazy,8,5,false,false,0,
monster-mash/sample-album,1,SAMPLE-HEXIE-03,Hexie,1789963128243,MonsterMashAlbum,MonsterMashAlbum,MonsterMashAlbum.16,Ghastly Garage,15,MonsterMashAlbum.16.1,MonsterMashAlbum_16_1,The Lock-Up,0,3,false,false,0,
monster-mash/sample-album,1,SAMPLE-HEXIE-03,Hexie,1789963128243,MonsterMashAlbum,MonsterMashAlbum,MonsterMashAlbum.16,Ghastly Garage,15,MonsterMashAlbum.16.2,MonsterMashAlbum_16_2,Stay Golden,1,3,false,false,0,
monster-mash/sample-album,1,SAMPLE-HEXIE-03,Hexie,1789963128243,MonsterMashAlbum,MonsterMashAlbum,MonsterMashAlbum.16,Ghastly Garage,15,MonsterMashAlbum.16.3,MonsterMashAlbum_16_3,Wolfie Wagon,2,4,false,false,0,
monster-mash/sample-album,1,SAMPLE-HEXIE-03,Hexie,1789963128243,MonsterMashAlbum,MonsterMashAlbum,MonsterMashAlbum.16,Ghastly Garage,15,MonsterMashAlbum.16.4,MonsterMashAlbum_16_4,Rags' Roadster,3,4,false,false,0,
monster-mash/sample-album,1,SAMPLE-HEXIE-03,Hexie,1789963128243,MonsterMashAlbum,MonsterMashAlbum,MonsterMashAlbum.16,Ghastly Garage,15,MonsterMashAlbum.16.5,MonsterMashAlbum_16_5,Long-Term Parking,4,4,false,false,0,
monster-mash/sample-album,1,SAMPLE-HEXIE-03,Hexie,1789963128243,MonsterMashAlbum,MonsterMashAlbum,MonsterMashAlbum.16,Ghastly Garage,15,MonsterMashAlbum.16.6,MonsterMashAlbum_16_6,Franken-Coach,5,4,false,false,0,
monster-mash/sample-album,1,SAMPLE-HEXIE-03,Hexie,1789963128243,MonsterMashAlbum,MonsterMashAlbum,MonsterMashAlbum.16,Ghastly Garage,15,MonsterMashAlbum.16.7,MonsterMashAlbum_16_7,High Beams,6,4,true,false,0,
monster-mash/sample-album,1,SAMPLE-HEXIE-03,Hexie,1789963128243,MonsterMashAlbum,MonsterMashAlbum,MonsterMashAlbum.16,Ghastly Garage,15,MonsterMashAlbum.16.8,MonsterMashAlbum_16_8,Drac's Dragster,7,5,false,false,0,
monster-mash/sample-album,1,SAMPLE-HEXIE-03,Hexie,1789963128243,MonsterMashAlbum,MonsterMashAlbum,MonsterMashAlbum.16,Ghastly Garage,15,MonsterMashAlbum.16.9,MonsterMashAlbum_16_9,Ecto-1,8,5,true,false,0,
monster-mash/sample-album,1,SAMPLE-HEXIE-03,Hexie,1789963128243,MonsterMashAlbum,MonsterMashAlbum,MonsterMashAlbum.17,Boogie Bash,16,MonsterMashAlbum.17.1,MonsterMashAlbum_17_1,DJ Spinner,0,4,false,false,0,
monster-mash/sample-album,1,SAMPLE-HEXIE-03,Hexie,1789963128243,MonsterMashAlbum,MonsterMashAlbum,MonsterMashAlbum.17,Boogie Bash,16,MonsterMashAlbum.17.2,MonsterMashAlbum_17_2,Dance Idols,1,4,false,false,0,
monster-mash/sample-album,1,SAMPLE-HEXIE-03,Hexie,1789963128243,MonsterMashAlbum,MonsterMashAlbum,MonsterMashAlbum.17,Boogie Bash,16,MonsterMashAlbum.17.3,MonsterMashAlbum_17_3,Do The Worm,2,4,false,false,0,
monster-mash/sample-album,1,SAMPLE-HEXIE-03,Hexie,1789963128243,MonsterMashAlbum,MonsterMashAlbum,MonsterMashAlbum.17,Boogie Bash,16,MonsterMashAlbum.17.4,MonsterMashAlbum_17_4,Shredding,3,4,false,false,0,
monster-mash/sample-album,1,SAMPLE-HEXIE-03,Hexie,1789963128243,MonsterMashAlbum,MonsterMashAlbum,MonsterMashAlbum.17,Boogie Bash,16,MonsterMashAlbum.17.5,MonsterMashAlbum_17_5,Electric BOO-galoo,4,4,true,false,0,
monster-mash/sample-album,1,SAMPLE-HEXIE-03,Hexie,1789963128243,MonsterMashAlbum,MonsterMashAlbum,MonsterMashAlbum.17,Boogie Bash,16,MonsterMashAlbum.17.6,MonsterMashAlbum_17_6,Wall Flowers,5,4,true,false,0,
monster-mash/sample-album,1,SAMPLE-HEXIE-03,Hexie,1789963128243,MonsterMashAlbum,MonsterMashAlbum,MonsterMashAlbum.17,Boogie Bash,16,MonsterMashAlbum.17.7,MonsterMashAlbum_17_7,Punchline,6,5,false,false,0,
monster-mash/sample-album,1,SAMPLE-HEXIE-03,Hexie,1789963128243,MonsterMashAlbum,MonsterMashAlbum,MonsterMashAlbum.17,Boogie Bash,16,MonsterMashAlbum.17.8,MonsterMashAlbum_17_8,To Be Free,7,5,true,false,0,
monster-mash/sample-album,1,SAMPLE-HEXIE-03,Hexie,1789963128243,MonsterMashAlbum,MonsterMashAlbum,MonsterMashAlbum.17,Boogie Bash,16,MonsterMashAlbum.17.9,MonsterMashAlbum_17_9,Monster Mosh,8,6,false,false,0,
monster-mash/sample-album,1,SAMPLE-HEXIE-03,Hexie,1789963128243,MonsterMashAlbum,MonsterMashAlbum,MonsterMashAlbum.18,The Attic,17,MonsterMashAlbum.18.1,MonsterMashAlbum_18_1,Up the Hatch,0,4,false,false,0,
monster-mash/sample-album,1,SAMPLE-HEXIE-03,Hexie,1789963128243,MonsterMashAlbum,MonsterMashAlbum,MonsterMashAlbum.18,The Attic,17,MonsterMashAlbum.18.2,MonsterMashAlbum_18_2,Derpy Statue,1,4,false,false,0,
monster-mash/sample-album,1,SAMPLE-HEXIE-03,Hexie,1789963128243,MonsterMashAlbum,MonsterMashAlbum,MonsterMashAlbum.18,The Attic,17,MonsterMashAlbum.18.3,MonsterMashAlbum_18_3,Ghostly Glow,2,4,false,false,0,
monster-mash/sample-album,1,SAMPLE-HEXIE-03,Hexie,1789963128243,MonsterMashAlbum,MonsterMashAlbum,MonsterMashAlbum.18,The Attic,17,MonsterMashAlbum.18.4,MonsterMashAlbum_18_4,Be a Doll,3,4,true,false,0,
monster-mash/sample-album,1,SAMPLE-HEXIE-03,Hexie,1789963128243,MonsterMashAlbum,MonsterMashAlbum,MonsterMashAlbum.18,The Attic,17,MonsterMashAlbum.18.5,MonsterMashAlbum_18_5,Mr. Mannequin,4,4,true,false,0,
monster-mash/sample-album,1,SAMPLE-HEXIE-03,Hexie,1789963128243,MonsterMashAlbum,MonsterMashAlbum,MonsterMashAlbum.18,The Attic,17,MonsterMashAlbum.18.6,MonsterMashAlbum_18_6,Miss Mary,5,5,false,false,0,
monster-mash/sample-album,1,SAMPLE-HEXIE-03,Hexie,1789963128243,MonsterMashAlbum,MonsterMashAlbum,MonsterMashAlbum.18,The Attic,17,MonsterMashAlbum.18.7,MonsterMashAlbum_18_7,Hats Off to Ya,6,5,false,false,0,
monster-mash/sample-album,1,SAMPLE-HEXIE-03,Hexie,1789963128243,MonsterMashAlbum,MonsterMashAlbum,MonsterMashAlbum.18,The Attic,17,MonsterMashAlbum.18.8,MonsterMashAlbum_18_8,The Watcher,7,5,true,false,0,
monster-mash/sample-album,1,SAMPLE-HEXIE-03,Hexie,1789963128243,MonsterMashAlbum,MonsterMashAlbum,MonsterMashAlbum.18,The Attic,17,MonsterMashAlbum.18.9,MonsterMashAlbum_18_9,Tea Time,8,6,false,false,0,
monster-mash/sample-album,1,SAMPLE-HEXIE-03,Hexie,1789963128243,MonsterMashAlbum,MonsterMashAlbum,MonsterMashAlbum.19,Trick Or Treat,18,MonsterMashAlbum.19.1,MonsterMashAlbum_19_1,Hit the Streets,0,4,false,false,0,
monster-mash/sample-album,1,SAMPLE-HEXIE-03,Hexie,1789963128243,MonsterMashAlbum,MonsterMashAlbum,MonsterMashAlbum.19,Trick Or Treat,18,MonsterMashAlbum.19.2,MonsterMashAlbum_19_2,Sweet!,1,4,false,false,0,
monster-mash/sample-album,1,SAMPLE-HEXIE-03,Hexie,1789963128243,MonsterMashAlbum,MonsterMashAlbum,MonsterMashAlbum.19,Trick Or Treat,18,MonsterMashAlbum.19.3,MonsterMashAlbum_19_3,Chief Suspect,2,4,true,false,0,
monster-mash/sample-album,1,SAMPLE-HEXIE-03,Hexie,1789963128243,MonsterMashAlbum,MonsterMashAlbum,MonsterMashAlbum.19,Trick Or Treat,18,MonsterMashAlbum.19.4,MonsterMashAlbum_19_4,Seen a Ghost?,3,4,true,false,0,
monster-mash/sample-album,1,SAMPLE-HEXIE-03,Hexie,1789963128243,MonsterMashAlbum,MonsterMashAlbum,MonsterMashAlbum.19,Trick Or Treat,18,MonsterMashAlbum.19.5,MonsterMashAlbum_19_5,Snack Run,4,5,false,false,0,
monster-mash/sample-album,1,SAMPLE-HEXIE-03,Hexie,1789963128243,MonsterMashAlbum,MonsterMashAlbum,MonsterMashAlbum.19,Trick Or Treat,18,MonsterMashAlbum.19.6,MonsterMashAlbum_19_6,Adorned,5,5,false,false,0,
monster-mash/sample-album,1,SAMPLE-HEXIE-03,Hexie,1789963128243,MonsterMashAlbum,MonsterMashAlbum,MonsterMashAlbum.19,Trick Or Treat,18,MonsterMashAlbum.19.7,MonsterMashAlbum_19_7,Triple Treat,6,5,true,false,0,
monster-mash/sample-album,1,SAMPLE-HEXIE-03,Hexie,1789963128243,MonsterMashAlbum,MonsterMashAlbum,MonsterMashAlbum.19,Trick Or Treat,18,MonsterMashAlbum.19.8,MonsterMashAlbum_19_8,Fit Check,7,5,true,false,0,
monster-mash/sample-album,1,SAMPLE-HEXIE-03,Hexie,1789963128243,MonsterMashAlbum,MonsterMashAlbum,MonsterMashAlbum.19,Trick Or Treat,18,MonsterMashAlbum.19.9,MonsterMashAlbum_19_9,All Haul-O's Eve,8,6,false,false,0,
monster-mash/sample-album,1,SAMPLE-HEXIE-03,Hexie,1789963128243,MonsterMashAlbum,MonsterMashAlbum,MonsterMashAlbum.20,Frankie Fun,19,MonsterMashAlbum.20.1,MonsterMashAlbum_20_1,Enter Frankie,0,4,false,false,0,
monster-mash/sample-album,1,SAMPLE-HEXIE-03,Hexie,1789963128243,MonsterMashAlbum,MonsterMashAlbum,MonsterMashAlbum.20,Frankie Fun,19,MonsterMashAlbum.20.2,MonsterMashAlbum_20_2,Compact,1,4,true,false,0,
monster-mash/sample-album,1,SAMPLE-HEXIE-03,Hexie,1789963128243,MonsterMashAlbum,MonsterMashAlbum,MonsterMashAlbum.20,Frankie Fun,19,MonsterMashAlbum.20.3,MonsterMashAlbum_20_3,Body Builder,2,4,true,false,0,
monster-mash/sample-album,1,SAMPLE-HEXIE-03,Hexie,1789963128243,MonsterMashAlbum,MonsterMashAlbum,MonsterMashAlbum.20,Frankie Fun,19,MonsterMashAlbum.20.4,MonsterMashAlbum_20_4,Unstoppable,3,5,false,false,0,
monster-mash/sample-album,1,SAMPLE-HEXIE-03,Hexie,1789963128243,MonsterMashAlbum,MonsterMashAlbum,MonsterMashAlbum.20,Frankie Fun,19,MonsterMashAlbum.20.5,MonsterMashAlbum_20_5,Key To Happiness,4,5,false,false,0,
monster-mash/sample-album,1,SAMPLE-HEXIE-03,Hexie,1789963128243,MonsterMashAlbum,MonsterMashAlbum,MonsterMashAlbum.20,Frankie Fun,19,MonsterMashAlbum.20.6,MonsterMashAlbum_20_6,Like a Glove,5,5,false,false,0,
monster-mash/sample-album,1,SAMPLE-HEXIE-03,Hexie,1789963128243,MonsterMashAlbum,MonsterMashAlbum,MonsterMashAlbum.20,Frankie Fun,19,MonsterMashAlbum.20.7,MonsterMashAlbum_20_7,The Groom,6,5,true,false,0,
monster-mash/sample-album,1,SAMPLE-HEXIE-03,Hexie,1789963128243,MonsterMashAlbum,MonsterMashAlbum,MonsterMashAlbum.20,Frankie Fun,19,MonsterMashAlbum.20.8,MonsterMashAlbum_20_8,Self Made Man,7,5,true,false,0,
monster-mash/sample-album,1,SAMPLE-HEXIE-03,Hexie,1789963128243,MonsterMashAlbum,MonsterMashAlbum,MonsterMashAlbum.20,Frankie Fun,19,MonsterMashAlbum.20.9,MonsterMashAlbum_20_9,Supportive,8,6,false,false,0,
monster-mash/sample-album,1,SAMPLE-HEXIE-03,Hexie,1789963128243,MonsterMashAlbum,MonsterMashAlbum,MonsterMashAlbum.21,Who You Gonna Call?,20,MonsterMashAlbum.21.1,MonsterMashAlbum_21_1,Shh!,0,4,false,false,0,
monster-mash/sample-album,1,SAMPLE-HEXIE-03,Hexie,1789963128243,MonsterMashAlbum,MonsterMashAlbum,MonsterMashAlbum.21,Who You Gonna Call?,20,MonsterMashAlbum.21.2,MonsterMashAlbum_21_2,Off the Charts,1,4,true,false,0,
monster-mash/sample-album,1,SAMPLE-HEXIE-03,Hexie,1789963128243,MonsterMashAlbum,MonsterMashAlbum,MonsterMashAlbum.21,Who You Gonna Call?,20,MonsterMashAlbum.21.3,MonsterMashAlbum_21_3,The Pole Works!,2,4,true,false,0,
monster-mash/sample-album,1,SAMPLE-HEXIE-03,Hexie,1789963128243,MonsterMashAlbum,MonsterMashAlbum,MonsterMashAlbum.21,Who You Gonna Call?,20,MonsterMashAlbum.21.4,MonsterMashAlbum_21_4,Goo Crew,3,5,false,false,0,
monster-mash/sample-album,1,SAMPLE-HEXIE-03,Hexie,1789963128243,MonsterMashAlbum,MonsterMashAlbum,MonsterMashAlbum.21,Who You Gonna Call?,20,MonsterMashAlbum.21.5,MonsterMashAlbum_21_5,We Have the Tools,4,5,false,false,0,
monster-mash/sample-album,1,SAMPLE-HEXIE-03,Hexie,1789963128243,MonsterMashAlbum,MonsterMashAlbum,MonsterMashAlbum.21,Who You Gonna Call?,20,MonsterMashAlbum.21.6,MonsterMashAlbum_21_6,Terrace Terror,5,5,true,false,0,
monster-mash/sample-album,1,SAMPLE-HEXIE-03,Hexie,1789963128243,MonsterMashAlbum,MonsterMashAlbum,MonsterMashAlbum.21,Who You Gonna Call?,20,MonsterMashAlbum.21.7,MonsterMashAlbum_21_7,S'more Heat,6,5,true,false,0,
monster-mash/sample-album,1,SAMPLE-HEXIE-03,Hexie,1789963128243,MonsterMashAlbum,MonsterMashAlbum,MonsterMashAlbum.21,Who You Gonna Call?,20,MonsterMashAlbum.21.8,MonsterMashAlbum_21_8,I Love This Town!,7,5,true,false,0,
monster-mash/sample-album,1,SAMPLE-HEXIE-03,Hexie,1789963128243,MonsterMashAlbum,MonsterMashAlbum,MonsterMashAlbum.21,Who You Gonna Call?,20,MonsterMashAlbum.21.9,MonsterMashAlbum_21_9,Big Town Heroes,8,6,false,false,0,
monster-mash/sample-album,1,SAMPLE-HEXIE-03,Hexie,1789963128243,MonsterMashAlbum,MonsterMashAlbum,MonsterMashAlbum.22,Demons & Hunters,21,MonsterMashAlbum.22.1,MonsterMashAlbum_22_1,How It's Done,0,4,true,false,0,
monster-mash/sample-album,1,SAMPLE-HEXIE-03,Hexie,1789963128243,MonsterMashAlbum,MonsterMashAlbum,MonsterMashAlbum.22,Demons & Hunters,21,MonsterMashAlbum.22.2,MonsterMashAlbum_22_2,Golden,1,4,true,false,0,
monster-mash/sample-album,1,SAMPLE-HEXIE-03,Hexie,1789963128243,MonsterMashAlbum,MonsterMashAlbum,MonsterMashAlbum.22,Demons & Hunters,21,MonsterMashAlbum.22.3,MonsterMashAlbum_22_3,Newcomers,2,5,false,false,0,
monster-mash/sample-album,1,SAMPLE-HEXIE-03,Hexie,1789963128243,MonsterMashAlbum,MonsterMashAlbum,MonsterMashAlbum.22,Demons & Hunters,21,MonsterMashAlbum.22.4,MonsterMashAlbum_22_4,Easy on the Eyes,3,5,false,false,0,
monster-mash/sample-album,1,SAMPLE-HEXIE-03,Hexie,1789963128243,MonsterMashAlbum,MonsterMashAlbum,MonsterMashAlbum.22,Demons & Hunters,21,MonsterMashAlbum.22.5,MonsterMashAlbum_22_5,Soda Pop,4,5,true,false,0,
monster-mash/sample-album,1,SAMPLE-HEXIE-03,Hexie,1789963128243,MonsterMashAlbum,MonsterMashAlbum,MonsterMashAlbum.22,Demons & Hunters,21,MonsterMashAlbum.22.6,MonsterMashAlbum_22_6,"Hello, Friend",5,5,true,false,0,
monster-mash/sample-album,1,SAMPLE-HEXIE-03,Hexie,1789963128243,MonsterMashAlbum,MonsterMashAlbum,MonsterMashAlbum.22,Demons & Hunters,21,MonsterMashAlbum.22.7,MonsterMashAlbum_22_7,Torn,6,5,true,false,0,
monster-mash/sample-album,1,SAMPLE-HEXIE-03,Hexie,1789963128243,MonsterMashAlbum,MonsterMashAlbum,MonsterMashAlbum.22,Demons & Hunters,21,MonsterMashAlbum.22.8,MonsterMashAlbum_22_8,Voices Strong,7,5,true,false,0,
monster-mash/sample-album,1,SAMPLE-HEXIE-03,Hexie,1789963128243,MonsterMashAlbum,MonsterMashAlbum,MonsterMashAlbum.22,Demons & Hunters,21,MonsterMashAlbum.22.9,MonsterMashAlbum_22_9,Cough! Cough! Cough!,8,6,false,false,0,
monster-mash/sample-album,1,SAMPLE-RAGS-04,Enter Rags,1789960908243,MonsterMashAlbum,MonsterMashAlbum,MonsterMashAlbum.1,Community Gallery,0,MonsterMashAlbum.1.1,MonsterMashAlbum_1_1,Woodland Whispers,0,1,false,false,0,
monster-mash/sample-album,1,SAMPLE-RAGS-04,Enter Rags,1789960908243,MonsterMashAlbum,MonsterMashAlbum,MonsterMashAlbum.1,Community Gallery,0,MonsterMashAlbum.1.2,MonsterMashAlbum_1_2,Kute Krampus,1,1,false,false,0,
monster-mash/sample-album,1,SAMPLE-RAGS-04,Enter Rags,1789960908243,MonsterMashAlbum,MonsterMashAlbum,MonsterMashAlbum.1,Community Gallery,0,MonsterMashAlbum.1.3,MonsterMashAlbum_1_3,Gentlewulf,2,1,false,false,0,
monster-mash/sample-album,1,SAMPLE-RAGS-04,Enter Rags,1789960908243,MonsterMashAlbum,MonsterMashAlbum,MonsterMashAlbum.1,Community Gallery,0,MonsterMashAlbum.1.4,MonsterMashAlbum_1_4,Patchwork,3,1,false,false,0,
monster-mash/sample-album,1,SAMPLE-RAGS-04,Enter Rags,1789960908243,MonsterMashAlbum,MonsterMashAlbum,MonsterMashAlbum.1,Community Gallery,0,MonsterMashAlbum.1.5,MonsterMashAlbum_1_5,Neck of the Woods,4,1,false,false,0,
monster-mash/sample-album,1,SAMPLE-RAGS-04,Enter Rags,1789960908243,MonsterMashAlbum,MonsterMashAlbum,MonsterMashAlbum.1,Community Gallery,0,MonsterMashAlbum.1.6,MonsterMashAlbum_1_6,Glam-O-Crow,5,1,false,false,0,
monster-mash/sample-album,1,SAMPLE-RAGS-04,Enter Rags,1789960908243,MonsterMashAlbum,MonsterMashAlbum,MonsterMashAlbum.1,Community Gallery,0,MonsterMashAlbum.1.7,MonsterMashAlbum_1_7,Harlequin Queen,6,1,false,false,0,
monster-mash/sample-album,1,SAMPLE-RAGS-04,Enter Rags,1789960908243,MonsterMashAlbum,MonsterMashAlbum,MonsterMashAlbum.1,Community Gallery,0,MonsterMashAlbum.1.8,MonsterMashAlbum_1_8,Screaming Clown,7,1,false,false,0,
monster-mash/sample-album,1,SAMPLE-RAGS-04,Enter Rags,1789960908243,MonsterMashAlbum,MonsterMashAlbum,MonsterMashAlbum.1,Community Gallery,0,MonsterMashAlbum.1.9,MonsterMashAlbum_1_9,Just a Zombie,8,1,false,false,0,
monster-mash/sample-album,1,SAMPLE-RAGS-04,Enter Rags,1789960908243,MonsterMashAlbum,MonsterMashAlbum,MonsterMashAlbum.2,Welcome To The Mansion,1,MonsterMashAlbum.2.1,MonsterMashAlbum_2_1,Mystery Mansion,0,1,false,false,0,
monster-mash/sample-album,1,SAMPLE-RAGS-04,Enter Rags,1789960908243,MonsterMashAlbum,MonsterMashAlbum,MonsterMashAlbum.2,Welcome To The Mansion,1,MonsterMashAlbum.2.2,MonsterMashAlbum_2_2,At The Gates,1,1,false,false,0,
monster-mash/sample-album,1,SAMPLE-RAGS-04,Enter Rags,1789960908243,MonsterMashAlbum,MonsterMashAlbum,MonsterMashAlbum.2,Welcome To The Mansion,1,MonsterMashAlbum.2.3,MonsterMashAlbum_2_3,Master Key,2,1,false,false,0,
monster-mash/sample-album,1,SAMPLE-RAGS-04,Enter Rags,1789960908243,MonsterMashAlbum,MonsterMashAlbum,MonsterMashAlbum.2,Welcome To The Mansion,1,MonsterMashAlbum.2.4,MonsterMashAlbum_2_4,The Other Side,3,1,false,false,0,
monster-mash/sample-album,1,SAMPLE-RAGS-04,Enter Rags,1789960908243,MonsterMashAlbum,MonsterMashAlbum,MonsterMashAlbum.2,Welcome To The Mansion,1,MonsterMashAlbum.2.5,MonsterMashAlbum_2_5,Hall O' Frame,4,1,false,false,0,
monster-mash/sample-album,1,SAMPLE-RAGS-04,Enter Rags,1789960908243,MonsterMashAlbum,MonsterMashAlbum,MonsterMashAlbum.2,Welcome To The Mansion,1,MonsterMashAlbum.2.6,MonsterMashAlbum_2_6,House Call,5,1,false,false,0,
monster-mash/sample-album,1,SAMPLE-RAGS-04,Enter Rags,1789960908243,MonsterMashAlbum,MonsterMashAlbum,MonsterMashAlbum.2,Welcome To The Mansion,1,MonsterMashAlbum.2.7,MonsterMashAlbum_2_7,HUNTR/X,6,1,false,false,0,
monster-mash/sample-album,1,SAMPLE-RAGS-04,Enter Rags,1789960908243,MonsterMashAlbum,MonsterMashAlbum,MonsterMashAlbum.2,Welcome To The Mansion,1,MonsterMashAlbum.2.8,MonsterMashAlbum_2_8,Ghostly Guide,7,1,false,false,0,
monster-mash/sample-album,1,SAMPLE-RAGS-04,Enter Rags,1789960908243,MonsterMashAlbum,MonsterMashAlbum,MonsterMashAlbum.2,Welcome To The Mansion,1,MonsterMashAlbum.2.9,MonsterMashAlbum_2_9,Places Unknown,8,1,false,false,0,
monster-mash/sample-album,1,SAMPLE-RAGS-04,Enter Rags,1789960908243,MonsterMashAlbum,MonsterMashAlbum,MonsterMashAlbum.3,Dracula,2,MonsterMashAlbum.3.1,MonsterMashAlbum_3_1,Enter Dracula,0,1,false,false,0,
monster-mash/sample-album,1,SAMPLE-RAGS-04,Enter Rags,1789960908243,MonsterMashAlbum,MonsterMashAlbum,MonsterMashAlbum.3,Dracula,2,MonsterMashAlbum.3.2,MonsterMashAlbum_3_2,On Reflection,1,1,false,false,0,
monster-mash/sample-album,1,SAMPLE-RAGS-04,Enter Rags,1789960908243,MonsterMashAlbum,MonsterMashAlbum,MonsterMashAlbum.3,Dracula,2,MonsterMashAlbum.3.3,MonsterMashAlbum_3_3,Long in the Tooth,2,1,false,false,0,
monster-mash/sample-album,1,SAMPLE-RAGS-04,Enter Rags,1789960908243,MonsterMashAlbum,MonsterMashAlbum,MonsterMashAlbum.3,Dracula,2,MonsterMashAlbum.3.4,MonsterMashAlbum_3_4,Day in the Sun,3,1,false,false,0,
monster-mash/sample-album,1,SAMPLE-RAGS-04,Enter Rags,1789960908243,MonsterMashAlbum,MonsterMashAlbum,MonsterMashAlbum.3,Dracula,2,MonsterMashAlbum.3.5,MonsterMashAlbum_3_5,Down for the Count,4,1,false,false,0,
monster-mash/sample-album,1,SAMPLE-RAGS-04,Enter Rags,1789960908243,MonsterMashAlbum,MonsterMashAlbum,MonsterMashAlbum.3,Dracula,2,MonsterMashAlbum.3.6,MonsterMashAlbum_3_6,Heart Stopper,5,1,false,false,0,
monster-mash/sample-album,1,SAMPLE-RAGS-04,Enter Rags,1789960908243,MonsterMashAlbum,MonsterMashAlbum,MonsterMashAlbum.3,Dracula,2,MonsterMashAlbum.3.7,MonsterMashAlbum_3_7,Cloak Conundrum,6,2,false,false,0,
monster-mash/sample-album,1,SAMPLE-RAGS-04,Enter Rags,1789960908243,MonsterMashAlbum,MonsterMashAlbum,MonsterMashAlbum.3,Dracula,2,MonsterMashAlbum.3.8,MonsterMashAlbum_3_8,Prince of Darkness,7,2,false,false,0,
monster-mash/sample-album,1,SAMPLE-RAGS-04,Enter Rags,1789960908243,MonsterMashAlbum,MonsterMashAlbum,MonsterMashAlbum.3,Dracula,2,MonsterMashAlbum.3.9,MonsterMashAlbum_3_9,Disco Drac,8,2,false,false,0,
monster-mash/sample-album,1,SAMPLE-RAGS-04,Enter Rags,1789960908243,MonsterMashAlbum,MonsterMashAlbum,MonsterMashAlbum.4,Lurid Labs,3,MonsterMashAlbum.4.1,MonsterMashAlbum_4_1,The Laboratory,0,1,false,false,0,
monster-mash/sample-album,1,SAMPLE-RAGS-04,Enter Rags,1789960908243,MonsterMashAlbum,MonsterMashAlbum,MonsterMashAlbum.4,Lurid Labs,3,MonsterMashAlbum.4.2,MonsterMashAlbum_4_2,Flip the Switch,1,1,false,false,0,
monster-mash/sample-album,1,SAMPLE-RAGS-04,Enter Rags,1789960908243,MonsterMashAlbum,MonsterMashAlbum,MonsterMashAlbum.4,Lurid Labs,3,MonsterMashAlbum.4.3,MonsterMashAlbum_4_3,Pet Project,2,1,false,false,0,
monster-mash/sample-album,1,SAMPLE-RAGS-04,Enter Rags,1789960908243,MonsterMashAlbum,MonsterMashAlbum,MonsterMashAlbum.4,Lurid Labs,3,MonsterMashAlbum.4.4,MonsterMashAlbum_4_4,Jealousy & Pride,3,2,false,false,0,
monster-mash/sample-album,1,SAMPLE-RAGS-04,Enter Rags,1789960908243,MonsterMashAlbum,MonsterMashAlbum,MonsterMashAlbum.4,Lurid Labs,3,MonsterMashAlbum.4.5,MonsterMashAlbum_4_5,Mad for Science,4,2,false,false,0,
monster-mash/sample-album,1,SAMPLE-RAGS-04,Enter Rags,1789960908243,MonsterMashAlbum,MonsterMashAlbum,MonsterMashAlbum.4,Lurid Labs,3,MonsterMashAlbum.4.6,MonsterMashAlbum_4_6,The Conductor,5,2,false,false,0,
monster-mash/sample-album,1,SAMPLE-RAGS-04,Enter Rags,1789960908243,MonsterMashAlbum,MonsterMashAlbum,MonsterMashAlbum.4,Lurid Labs,3,MonsterMashAlbum.4.7,MonsterMashAlbum_4_7,Ghost Trap,6,2,false,false,0,
monster-mash/sample-album,1,SAMPLE-RAGS-04,Enter Rags,1789960908243,MonsterMashAlbum,MonsterMashAlbum,MonsterMashAlbum.4,Lurid Labs,3,MonsterMashAlbum.4.8,MonsterMashAlbum_4_8,Gone Ghoul,7,2,false,false,0,
monster-mash/sample-album,1,SAMPLE-RAGS-04,Enter Rags,1789960908243,MonsterMashAlbum,MonsterMashAlbum,MonsterMashAlbum.4,Lurid Labs,3,MonsterMashAlbum.4.9,MonsterMashAlbum_4_9,Slimed,8,2,false,false,0,
monster-mash/sample-album,1,SAMPLE-RAGS-04,Enter Rags,1789960908243,MonsterMashAlbum,MonsterMashAlbum,MonsterMashAlbum.5,Grim Gardens,4,MonsterMashAlbum.5.1,MonsterMashAlbum_5_1,Ghouly Greens,0,2,false,false,0,
monster-mash/sample-album,1,SAMPLE-RAGS-04,Enter Rags,1789960908243,MonsterMashAlbum,MonsterMashAlbum,MonsterMashAlbum.5,Grim Gardens,4,MonsterMashAlbum.5.2,MonsterMashAlbum_5_2,Ghost Plant,1,2,false,false,0,
monster-mash/sample-album,1,SAMPLE-RAGS-04,Enter Rags,1789960908243,MonsterMashAlbum,MonsterMashAlbum,MonsterMashAlbum.5,Grim Gardens,4,MonsterMashAlbum.5.3,MonsterMashAlbum_5_3,Green Thumb,2,2,false,false,0,
monster-mash/sample-album,1,SAMPLE-RAGS-04,Enter Rags,1789960908243,MonsterMashAlbum,MonsterMashAlbum,MonsterMashAlbum.5,Grim Gardens,4,MonsterMashAlbum.5.4,MonsterMashAlbum_5_4,Creeper Vine,3,2,false,false,0,
monster-mash/sample-album,1,SAMPLE-RAGS-04,Enter Rags,1789960908243,MonsterMashAlbum,MonsterMashAlbum,MonsterMashAlbum.5,Grim Gardens,4,MonsterMashAlbum.5.5,MonsterMashAlbum_5_5,"Try, Try Again",4,2,false,false,0,
monster-mash/sample-album,1,SAMPLE-RAGS-04,Enter Rags,1789960908243,MonsterMashAlbum,MonsterMashAlbum,MonsterMashAlbum.5,Grim Gardens,4,MonsterMashAlbum.5.6,MonsterMashAlbum_5_6,Botanical Bogey,5,2,false,false,0,
monster-mash/sample-album,1,SAMPLE-RAGS-04,Enter Rags,1789960908243,MonsterMashAlbum,MonsterMashAlbum,MonsterMashAlbum.5,Grim Gardens,4,MonsterMashAlbum.5.7,MonsterMashAlbum_5_7,Heady Choices,6,2,false,false,0,
monster-mash/sample-album,1,SAMPLE-RAGS-04,Enter Rags,1789960908243,MonsterMashAlbum,MonsterMashAlbum,MonsterMashAlbum.5,Grim Gardens,4,MonsterMashAlbum.5.8,MonsterMashAlbum_5_8,Dirt Nap,7,2,false,false,0,
monster-mash/sample-album,1,SAMPLE-RAGS-04,Enter Rags,1789960908243,MonsterMashAlbum,MonsterMashAlbum,MonsterMashAlbum.5,Grim Gardens,4,MonsterMashAlbum.5.9,MonsterMashAlbum_5_9,BOO-quet,8,2,false,false,0,
monster-mash/sample-album,1,SAMPLE-RAGS-04,Enter Rags,1789960908243,MonsterMashAlbum,MonsterMashAlbum,MonsterMashAlbum.6,Wolfie,5,MonsterMashAlbum.6.1,MonsterMashAlbum_6_1,Enter Wolfie,0,2,false,false,0,
monster-mash/sample-album,1,SAMPLE-RAGS-04,Enter Rags,1789960908243,MonsterMashAlbum,MonsterMashAlbum,MonsterMashAlbum.6,Wolfie,5,MonsterMashAlbum.6.2,MonsterMashAlbum_6_2,Family Pack,1,2,false,false,0,
monster-mash/sample-album,1,SAMPLE-RAGS-04,Enter Rags,1789960908243,MonsterMashAlbum,MonsterMashAlbum,MonsterMashAlbum.6,Wolfie,5,MonsterMashAlbum.6.3,MonsterMashAlbum_6_3,Fetch!,2,2,false,false,0,
monster-mash/sample-album,1,SAMPLE-RAGS-04,Enter Rags,1789960908243,MonsterMashAlbum,MonsterMashAlbum,MonsterMashAlbum.6,Wolfie,5,MonsterMashAlbum.6.4,MonsterMashAlbum_6_4,I Beg You,3,2,false,false,0,
monster-mash/sample-album,1,SAMPLE-RAGS-04,Enter Rags,1789960908243,MonsterMashAlbum,MonsterMashAlbum,MonsterMashAlbum.6,Wolfie,5,MonsterMashAlbum.6.5,MonsterMashAlbum_6_5,Beast in Show,4,2,false,false,0,
monster-mash/sample-album,1,SAMPLE-RAGS-04,Enter Rags,1789960908243,MonsterMashAlbum,MonsterMashAlbum,MonsterMashAlbum.6,Wolfie,5,MonsterMashAlbum.6.6,MonsterMashAlbum_6_6,Call of the Wild,5,2,false,false,0,
monster-mash/sample-album,1,SAMPLE-RAGS-04,Enter Rags,1789960908243,MonsterMashAlbum,MonsterMashAlbum,MonsterMashAlbum.6,Wolfie,5,MonsterMashAlbum.6.7,MonsterMashAlbum_6_7,Fine Canines,6,2,false,false,0,
monster-mash/sample-album,1,SAMPLE-RAGS-04,Enter Rags,1789960908243,MonsterMashAlbum,MonsterMashAlbum,MonsterMashAlbum.6,Wolfie,5,MonsterMashAlbum.6.8,MonsterMashAlbum_6_8,Howl N' Prowl,7,2,false,false,0,
monster-mash/sample-album,1,SAMPLE-RAGS-04,Enter Rags,1789960908243,MonsterMashAlbum,MonsterMashAlbum,MonsterMashAlbum.6,Wolfie,5,MonsterMashAlbum.6.9,MonsterMashAlbum_6_9,Luna's Flea Bath,8,2,false,false,0,
monster-mash/sample-album,1,SAMPLE-RAGS-04,Enter Rags,1789960908243,MonsterMashAlbum,MonsterMashAlbum,MonsterMashAlbum.7,Sleepless Night,6,MonsterMashAlbum.7.1,MonsterMashAlbum_7_1,Blighted Bedroom,0,2,false,false,0,
monster-mash/sample-album,1,SAMPLE-RAGS-04,Enter Rags,1789960908243,MonsterMashAlbum,MonsterMashAlbum,MonsterMashAlbum.7,Sleepless Night,6,MonsterMashAlbum.7.2,MonsterMashAlbum_7_2,Ghost Story,1,2,false,false,0,
monster-mash/sample-album,1,SAMPLE-RAGS-04,Enter Rags,1789960908243,MonsterMashAlbum,MonsterMashAlbum,MonsterMashAlbum.7,Sleepless Night,6,MonsterMashAlbum.7.3,MonsterMashAlbum_7_3,Clowned,2,2,false,false,0,
monster-mash/sample-album,1,SAMPLE-RAGS-04,Enter Rags,1789960908243,MonsterMashAlbum,MonsterMashAlbum,MonsterMashAlbum.7,Sleepless Night,6,MonsterMashAlbum.7.4,MonsterMashAlbum_7_4,Demonic Disguise,3,2,false,false,0,
monster-mash/sample-album,1,SAMPLE-RAGS-04,Enter Rags,1789960908243,MonsterMashAlbum,MonsterMashAlbum,MonsterMashAlbum.7,Sleepless Night,6,MonsterMashAlbum.7.5,MonsterMashAlbum_7_5,Going Batty,4,2,false,false,0,
monster-mash/sample-album,1,SAMPLE-RAGS-04,Enter Rags,1789960908243,MonsterMashAlbum,MonsterMashAlbum,MonsterMashAlbum.7,Sleepless Night,6,MonsterMashAlbum.7.6,MonsterMashAlbum_7_6,Safety First,5,2,false,false,0,
monster-mash/sample-album,1,SAMPLE-RAGS-04,Enter Rags,1789960908243,MonsterMashAlbum,MonsterMashAlbum,MonsterMashAlbum.7,Sleepless Night,6,MonsterMashAlbum.7.7,MonsterMashAlbum_7_7,Chair Raising,6,2,false,false,0,
monster-mash/sample-album,1,SAMPLE-RAGS-04,Enter Rags,1789960908243,MonsterMashAlbum,MonsterMashAlbum,MonsterMashAlbum.7,Sleepless Night,6,MonsterMashAlbum.7.8,MonsterMashAlbum_7_8,Mystery Solved,7,3,false,false,0,
monster-mash/sample-album,1,SAMPLE-RAGS-04,Enter Rags,1789960908243,MonsterMashAlbum,MonsterMashAlbum,MonsterMashAlbum.7,Sleepless Night,6,MonsterMashAlbum.7.9,MonsterMashAlbum_7_9,Boogey Boo!,8,3,false,false,0,
monster-mash/sample-album,1,SAMPLE-RAGS-04,Enter Rags,1789960908243,MonsterMashAlbum,MonsterMashAlbum,MonsterMashAlbum.8,Ms. Frankenstein,7,MonsterMashAlbum.8.1,MonsterMashAlbum_8_1,Enter Undead Diva,0,2,false,false,0,
monster-mash/sample-album,1,SAMPLE-RAGS-04,Enter Rags,1789960908243,MonsterMashAlbum,MonsterMashAlbum,MonsterMashAlbum.8,Ms. Frankenstein,7,MonsterMashAlbum.8.2,MonsterMashAlbum_8_2,Study Buddy,1,2,false,false,0,
monster-mash/sample-album,1,SAMPLE-RAGS-04,Enter Rags,1789960908243,MonsterMashAlbum,MonsterMashAlbum,MonsterMashAlbum.8,Ms. Frankenstein,7,MonsterMashAlbum.8.3,MonsterMashAlbum_8_3,Inspiration Strikes!,2,2,false,false,0,
monster-mash/sample-album,1,SAMPLE-RAGS-04,Enter Rags,1789960908243,MonsterMashAlbum,MonsterMashAlbum,MonsterMashAlbum.8,Ms. Frankenstein,7,MonsterMashAlbum.8.4,MonsterMashAlbum_8_4,Made for This,3,2,false,false,0,
monster-mash/sample-album,1,SAMPLE-RAGS-04,Enter Rags,1789960908243,MonsterMashAlbum,MonsterMashAlbum,MonsterMashAlbum.8,Ms. Frankenstein,7,MonsterMashAlbum.8.5,MonsterMashAlbum_8_5,Thunderhead,4,2,false,false,0,
monster-mash/sample-album,1,SAMPLE-RAGS-04,Enter Rags,1789960908243,MonsterMashAlbum,MonsterMashAlbum,MonsterMashAlbum.8,Ms. Frankenstein,7,MonsterMashAlbum.8.6,MonsterMashAlbum_8_6,Stormy Skies,5,2,false,false,0,
monster-mash/sample-album,1,SAMPLE-RAGS-04,Enter Rags,1789960908243,MonsterMashAlbum,MonsterMashAlbum,MonsterMashAlbum.8,Ms. Frankenstein,7,MonsterMashAlbum.8.7,MonsterMashAlbum_8_7,At First Sight,6,3,false,false,0,
monster-mash/sample-album,1,SAMPLE-RAGS-04,Enter Rags,1789960908243,MonsterMashAlbum,MonsterMashAlbum,MonsterMashAlbum.8,Ms. Frankenstein,7,MonsterMashAlbum.8.8,MonsterMashAlbum_8_8,Strike a Pose,7,3,false,false,0,
monster-mash/sample-album,1,SAMPLE-RAGS-04,Enter Rags,1789960908243,MonsterMashAlbum,MonsterMashAlbum,MonsterMashAlbum.8,Ms. Frankenstein,7,MonsterMashAlbum.8.9,MonsterMashAlbum_8_9,I Do!,8,3,false,false,0,
monster-mash/sample-album,1,SAMPLE-RAGS-04,Enter Rags,1789960908243,MonsterMashAlbum,MonsterMashAlbum,MonsterMashAlbum.9,Halloween Games,8,MonsterMashAlbum.9.1,MonsterMashAlbum_9_1,Game On!,0,2,false,false,0,
monster-mash/sample-album,1,SAMPLE-RAGS-04,Enter Rags,1789960908243,MonsterMashAlbum,MonsterMashAlbum,MonsterMashAlbum.9,Halloween Games,8,MonsterMashAlbum.9.2,MonsterMashAlbum_9_2,Takedown,1,2,false,false,0,
monster-mash/sample-album,1,SAMPLE-RAGS-04,Enter Rags,1789960908243,MonsterMashAlbum,MonsterMashAlbum,MonsterMashAlbum.9,Halloween Games,8,MonsterMashAlbum.9.3,MonsterMashAlbum_9_3,Nice Bob!,2,2,false,false,0,
monster-mash/sample-album,1,SAMPLE-RAGS-04,Enter Rags,1789960908243,MonsterMashAlbum,MonsterMashAlbum,MonsterMashAlbum.9,Halloween Games,8,MonsterMashAlbum.9.4,MonsterMashAlbum_9_4,Stuck in Limbo,3,2,false,false,0,
monster-mash/sample-album,1,SAMPLE-RAGS-04,Enter Rags,1789960908243,MonsterMashAlbum,MonsterMashAlbum,MonsterMashAlbum.9,Halloween Games,8,MonsterMashAlbum.9.5,MonsterMashAlbum_9_5,Feet of Strength,4,3,false,false,0,
monster-mash/sample-album,1,SAMPLE-RAGS-04,Enter Rags,1789960908243,MonsterMashAlbum,MonsterMashAlbum,MonsterMashAlbum.9,Halloween Games,8,MonsterMashAlbum.9.6,MonsterMashAlbum_9_6,Sugar Rush,5,3,false,false,0,
monster-mash/sample-album,1,SAMPLE-RAGS-04,Enter Rags,1789960908243,MonsterMashAlbum,MonsterMashAlbum,MonsterMashAlbum.9,Halloween Games,8,MonsterMashAlbum.9.7,MonsterMashAlbum_9_7,Deadly Aim,6,3,false,false,0,
monster-mash/sample-album,1,SAMPLE-RAGS-04,Enter Rags,1789960908243,MonsterMashAlbum,MonsterMashAlbum,MonsterMashAlbum.9,Halloween Games,8,MonsterMashAlbum.9.8,MonsterMashAlbum_9_8,The Ringer,7,3,false,false,0,
monster-mash/sample-album,1,SAMPLE-RAGS-04,Enter Rags,1789960908243,MonsterMashAlbum,MonsterMashAlbum,MonsterMashAlbum.9,Halloween Games,8,MonsterMashAlbum.9.9,MonsterMashAlbum_9_9,Snack Attack,8,3,false,false,0,
monster-mash/sample-album,1,SAMPLE-RAGS-04,Enter Rags,1789960908243,MonsterMashAlbum,MonsterMashAlbum,MonsterMashAlbum.10,The Mummy,9,MonsterMashAlbum.10.1,MonsterMashAlbum_10_1,Enter Rags,0,2,false,false,0,
monster-mash/sample-album,1,SAMPLE-RAGS-04,Enter Rags,1789960908243,MonsterMashAlbum,MonsterMashAlbum,MonsterMashAlbum.10,The Mummy,9,MonsterMashAlbum.10.2,MonsterMashAlbum_10_2,Bugging Out,1,2,false,false,0,
monster-mash/sample-album,1,SAMPLE-RAGS-04,Enter Rags,1789960908243,MonsterMashAlbum,MonsterMashAlbum,MonsterMashAlbum.10,The Mummy,9,MonsterMashAlbum.10.3,MonsterMashAlbum_10_3,Curses!,2,3,false,false,0,
monster-mash/sample-album,1,SAMPLE-RAGS-04,Enter Rags,1789960908243,MonsterMashAlbum,MonsterMashAlbum,MonsterMashAlbum.10,The Mummy,9,MonsterMashAlbum.10.4,MonsterMashAlbum_10_4,Pyramid Scheme,3,3,false,false,0,
monster-mash/sample-album,1,SAMPLE-RAGS-04,Enter Rags,1789960908243,MonsterMashAlbum,MonsterMashAlbum,MonsterMashAlbum.10,The Mummy,9,MonsterMashAlbum.10.5,MonsterMashAlbum_10_5,That's a Wrap!,4,3,false,false,0,
monster-mash/sample-album,1,SAMPLE-RAGS-04,Enter Rags,1789960908243,MonsterMashAlbum,MonsterMashAlbum,MonsterMashAlbum.10,The Mummy,9,MonsterMashAlbum.10.6,MonsterMashAlbum_10_6,Cryptic,5,3,false,false,0,
monster-mash/sample-album,1,SAMPLE-RAGS-04,Enter Rags,1789960908243,MonsterMashAlbum,MonsterMashAlbum,MonsterMashAlbum.10,The Mummy,9,MonsterMashAlbum.10.7,MonsterMashAlbum_10_7,Preserves,6,3,false,false,0,
monster-mash/sample-album,1,SAMPLE-RAGS-04,Enter Rags,1789960908243,MonsterMashAlbum,MonsterMashAlbum,MonsterMashAlbum.10,The Mummy,9,MonsterMashAlbum.10.8,MonsterMashAlbum_10_8,Tomb Boy,7,3,false,false,0,
monster-mash/sample-album,1,SAMPLE-RAGS-04,Enter Rags,1789960908243,MonsterMashAlbum,MonsterMashAlbum,MonsterMashAlbum.10,The Mummy,9,MonsterMashAlbum.10.9,MonsterMashAlbum_10_9,Walk This Way,8,3,false,false,0,
monster-mash/sample-album,1,SAMPLE-RAGS-04,Enter Rags,1789960908243,MonsterMashAlbum,MonsterMashAlbum,MonsterMashAlbum.11,The Swamp Monster,10,MonsterMashAlbum.11.1,MonsterMashAlbum_11_1,Enter Swampie,0,2,false,false,0,
monster-mash/sample-album,1,SAMPLE-RAGS-04,Enter Rags,1789960908243,MonsterMashAlbum,MonsterMashAlbum,MonsterMashAlbum.11,The Swamp Monster,10,MonsterMashAlbum.11.2,MonsterMashAlbum_11_2,Ugly Muckling,1,3,false,false,0,
monster-mash/sample-album,1,SAMPLE-RAGS-04,Enter Rags,1789960908243,MonsterMashAlbum,MonsterMashAlbum,MonsterMashAlbum.11,The Swamp Monster,10,MonsterMashAlbum.11.3,MonsterMashAlbum_11_3,Swamp Hang,2,3,false,false,0,
monster-mash/sample-album,1,SAMPLE-RAGS-04,Enter Rags,1789960908243,MonsterMashAlbum,MonsterMashAlbum,MonsterMashAlbum.11,The Swamp Monster,10,MonsterMashAlbum.11.4,MonsterMashAlbum_11_4,Marsh Mellow,3,3,false,false,0,
monster-mash/sample-album,1,SAMPLE-RAGS-04,Enter Rags,1789960908243,MonsterMashAlbum,MonsterMashAlbum,MonsterMashAlbum.11,The Swamp Monster,10,MonsterMashAlbum.11.5,MonsterMashAlbum_11_5,Top Underling,4,3,false,false,0,
monster-mash/sample-album,1,SAMPLE-RAGS-04,Enter Rags,1789960908243,MonsterMashAlbum,MonsterMashAlbum,MonsterMashAlbum.11,The Swamp Monster,10,MonsterMashAlbum.11.6,MonsterMashAlbum_11_6,Swamped,5,3,false,false,0,
monster-mash/sample-album,1,SAMPLE-RAGS-04,Enter Rags,1789960908243,MonsterMashAlbum,MonsterMashAlbum,MonsterMashAlbum.11,The Swamp Monster,10,MonsterMashAlbum.11.7,MonsterMashAlbum_11_7,Exit Strategy,6,3,false,false,0,
monster-mash/sample-album,1,SAMPLE-RAGS-04,Enter Rags,1789960908243,MonsterMashAlbum,MonsterMashAlbum,MonsterMashAlbum.11,The Swamp Monster,10,MonsterMashAlbum.11.8,MonsterMashAlbum_11_8,Swampie,7,3,false,false,0,
monster-mash/sample-album,1,SAMPLE-RAGS-04,Enter Rags,1789960908243,MonsterMashAlbum,MonsterMashAlbum,MonsterMashAlbum.11,The Swamp Monster,10,MonsterMashAlbum.11.9,MonsterMashAlbum_11_9,Boggy Nights,8,4,false,false,0,
monster-mash/sample-album,1,SAMPLE-RAGS-04,Enter Rags,1789960908243,MonsterMashAlbum,MonsterMashAlbum,MonsterMashAlbum.12,Evil Deeds,11,MonsterMashAlbum.12.1,MonsterMashAlbum_12_1,Witchy Wood,0,3,false,false,0,
monster-mash/sample-album,1,SAMPLE-RAGS-04,Enter Rags,1789960908243,MonsterMashAlbum,MonsterMashAlbum,MonsterMashAlbum.12,Evil Deeds,11,MonsterMashAlbum.12.2,MonsterMashAlbum_12_2,Unamusement Park,1,3,false,false,0,
monster-mash/sample-album,1,SAMPLE-RAGS-04,Enter Rags,1789960908243,MonsterMashAlbum,MonsterMashAlbum,MonsterMashAlbum.12,Evil Deeds,11,MonsterMashAlbum.12.3,MonsterMashAlbum_12_3,Soggy Bayou,2,3,false,false,0,
monster-mash/sample-album,1,SAMPLE-RAGS-04,Enter Rags,1789960908243,MonsterMashAlbum,MonsterMashAlbum,MonsterMashAlbum.12,Evil Deeds,11,MonsterMashAlbum.12.4,MonsterMashAlbum_12_4,Shrieking Shores,3,3,false,false,0,
monster-mash/sample-album,1,SAMPLE-RAGS-04,Enter Rags,1789960908243,MonsterMashAlbum,MonsterMashAlbum,MonsterMashAlbum.12,Evil Deeds,11,MonsterMashAlbum.12.5,MonsterMashAlbum_12_5,550 Central Park West,4,3,false,false,0,
monster-mash/sample-album,1,SAMPLE-RAGS-04,Enter Rags,1789960908243,MonsterMashAlbum,MonsterMashAlbum,MonsterMashAlbum.12,Evil Deeds,11,MonsterMashAlbum.12.6,MonsterMashAlbum_12_6,MGO Mausoleum,5,3,false,false,0,
monster-mash/sample-album,1,SAMPLE-RAGS-04,Enter Rags,1789960908243,MonsterMashAlbum,MonsterMashAlbum,MonsterMashAlbum.12,Evil Deeds,11,MonsterMashAlbum.12.7,MonsterMashAlbum_12_7,The Demon World,6,3,false,false,0,
monster-mash/sample-album,1,SAMPLE-RAGS-04,Enter Rags,1789960908243,MonsterMashAlbum,MonsterMashAlbum,MonsterMashAlbum.12,Evil Deeds,11,MonsterMashAlbum.12.8,MonsterMashAlbum_12_8,Cabin in the Woods,7,4,false,false,0,
monster-mash/sample-album,1,SAMPLE-RAGS-04,Enter Rags,1789960908243,MonsterMashAlbum,MonsterMashAlbum,MonsterMashAlbum.12,Evil Deeds,11,MonsterMashAlbum.12.9,MonsterMashAlbum_12_9,Dracula's Castle,8,4,false,false,0,
monster-mash/sample-album,1,SAMPLE-RAGS-04,Enter Rags,1789960908243,MonsterMashAlbum,MonsterMashAlbum,MonsterMashAlbum.13,The Zombie,12,MonsterMashAlbum.13.1,MonsterMashAlbum_13_1,Enter Shambles,0,3,false,false,0,
monster-mash/sample-album,1,SAMPLE-RAGS-04,Enter Rags,1789960908243,MonsterMashAlbum,MonsterMashAlbum,MonsterMashAlbum.13,The Zombie,12,MonsterMashAlbum.13.2,MonsterMashAlbum_13_2,Early Riser,1,3,false,false,0,
monster-mash/sample-album,1,SAMPLE-RAGS-04,Enter Rags,1789960908243,MonsterMashAlbum,MonsterMashAlbum,MonsterMashAlbum.13,The Zombie,12,MonsterMashAlbum.13.3,MonsterMashAlbum_13_3,Brain Rot,2,3,false,false,0,
monster-mash/sample-album,1,SAMPLE-RAGS-04,Enter Rags,1789960908243,MonsterMashAlbum,MonsterMashAlbum,MonsterMashAlbum.13,The Zombie,12,MonsterMashAlbum.13.4,MonsterMashAlbum_13_4,Brain Food,3,3,false,false,0,
monster-mash/sample-album,1,SAMPLE-RAGS-04,Enter Rags,1789960908243,MonsterMashAlbum,MonsterMashAlbum,MonsterMashAlbum.13,The Zombie,12,MonsterMashAlbum.13.5,MonsterMashAlbum_13_5,A Beautiful Mind,4,3,false,false,0,
monster-mash/sample-album,1,SAMPLE-RAGS-04,Enter Rags,1789960908243,MonsterMashAlbum,MonsterMashAlbum,MonsterMashAlbum.13,The Zombie,12,MonsterMashAlbum.13.6,MonsterMashAlbum_13_6,Brainiac,5,3,false,false,0,
monster-mash/sample-album,1,SAMPLE-RAGS-04,Enter Rags,1789960908243,MonsterMashAlbum,MonsterMashAlbum,MonsterMashAlbum.13,The Zombie,12,MonsterMashAlbum.13.7,MonsterMashAlbum_13_7,One Man's Trash,6,4,false,false,0,
monster-mash/sample-album,1,SAMPLE-RAGS-04,Enter Rags,1789960908243,MonsterMashAlbum,MonsterMashAlbum,MonsterMashAlbum.13,The Zombie,12,MonsterMashAlbum.13.8,MonsterMashAlbum_13_8,Fresh to Death,7,4,false,false,0,
monster-mash/sample-album,1,SAMPLE-RAGS-04,Enter Rags,1789960908243,MonsterMashAlbum,MonsterMashAlbum,MonsterMashAlbum.13,The Zombie,12,MonsterMashAlbum.13.9,MonsterMashAlbum_13_9,Bashful Monster,8,4,true,false,0,
monster-mash/sample-album,1,SAMPLE-RAGS-04,Enter Rags,1789960908243,MonsterMashAlbum,MonsterMashAlbum,MonsterMashAlbum.14,The Ghost,13,MonsterMashAlbum.14.1,MonsterMashAlbum_14_1,Enter Godfrey,0,3,false,false,0,
monster-mash/sample-album,1,SAMPLE-RAGS-04,Enter Rags,1789960908243,MonsterMashAlbum,MonsterMashAlbum,MonsterMashAlbum.14,The Ghost,13,MonsterMashAlbum.14.2,MonsterMashAlbum_14_2,King of Swing,1,3,false,false,0,
monster-mash/sample-album,1,SAMPLE-RAGS-04,Enter Rags,1789960908243,MonsterMashAlbum,MonsterMashAlbum,MonsterMashAlbum.14,The Ghost,13,MonsterMashAlbum.14.3,MonsterMashAlbum_14_3,Sing Along,2,3,false,false,0,
monster-mash/sample-album,1,SAMPLE-RAGS-04,Enter Rags,1789960908243,MonsterMashAlbum,MonsterMashAlbum,MonsterMashAlbum.14,The Ghost,13,MonsterMashAlbum.14.4,MonsterMashAlbum_14_4,Creepy Cameo,3,3,false,false,0,
monster-mash/sample-album,1,SAMPLE-RAGS-04,Enter Rags,1789960908243,MonsterMashAlbum,MonsterMashAlbum,MonsterMashAlbum.14,The Ghost,13,MonsterMashAlbum.14.5,MonsterMashAlbum_14_5,Fridge Raider,4,3,false,false,0,
monster-mash/sample-album,1,SAMPLE-RAGS-04,Enter Rags,1789960908243,MonsterMashAlbum,MonsterMashAlbum,MonsterMashAlbum.14,The Ghost,13,MonsterMashAlbum.14.6,MonsterMashAlbum_14_6,Chilling,5,4,false,false,0,
monster-mash/sample-album,1,SAMPLE-RAGS-04,Enter Rags,1789960908243,MonsterMashAlbum,MonsterMashAlbum,MonsterMashAlbum.14,The Ghost,13,MonsterMashAlbum.14.7,MonsterMashAlbum_14_7,Clear Reading,6,4,false,false,0,
monster-mash/sample-album,1,SAMPLE-RAGS-04,Enter Rags,1789960908243,MonsterMashAlbum,MonsterMashAlbum,MonsterMashAlbum.14,The Ghost,13,MonsterMashAlbum.14.8,MonsterMashAlbum_14_8,Fudged,7,4,true,false,0,
monster-mash/sample-album,1,SAMPLE-RAGS-04,Enter Rags,1789960908243,MonsterMashAlbum,MonsterMashAlbum,MonsterMashAlbum.14,The Ghost,13,MonsterMashAlbum.14.9,MonsterMashAlbum_14_9,Thrown Off,8,5,false,false,0,
monster-mash/sample-album,1,SAMPLE-RAGS-04,Enter Rags,1789960908243,MonsterMashAlbum,MonsterMashAlbum,MonsterMashAlbum.15,The Witch,14,MonsterMashAlbum.15.1,MonsterMashAlbum_15_1,Enter Hexie,0,3,false,false,0,
monster-mash/sample-album,1,SAMPLE-RAGS-04,Enter Rags,1789960908243,MonsterMashAlbum,MonsterMashAlbum,MonsterMashAlbum.15,The Witch,14,MonsterMashAlbum.15.2,MonsterMashAlbum_15_2,Familiar Face,1,3,false,false,0,
monster-mash/sample-album,1,SAMPLE-RAGS-04,Enter Rags,1789960908243,MonsterMashAlbum,MonsterMashAlbum,MonsterMashAlbum.15,The Witch,14,MonsterMashAlbum.15.3,MonsterMashAlbum_15_3,Miss Spelled,2,3,false,false,0,
monster-mash/sample-album,1,SAMPLE-RAGS-04,Enter Rags,1789960908243,MonsterMashAlbum,MonsterMashAlbum,MonsterMashAlbum.15,The Witch,14,MonsterMashAlbum.15.4,MonsterMashAlbum_15_4,At Your Service,3,4,false,false,0,
monster-mash/sample-album,1,SAMPLE-RAGS-04,Enter Rags,1789960908243,MonsterMashAlbum,MonsterMashAlbum,MonsterMashAlbum.15,The Witch,14,MonsterMashAlbum.15.5,MonsterMashAlbum_15_5,Monstrous Mix-Ins,4,4,false,false,0,
monster-mash/sample-album,1,SAMPLE-RAGS-04,Enter Rags,1789960908243,MonsterMashAlbum,MonsterMashAlbum,MonsterMashAlbum.15,The Witch,14,MonsterMashAlbum.15.6,MonsterMashAlbum_15_6,Hat Trick,5,4,false,false,0,
monster-mash/sample-album,1,SAMPLE-RAGS-04,Enter Rags,1789960908243,MonsterMashAlbum,MonsterMashAlbum,MonsterMashAlbum.15,The Witch,14,MonsterMashAlbum.15.7,MonsterMashAlbum_15_7,Buckle Up,6,4,true,false,0,
monster-mash/sample-album,1,SAMPLE-RAGS-04,Enter Rags,1789960908243,MonsterMashAlbum,MonsterMashAlbum,MonsterMashAlbum.15,The Witch,14,MonsterMashAlbum.15.8,MonsterMashAlbum_15_8,Witching Hour,7,5,false,false,0,
monster-mash/sample-album,1,SAMPLE-RAGS-04,Enter Rags,1789960908243,MonsterMashAlbum,MonsterMashAlbum,MonsterMashAlbum.15,The Witch,14,MonsterMashAlbum.15.9,MonsterMashAlbum_15_9,Stir Crazy,8,5,false,false,0,
monster-mash/sample-album,1,SAMPLE-RAGS-04,Enter Rags,1789960908243,MonsterMashAlbum,MonsterMashAlbum,MonsterMashAlbum.16,Ghastly Garage,15,MonsterMashAlbum.16.1,MonsterMashAlbum_16_1,The Lock-Up,0,3,false,false,0,
monster-mash/sample-album,1,SAMPLE-RAGS-04,Enter Rags,1789960908243,MonsterMashAlbum,MonsterMashAlbum,MonsterMashAlbum.16,Ghastly Garage,15,MonsterMashAlbum.16.2,MonsterMashAlbum_16_2,Stay Golden,1,3,false,false,0,
monster-mash/sample-album,1,SAMPLE-RAGS-04,Enter Rags,1789960908243,MonsterMashAlbum,MonsterMashAlbum,MonsterMashAlbum.16,Ghastly Garage,15,MonsterMashAlbum.16.3,MonsterMashAlbum_16_3,Wolfie Wagon,2,4,false,false,0,
monster-mash/sample-album,1,SAMPLE-RAGS-04,Enter Rags,1789960908243,MonsterMashAlbum,MonsterMashAlbum,MonsterMashAlbum.16,Ghastly Garage,15,MonsterMashAlbum.16.4,MonsterMashAlbum_16_4,Rags' Roadster,3,4,false,false,0,
monster-mash/sample-album,1,SAMPLE-RAGS-04,Enter Rags,1789960908243,MonsterMashAlbum,MonsterMashAlbum,MonsterMashAlbum.16,Ghastly Garage,15,MonsterMashAlbum.16.5,MonsterMashAlbum_16_5,Long-Term Parking,4,4,false,false,0,
monster-mash/sample-album,1,SAMPLE-RAGS-04,Enter Rags,1789960908243,MonsterMashAlbum,MonsterMashAlbum,MonsterMashAlbum.16,Ghastly Garage,15,MonsterMashAlbum.16.6,MonsterMashAlbum_16_6,Franken-Coach,5,4,false,false,0,
monster-mash/sample-album,1,SAMPLE-RAGS-04,Enter Rags,1789960908243,MonsterMashAlbum,MonsterMashAlbum,MonsterMashAlbum.16,Ghastly Garage,15,MonsterMashAlbum.16.7,MonsterMashAlbum_16_7,High Beams,6,4,true,false,0,
monster-mash/sample-album,1,SAMPLE-RAGS-04,Enter Rags,1789960908243,MonsterMashAlbum,MonsterMashAlbum,MonsterMashAlbum.16,Ghastly Garage,15,MonsterMashAlbum.16.8,MonsterMashAlbum_16_8,Drac's Dragster,7,5,false,false,0,
monster-mash/sample-album,1,SAMPLE-RAGS-04,Enter Rags,1789960908243,MonsterMashAlbum,MonsterMashAlbum,MonsterMashAlbum.16,Ghastly Garage,15,MonsterMashAlbum.16.9,MonsterMashAlbum_16_9,Ecto-1,8,5,true,false,0,
monster-mash/sample-album,1,SAMPLE-RAGS-04,Enter Rags,1789960908243,MonsterMashAlbum,MonsterMashAlbum,MonsterMashAlbum.17,Boogie Bash,16,MonsterMashAlbum.17.1,MonsterMashAlbum_17_1,DJ Spinner,0,4,false,false,0,
monster-mash/sample-album,1,SAMPLE-RAGS-04,Enter Rags,1789960908243,MonsterMashAlbum,MonsterMashAlbum,MonsterMashAlbum.17,Boogie Bash,16,MonsterMashAlbum.17.2,MonsterMashAlbum_17_2,Dance Idols,1,4,false,false,0,
monster-mash/sample-album,1,SAMPLE-RAGS-04,Enter Rags,1789960908243,MonsterMashAlbum,MonsterMashAlbum,MonsterMashAlbum.17,Boogie Bash,16,MonsterMashAlbum.17.3,MonsterMashAlbum_17_3,Do The Worm,2,4,false,false,0,
monster-mash/sample-album,1,SAMPLE-RAGS-04,Enter Rags,1789960908243,MonsterMashAlbum,MonsterMashAlbum,MonsterMashAlbum.17,Boogie Bash,16,MonsterMashAlbum.17.4,MonsterMashAlbum_17_4,Shredding,3,4,false,false,0,
monster-mash/sample-album,1,SAMPLE-RAGS-04,Enter Rags,1789960908243,MonsterMashAlbum,MonsterMashAlbum,MonsterMashAlbum.17,Boogie Bash,16,MonsterMashAlbum.17.5,MonsterMashAlbum_17_5,Electric BOO-galoo,4,4,true,false,0,
monster-mash/sample-album,1,SAMPLE-RAGS-04,Enter Rags,1789960908243,MonsterMashAlbum,MonsterMashAlbum,MonsterMashAlbum.17,Boogie Bash,16,MonsterMashAlbum.17.6,MonsterMashAlbum_17_6,Wall Flowers,5,4,true,false,0,
monster-mash/sample-album,1,SAMPLE-RAGS-04,Enter Rags,1789960908243,MonsterMashAlbum,MonsterMashAlbum,MonsterMashAlbum.17,Boogie Bash,16,MonsterMashAlbum.17.7,MonsterMashAlbum_17_7,Punchline,6,5,false,false,0,
monster-mash/sample-album,1,SAMPLE-RAGS-04,Enter Rags,1789960908243,MonsterMashAlbum,MonsterMashAlbum,MonsterMashAlbum.17,Boogie Bash,16,MonsterMashAlbum.17.8,MonsterMashAlbum_17_8,To Be Free,7,5,true,false,0,
monster-mash/sample-album,1,SAMPLE-RAGS-04,Enter Rags,1789960908243,MonsterMashAlbum,MonsterMashAlbum,MonsterMashAlbum.17,Boogie Bash,16,MonsterMashAlbum.17.9,MonsterMashAlbum_17_9,Monster Mosh,8,6,false,false,0,
monster-mash/sample-album,1,SAMPLE-RAGS-04,Enter Rags,1789960908243,MonsterMashAlbum,MonsterMashAlbum,MonsterMashAlbum.18,The Attic,17,MonsterMashAlbum.18.1,MonsterMashAlbum_18_1,Up the Hatch,0,4,false,false,0,
monster-mash/sample-album,1,SAMPLE-RAGS-04,Enter Rags,1789960908243,MonsterMashAlbum,MonsterMashAlbum,MonsterMashAlbum.18,The Attic,17,MonsterMashAlbum.18.2,MonsterMashAlbum_18_2,Derpy Statue,1,4,false,false,0,
monster-mash/sample-album,1,SAMPLE-RAGS-04,Enter Rags,1789960908243,MonsterMashAlbum,MonsterMashAlbum,MonsterMashAlbum.18,The Attic,17,MonsterMashAlbum.18.3,MonsterMashAlbum_18_3,Ghostly Glow,2,4,false,false,0,
monster-mash/sample-album,1,SAMPLE-RAGS-04,Enter Rags,1789960908243,MonsterMashAlbum,MonsterMashAlbum,MonsterMashAlbum.18,The Attic,17,MonsterMashAlbum.18.4,MonsterMashAlbum_18_4,Be a Doll,3,4,true,false,0,
monster-mash/sample-album,1,SAMPLE-RAGS-04,Enter Rags,1789960908243,MonsterMashAlbum,MonsterMashAlbum,MonsterMashAlbum.18,The Attic,17,MonsterMashAlbum.18.5,MonsterMashAlbum_18_5,Mr. Mannequin,4,4,true,false,0,
monster-mash/sample-album,1,SAMPLE-RAGS-04,Enter Rags,1789960908243,MonsterMashAlbum,MonsterMashAlbum,MonsterMashAlbum.18,The Attic,17,MonsterMashAlbum.18.6,MonsterMashAlbum_18_6,Miss Mary,5,5,false,false,0,
monster-mash/sample-album,1,SAMPLE-RAGS-04,Enter Rags,1789960908243,MonsterMashAlbum,MonsterMashAlbum,MonsterMashAlbum.18,The Attic,17,MonsterMashAlbum.18.7,MonsterMashAlbum_18_7,Hats Off to Ya,6,5,false,false,0,
monster-mash/sample-album,1,SAMPLE-RAGS-04,Enter Rags,1789960908243,MonsterMashAlbum,MonsterMashAlbum,MonsterMashAlbum.18,The Attic,17,MonsterMashAlbum.18.8,MonsterMashAlbum_18_8,The Watcher,7,5,true,false,0,
monster-mash/sample-album,1,SAMPLE-RAGS-04,Enter Rags,1789960908243,MonsterMashAlbum,MonsterMashAlbum,MonsterMashAlbum.18,The Attic,17,MonsterMashAlbum.18.9,MonsterMashAlbum_18_9,Tea Time,8,6,false,false,0,
monster-mash/sample-album,1,SAMPLE-RAGS-04,Enter Rags,1789960908243,MonsterMashAlbum,MonsterMashAlbum,MonsterMashAlbum.19,Trick Or Treat,18,MonsterMashAlbum.19.1,MonsterMashAlbum_19_1,Hit the Streets,0,4,false,false,0,
monster-mash/sample-album,1,SAMPLE-RAGS-04,Enter Rags,1789960908243,MonsterMashAlbum,MonsterMashAlbum,MonsterMashAlbum.19,Trick Or Treat,18,MonsterMashAlbum.19.2,MonsterMashAlbum_19_2,Sweet!,1,4,false,false,0,
monster-mash/sample-album,1,SAMPLE-RAGS-04,Enter Rags,1789960908243,MonsterMashAlbum,MonsterMashAlbum,MonsterMashAlbum.19,Trick Or Treat,18,MonsterMashAlbum.19.3,MonsterMashAlbum_19_3,Chief Suspect,2,4,true,false,0,
monster-mash/sample-album,1,SAMPLE-RAGS-04,Enter Rags,1789960908243,MonsterMashAlbum,MonsterMashAlbum,MonsterMashAlbum.19,Trick Or Treat,18,MonsterMashAlbum.19.4,MonsterMashAlbum_19_4,Seen a Ghost?,3,4,true,false,0,
monster-mash/sample-album,1,SAMPLE-RAGS-04,Enter Rags,1789960908243,MonsterMashAlbum,MonsterMashAlbum,MonsterMashAlbum.19,Trick Or Treat,18,MonsterMashAlbum.19.5,MonsterMashAlbum_19_5,Snack Run,4,5,false,false,0,
monster-mash/sample-album,1,SAMPLE-RAGS-04,Enter Rags,1789960908243,MonsterMashAlbum,MonsterMashAlbum,MonsterMashAlbum.19,Trick Or Treat,18,MonsterMashAlbum.19.6,MonsterMashAlbum_19_6,Adorned,5,5,false,false,0,
monster-mash/sample-album,1,SAMPLE-RAGS-04,Enter Rags,1789960908243,MonsterMashAlbum,MonsterMashAlbum,MonsterMashAlbum.19,Trick Or Treat,18,MonsterMashAlbum.19.7,MonsterMashAlbum_19_7,Triple Treat,6,5,true,false,0,
monster-mash/sample-album,1,SAMPLE-RAGS-04,Enter Rags,1789960908243,MonsterMashAlbum,MonsterMashAlbum,MonsterMashAlbum.19,Trick Or Treat,18,MonsterMashAlbum.19.8,MonsterMashAlbum_19_8,Fit Check,7,5,true,false,0,
monster-mash/sample-album,1,SAMPLE-RAGS-04,Enter Rags,1789960908243,MonsterMashAlbum,MonsterMashAlbum,MonsterMashAlbum.19,Trick Or Treat,18,MonsterMashAlbum.19.9,MonsterMashAlbum_19_9,All Haul-O's Eve,8,6,false,false,0,
monster-mash/sample-album,1,SAMPLE-RAGS-04,Enter Rags,1789960908243,MonsterMashAlbum,MonsterMashAlbum,MonsterMashAlbum.20,Frankie Fun,19,MonsterMashAlbum.20.1,MonsterMashAlbum_20_1,Enter Frankie,0,4,false,false,0,
monster-mash/sample-album,1,SAMPLE-RAGS-04,Enter Rags,1789960908243,MonsterMashAlbum,MonsterMashAlbum,MonsterMashAlbum.20,Frankie Fun,19,MonsterMashAlbum.20.2,MonsterMashAlbum_20_2,Compact,1,4,true,false,0,
monster-mash/sample-album,1,SAMPLE-RAGS-04,Enter Rags,1789960908243,MonsterMashAlbum,MonsterMashAlbum,MonsterMashAlbum.20,Frankie Fun,19,MonsterMashAlbum.20.3,MonsterMashAlbum_20_3,Body Builder,2,4,true,false,0,
monster-mash/sample-album,1,SAMPLE-RAGS-04,Enter Rags,1789960908243,MonsterMashAlbum,MonsterMashAlbum,MonsterMashAlbum.20,Frankie Fun,19,MonsterMashAlbum.20.4,MonsterMashAlbum_20_4,Unstoppable,3,5,false,false,0,
monster-mash/sample-album,1,SAMPLE-RAGS-04,Enter Rags,1789960908243,MonsterMashAlbum,MonsterMashAlbum,MonsterMashAlbum.20,Frankie Fun,19,MonsterMashAlbum.20.5,MonsterMashAlbum_20_5,Key To Happiness,4,5,false,false,0,
monster-mash/sample-album,1,SAMPLE-RAGS-04,Enter Rags,1789960908243,MonsterMashAlbum,MonsterMashAlbum,MonsterMashAlbum.20,Frankie Fun,19,MonsterMashAlbum.20.6,MonsterMashAlbum_20_6,Like a Glove,5,5,false,false,0,
monster-mash/sample-album,1,SAMPLE-RAGS-04,Enter Rags,1789960908243,MonsterMashAlbum,MonsterMashAlbum,MonsterMashAlbum.20,Frankie Fun,19,MonsterMashAlbum.20.7,MonsterMashAlbum_20_7,The Groom,6,5,true,false,0,
monster-mash/sample-album,1,SAMPLE-RAGS-04,Enter Rags,1789960908243,MonsterMashAlbum,MonsterMashAlbum,MonsterMashAlbum.20,Frankie Fun,19,MonsterMashAlbum.20.8,MonsterMashAlbum_20_8,Self Made Man,7,5,true,false,0,
monster-mash/sample-album,1,SAMPLE-RAGS-04,Enter Rags,1789960908243,MonsterMashAlbum,MonsterMashAlbum,MonsterMashAlbum.20,Frankie Fun,19,MonsterMashAlbum.20.9,MonsterMashAlbum_20_9,Supportive,8,6,false,false,0,
monster-mash/sample-album,1,SAMPLE-RAGS-04,Enter Rags,1789960908243,MonsterMashAlbum,MonsterMashAlbum,MonsterMashAlbum.21,Who You Gonna Call?,20,MonsterMashAlbum.21.1,MonsterMashAlbum_21_1,Shh!,0,4,false,false,0,
monster-mash/sample-album,1,SAMPLE-RAGS-04,Enter Rags,1789960908243,MonsterMashAlbum,MonsterMashAlbum,MonsterMashAlbum.21,Who You Gonna Call?,20,MonsterMashAlbum.21.2,MonsterMashAlbum_21_2,Off the Charts,1,4,true,false,0,
monster-mash/sample-album,1,SAMPLE-RAGS-04,Enter Rags,1789960908243,MonsterMashAlbum,MonsterMashAlbum,MonsterMashAlbum.21,Who You Gonna Call?,20,MonsterMashAlbum.21.3,MonsterMashAlbum_21_3,The Pole Works!,2,4,true,false,0,
monster-mash/sample-album,1,SAMPLE-RAGS-04,Enter Rags,1789960908243,MonsterMashAlbum,MonsterMashAlbum,MonsterMashAlbum.21,Who You Gonna Call?,20,MonsterMashAlbum.21.4,MonsterMashAlbum_21_4,Goo Crew,3,5,false,false,0,
monster-mash/sample-album,1,SAMPLE-RAGS-04,Enter Rags,1789960908243,MonsterMashAlbum,MonsterMashAlbum,MonsterMashAlbum.21,Who You Gonna Call?,20,MonsterMashAlbum.21.5,MonsterMashAlbum_21_5,We Have the Tools,4,5,false,false,0,
monster-mash/sample-album,1,SAMPLE-RAGS-04,Enter Rags,1789960908243,MonsterMashAlbum,MonsterMashAlbum,MonsterMashAlbum.21,Who You Gonna Call?,20,MonsterMashAlbum.21.6,MonsterMashAlbum_21_6,Terrace Terror,5,5,true,false,0,
monster-mash/sample-album,1,SAMPLE-RAGS-04,Enter Rags,1789960908243,MonsterMashAlbum,MonsterMashAlbum,MonsterMashAlbum.21,Who You Gonna Call?,20,MonsterMashAlbum.21.7,MonsterMashAlbum_21_7,S'more Heat,6,5,true,false,0,
monster-mash/sample-album,1,SAMPLE-RAGS-04,Enter Rags,1789960908243,MonsterMashAlbum,MonsterMashAlbum,MonsterMashAlbum.21,Who You Gonna Call?,20,MonsterMashAlbum.21.8,MonsterMashAlbum_21_8,I Love This Town!,7,5,true,false,0,
monster-mash/sample-album,1,SAMPLE-RAGS-04,Enter Rags,1789960908243,MonsterMashAlbum,MonsterMashAlbum,MonsterMashAlbum.21,Who You Gonna Call?,20,MonsterMashAlbum.21.9,MonsterMashAlbum_21_9,Big Town Heroes,8,6,false,false,0,
monster-mash/sample-album,1,SAMPLE-RAGS-04,Enter Rags,1789960908243,MonsterMashAlbum,MonsterMashAlbum,MonsterMashAlbum.22,Demons & Hunters,21,MonsterMashAlbum.22.1,MonsterMashAlbum_22_1,How It's Done,0,4,true,false,0,
monster-mash/sample-album,1,SAMPLE-RAGS-04,Enter Rags,1789960908243,MonsterMashAlbum,MonsterMashAlbum,MonsterMashAlbum.22,Demons & Hunters,21,MonsterMashAlbum.22.2,MonsterMashAlbum_22_2,Golden,1,4,true,false,0,
monster-mash/sample-album,1,SAMPLE-RAGS-04,Enter Rags,1789960908243,MonsterMashAlbum,MonsterMashAlbum,MonsterMashAlbum.22,Demons & Hunters,21,MonsterMashAlbum.22.3,MonsterMashAlbum_22_3,Newcomers,2,5,false,false,0,
monster-mash/sample-album,1,SAMPLE-RAGS-04,Enter Rags,1789960908243,MonsterMashAlbum,MonsterMashAlbum,MonsterMashAlbum.22,Demons & Hunters,21,MonsterMashAlbum.22.4,MonsterMashAlbum_22_4,Easy on the Eyes,3,5,false,false,0,
monster-mash/sample-album,1,SAMPLE-RAGS-04,Enter Rags,1789960908243,MonsterMashAlbum,MonsterMashAlbum,MonsterMashAlbum.22,Demons & Hunters,21,MonsterMashAlbum.22.5,MonsterMashAlbum_22_5,Soda Pop,4,5,true,false,0,
monster-mash/sample-album,1,SAMPLE-RAGS-04,Enter Rags,1789960908243,MonsterMashAlbum,MonsterMashAlbum,MonsterMashAlbum.22,Demons & Hunters,21,MonsterMashAlbum.22.6,MonsterMashAlbum_22_6,"Hello, Friend",5,5,true,false,0,
monster-mash/sample-album,1,SAMPLE-RAGS-04,Enter Rags,1789960908243,MonsterMashAlbum,MonsterMashAlbum,MonsterMashAlbum.22,Demons & Hunters,21,MonsterMashAlbum.22.7,MonsterMashAlbum_22_7,Torn,6,5,true,false,0,
monster-mash/sample-album,1,SAMPLE-RAGS-04,Enter Rags,1789960908243,MonsterMashAlbum,MonsterMashAlbum,MonsterMashAlbum.22,Demons & Hunters,21,MonsterMashAlbum.22.8,MonsterMashAlbum_22_8,Voices Strong,7,5,true,false,0,
monster-mash/sample-album,1,SAMPLE-RAGS-04,Enter Rags,1789960908243,MonsterMashAlbum,MonsterMashAlbum,MonsterMashAlbum.22,Demons & Hunters,21,MonsterMashAlbum.22.9,MonsterMashAlbum_22_9,Cough! Cough! Cough!,8,6,false,false,0,
monster-mash/sample-album,1,SAMPLE-SWAMPIE-05,Swampie,1789958688243,MonsterMashAlbum,MonsterMashAlbum,MonsterMashAlbum.1,Community Gallery,0,MonsterMashAlbum.1.1,MonsterMashAlbum_1_1,Woodland Whispers,0,1,false,true,2,
monster-mash/sample-album,1,SAMPLE-SWAMPIE-05,Swampie,1789958688243,MonsterMashAlbum,MonsterMashAlbum,MonsterMashAlbum.1,Community Gallery,0,MonsterMashAlbum.1.2,MonsterMashAlbum_1_2,Kute Krampus,1,1,false,true,2,
monster-mash/sample-album,1,SAMPLE-SWAMPIE-05,Swampie,1789958688243,MonsterMashAlbum,MonsterMashAlbum,MonsterMashAlbum.1,Community Gallery,0,MonsterMashAlbum.1.3,MonsterMashAlbum_1_3,Gentlewulf,2,1,false,true,1,
monster-mash/sample-album,1,SAMPLE-SWAMPIE-05,Swampie,1789958688243,MonsterMashAlbum,MonsterMashAlbum,MonsterMashAlbum.1,Community Gallery,0,MonsterMashAlbum.1.4,MonsterMashAlbum_1_4,Patchwork,3,1,false,true,1,
monster-mash/sample-album,1,SAMPLE-SWAMPIE-05,Swampie,1789958688243,MonsterMashAlbum,MonsterMashAlbum,MonsterMashAlbum.1,Community Gallery,0,MonsterMashAlbum.1.5,MonsterMashAlbum_1_5,Neck of the Woods,4,1,false,true,1,
monster-mash/sample-album,1,SAMPLE-SWAMPIE-05,Swampie,1789958688243,MonsterMashAlbum,MonsterMashAlbum,MonsterMashAlbum.1,Community Gallery,0,MonsterMashAlbum.1.6,MonsterMashAlbum_1_6,Glam-O-Crow,5,1,false,true,4,
monster-mash/sample-album,1,SAMPLE-SWAMPIE-05,Swampie,1789958688243,MonsterMashAlbum,MonsterMashAlbum,MonsterMashAlbum.1,Community Gallery,0,MonsterMashAlbum.1.7,MonsterMashAlbum_1_7,Harlequin Queen,6,1,false,true,2,
monster-mash/sample-album,1,SAMPLE-SWAMPIE-05,Swampie,1789958688243,MonsterMashAlbum,MonsterMashAlbum,MonsterMashAlbum.1,Community Gallery,0,MonsterMashAlbum.1.8,MonsterMashAlbum_1_8,Screaming Clown,7,1,false,true,1,
monster-mash/sample-album,1,SAMPLE-SWAMPIE-05,Swampie,1789958688243,MonsterMashAlbum,MonsterMashAlbum,MonsterMashAlbum.1,Community Gallery,0,MonsterMashAlbum.1.9,MonsterMashAlbum_1_9,Just a Zombie,8,1,false,true,1,
monster-mash/sample-album,1,SAMPLE-SWAMPIE-05,Swampie,1789958688243,MonsterMashAlbum,MonsterMashAlbum,MonsterMashAlbum.2,Welcome To The Mansion,1,MonsterMashAlbum.2.1,MonsterMashAlbum_2_1,Mystery Mansion,0,1,false,true,2,
monster-mash/sample-album,1,SAMPLE-SWAMPIE-05,Swampie,1789958688243,MonsterMashAlbum,MonsterMashAlbum,MonsterMashAlbum.2,Welcome To The Mansion,1,MonsterMashAlbum.2.2,MonsterMashAlbum_2_2,At The Gates,1,1,false,true,1,
monster-mash/sample-album,1,SAMPLE-SWAMPIE-05,Swampie,1789958688243,MonsterMashAlbum,MonsterMashAlbum,MonsterMashAlbum.2,Welcome To The Mansion,1,MonsterMashAlbum.2.3,MonsterMashAlbum_2_3,Master Key,2,1,false,true,1,
monster-mash/sample-album,1,SAMPLE-SWAMPIE-05,Swampie,1789958688243,MonsterMashAlbum,MonsterMashAlbum,MonsterMashAlbum.2,Welcome To The Mansion,1,MonsterMashAlbum.2.4,MonsterMashAlbum_2_4,The Other Side,3,1,false,true,1,
monster-mash/sample-album,1,SAMPLE-SWAMPIE-05,Swampie,1789958688243,MonsterMashAlbum,MonsterMashAlbum,MonsterMashAlbum.2,Welcome To The Mansion,1,MonsterMashAlbum.2.5,MonsterMashAlbum_2_5,Hall O' Frame,4,1,false,true,2,
monster-mash/sample-album,1,SAMPLE-SWAMPIE-05,Swampie,1789958688243,MonsterMashAlbum,MonsterMashAlbum,MonsterMashAlbum.2,Welcome To The Mansion,1,MonsterMashAlbum.2.6,MonsterMashAlbum_2_6,House Call,5,1,false,true,3,
monster-mash/sample-album,1,SAMPLE-SWAMPIE-05,Swampie,1789958688243,MonsterMashAlbum,MonsterMashAlbum,MonsterMashAlbum.2,Welcome To The Mansion,1,MonsterMashAlbum.2.7,MonsterMashAlbum_2_7,HUNTR/X,6,1,false,true,1,
monster-mash/sample-album,1,SAMPLE-SWAMPIE-05,Swampie,1789958688243,MonsterMashAlbum,MonsterMashAlbum,MonsterMashAlbum.2,Welcome To The Mansion,1,MonsterMashAlbum.2.8,MonsterMashAlbum_2_8,Ghostly Guide,7,1,false,true,2,
monster-mash/sample-album,1,SAMPLE-SWAMPIE-05,Swampie,1789958688243,MonsterMashAlbum,MonsterMashAlbum,MonsterMashAlbum.2,Welcome To The Mansion,1,MonsterMashAlbum.2.9,MonsterMashAlbum_2_9,Places Unknown,8,1,false,true,1,
monster-mash/sample-album,1,SAMPLE-SWAMPIE-05,Swampie,1789958688243,MonsterMashAlbum,MonsterMashAlbum,MonsterMashAlbum.3,Dracula,2,MonsterMashAlbum.3.1,MonsterMashAlbum_3_1,Enter Dracula,0,1,false,true,1,
monster-mash/sample-album,1,SAMPLE-SWAMPIE-05,Swampie,1789958688243,MonsterMashAlbum,MonsterMashAlbum,MonsterMashAlbum.3,Dracula,2,MonsterMashAlbum.3.2,MonsterMashAlbum_3_2,On Reflection,1,1,false,true,1,
monster-mash/sample-album,1,SAMPLE-SWAMPIE-05,Swampie,1789958688243,MonsterMashAlbum,MonsterMashAlbum,MonsterMashAlbum.3,Dracula,2,MonsterMashAlbum.3.3,MonsterMashAlbum_3_3,Long in the Tooth,2,1,false,true,2,
monster-mash/sample-album,1,SAMPLE-SWAMPIE-05,Swampie,1789958688243,MonsterMashAlbum,MonsterMashAlbum,MonsterMashAlbum.3,Dracula,2,MonsterMashAlbum.3.4,MonsterMashAlbum_3_4,Day in the Sun,3,1,false,true,1,
monster-mash/sample-album,1,SAMPLE-SWAMPIE-05,Swampie,1789958688243,MonsterMashAlbum,MonsterMashAlbum,MonsterMashAlbum.3,Dracula,2,MonsterMashAlbum.3.5,MonsterMashAlbum_3_5,Down for the Count,4,1,false,true,2,
monster-mash/sample-album,1,SAMPLE-SWAMPIE-05,Swampie,1789958688243,MonsterMashAlbum,MonsterMashAlbum,MonsterMashAlbum.3,Dracula,2,MonsterMashAlbum.3.6,MonsterMashAlbum_3_6,Heart Stopper,5,1,false,true,1,3
monster-mash/sample-album,1,SAMPLE-SWAMPIE-05,Swampie,1789958688243,MonsterMashAlbum,MonsterMashAlbum,MonsterMashAlbum.3,Dracula,2,MonsterMashAlbum.3.7,MonsterMashAlbum_3_7,Cloak Conundrum,6,2,false,true,3,
monster-mash/sample-album,1,SAMPLE-SWAMPIE-05,Swampie,1789958688243,MonsterMashAlbum,MonsterMashAlbum,MonsterMashAlbum.3,Dracula,2,MonsterMashAlbum.3.8,MonsterMashAlbum_3_8,Prince of Darkness,7,2,false,true,2,
monster-mash/sample-album,1,SAMPLE-SWAMPIE-05,Swampie,1789958688243,MonsterMashAlbum,MonsterMashAlbum,MonsterMashAlbum.3,Dracula,2,MonsterMashAlbum.3.9,MonsterMashAlbum_3_9,Disco Drac,8,2,false,true,1,
monster-mash/sample-album,1,SAMPLE-SWAMPIE-05,Swampie,1789958688243,MonsterMashAlbum,MonsterMashAlbum,MonsterMashAlbum.4,Lurid Labs,3,MonsterMashAlbum.4.1,MonsterMashAlbum_4_1,The Laboratory,0,1,false,true,3,
monster-mash/sample-album,1,SAMPLE-SWAMPIE-05,Swampie,1789958688243,MonsterMashAlbum,MonsterMashAlbum,MonsterMashAlbum.4,Lurid Labs,3,MonsterMashAlbum.4.2,MonsterMashAlbum_4_2,Flip the Switch,1,1,false,true,4,
monster-mash/sample-album,1,SAMPLE-SWAMPIE-05,Swampie,1789958688243,MonsterMashAlbum,MonsterMashAlbum,MonsterMashAlbum.4,Lurid Labs,3,MonsterMashAlbum.4.3,MonsterMashAlbum_4_3,Pet Project,2,1,false,true,3,
monster-mash/sample-album,1,SAMPLE-SWAMPIE-05,Swampie,1789958688243,MonsterMashAlbum,MonsterMashAlbum,MonsterMashAlbum.4,Lurid Labs,3,MonsterMashAlbum.4.4,MonsterMashAlbum_4_4,Jealousy & Pride,3,2,false,true,2,
monster-mash/sample-album,1,SAMPLE-SWAMPIE-05,Swampie,1789958688243,MonsterMashAlbum,MonsterMashAlbum,MonsterMashAlbum.4,Lurid Labs,3,MonsterMashAlbum.4.5,MonsterMashAlbum_4_5,Mad for Science,4,2,false,true,2,
monster-mash/sample-album,1,SAMPLE-SWAMPIE-05,Swampie,1789958688243,MonsterMashAlbum,MonsterMashAlbum,MonsterMashAlbum.4,Lurid Labs,3,MonsterMashAlbum.4.6,MonsterMashAlbum_4_6,The Conductor,5,2,false,true,1,
monster-mash/sample-album,1,SAMPLE-SWAMPIE-05,Swampie,1789958688243,MonsterMashAlbum,MonsterMashAlbum,MonsterMashAlbum.4,Lurid Labs,3,MonsterMashAlbum.4.7,MonsterMashAlbum_4_7,Ghost Trap,6,2,false,true,1,
monster-mash/sample-album,1,SAMPLE-SWAMPIE-05,Swampie,1789958688243,MonsterMashAlbum,MonsterMashAlbum,MonsterMashAlbum.4,Lurid Labs,3,MonsterMashAlbum.4.8,MonsterMashAlbum_4_8,Gone Ghoul,7,2,false,true,1,3
monster-mash/sample-album,1,SAMPLE-SWAMPIE-05,Swampie,1789958688243,MonsterMashAlbum,MonsterMashAlbum,MonsterMashAlbum.4,Lurid Labs,3,MonsterMashAlbum.4.9,MonsterMashAlbum_4_9,Slimed,8,2,false,true,1,
monster-mash/sample-album,1,SAMPLE-SWAMPIE-05,Swampie,1789958688243,MonsterMashAlbum,MonsterMashAlbum,MonsterMashAlbum.5,Grim Gardens,4,MonsterMashAlbum.5.1,MonsterMashAlbum_5_1,Ghouly Greens,0,2,false,false,0,
monster-mash/sample-album,1,SAMPLE-SWAMPIE-05,Swampie,1789958688243,MonsterMashAlbum,MonsterMashAlbum,MonsterMashAlbum.5,Grim Gardens,4,MonsterMashAlbum.5.2,MonsterMashAlbum_5_2,Ghost Plant,1,2,false,true,1,
monster-mash/sample-album,1,SAMPLE-SWAMPIE-05,Swampie,1789958688243,MonsterMashAlbum,MonsterMashAlbum,MonsterMashAlbum.5,Grim Gardens,4,MonsterMashAlbum.5.3,MonsterMashAlbum_5_3,Green Thumb,2,2,false,true,1,
monster-mash/sample-album,1,SAMPLE-SWAMPIE-05,Swampie,1789958688243,MonsterMashAlbum,MonsterMashAlbum,MonsterMashAlbum.5,Grim Gardens,4,MonsterMashAlbum.5.4,MonsterMashAlbum_5_4,Creeper Vine,3,2,false,true,2,
monster-mash/sample-album,1,SAMPLE-SWAMPIE-05,Swampie,1789958688243,MonsterMashAlbum,MonsterMashAlbum,MonsterMashAlbum.5,Grim Gardens,4,MonsterMashAlbum.5.5,MonsterMashAlbum_5_5,"Try, Try Again",4,2,false,true,1,
monster-mash/sample-album,1,SAMPLE-SWAMPIE-05,Swampie,1789958688243,MonsterMashAlbum,MonsterMashAlbum,MonsterMashAlbum.5,Grim Gardens,4,MonsterMashAlbum.5.6,MonsterMashAlbum_5_6,Botanical Bogey,5,2,false,true,1,
monster-mash/sample-album,1,SAMPLE-SWAMPIE-05,Swampie,1789958688243,MonsterMashAlbum,MonsterMashAlbum,MonsterMashAlbum.5,Grim Gardens,4,MonsterMashAlbum.5.7,MonsterMashAlbum_5_7,Heady Choices,6,2,false,true,2,
monster-mash/sample-album,1,SAMPLE-SWAMPIE-05,Swampie,1789958688243,MonsterMashAlbum,MonsterMashAlbum,MonsterMashAlbum.5,Grim Gardens,4,MonsterMashAlbum.5.8,MonsterMashAlbum_5_8,Dirt Nap,7,2,false,true,2,
monster-mash/sample-album,1,SAMPLE-SWAMPIE-05,Swampie,1789958688243,MonsterMashAlbum,MonsterMashAlbum,MonsterMashAlbum.5,Grim Gardens,4,MonsterMashAlbum.5.9,MonsterMashAlbum_5_9,BOO-quet,8,2,false,true,1,
monster-mash/sample-album,1,SAMPLE-SWAMPIE-05,Swampie,1789958688243,MonsterMashAlbum,MonsterMashAlbum,MonsterMashAlbum.6,Wolfie,5,MonsterMashAlbum.6.1,MonsterMashAlbum_6_1,Enter Wolfie,0,2,false,true,1,
monster-mash/sample-album,1,SAMPLE-SWAMPIE-05,Swampie,1789958688243,MonsterMashAlbum,MonsterMashAlbum,MonsterMashAlbum.6,Wolfie,5,MonsterMashAlbum.6.2,MonsterMashAlbum_6_2,Family Pack,1,2,false,true,1,
monster-mash/sample-album,1,SAMPLE-SWAMPIE-05,Swampie,1789958688243,MonsterMashAlbum,MonsterMashAlbum,MonsterMashAlbum.6,Wolfie,5,MonsterMashAlbum.6.3,MonsterMashAlbum_6_3,Fetch!,2,2,false,true,3,5
monster-mash/sample-album,1,SAMPLE-SWAMPIE-05,Swampie,1789958688243,MonsterMashAlbum,MonsterMashAlbum,MonsterMashAlbum.6,Wolfie,5,MonsterMashAlbum.6.4,MonsterMashAlbum_6_4,I Beg You,3,2,false,true,2,
monster-mash/sample-album,1,SAMPLE-SWAMPIE-05,Swampie,1789958688243,MonsterMashAlbum,MonsterMashAlbum,MonsterMashAlbum.6,Wolfie,5,MonsterMashAlbum.6.5,MonsterMashAlbum_6_5,Beast in Show,4,2,false,true,1,
monster-mash/sample-album,1,SAMPLE-SWAMPIE-05,Swampie,1789958688243,MonsterMashAlbum,MonsterMashAlbum,MonsterMashAlbum.6,Wolfie,5,MonsterMashAlbum.6.6,MonsterMashAlbum_6_6,Call of the Wild,5,2,false,true,1,
monster-mash/sample-album,1,SAMPLE-SWAMPIE-05,Swampie,1789958688243,MonsterMashAlbum,MonsterMashAlbum,MonsterMashAlbum.6,Wolfie,5,MonsterMashAlbum.6.7,MonsterMashAlbum_6_7,Fine Canines,6,2,false,true,2,
monster-mash/sample-album,1,SAMPLE-SWAMPIE-05,Swampie,1789958688243,MonsterMashAlbum,MonsterMashAlbum,MonsterMashAlbum.6,Wolfie,5,MonsterMashAlbum.6.8,MonsterMashAlbum_6_8,Howl N' Prowl,7,2,false,true,2,
monster-mash/sample-album,1,SAMPLE-SWAMPIE-05,Swampie,1789958688243,MonsterMashAlbum,MonsterMashAlbum,MonsterMashAlbum.6,Wolfie,5,MonsterMashAlbum.6.9,MonsterMashAlbum_6_9,Luna's Flea Bath,8,2,false,true,5,
monster-mash/sample-album,1,SAMPLE-SWAMPIE-05,Swampie,1789958688243,MonsterMashAlbum,MonsterMashAlbum,MonsterMashAlbum.7,Sleepless Night,6,MonsterMashAlbum.7.1,MonsterMashAlbum_7_1,Blighted Bedroom,0,2,false,true,1,
monster-mash/sample-album,1,SAMPLE-SWAMPIE-05,Swampie,1789958688243,MonsterMashAlbum,MonsterMashAlbum,MonsterMashAlbum.7,Sleepless Night,6,MonsterMashAlbum.7.2,MonsterMashAlbum_7_2,Ghost Story,1,2,false,true,2,
monster-mash/sample-album,1,SAMPLE-SWAMPIE-05,Swampie,1789958688243,MonsterMashAlbum,MonsterMashAlbum,MonsterMashAlbum.7,Sleepless Night,6,MonsterMashAlbum.7.3,MonsterMashAlbum_7_3,Clowned,2,2,false,true,1,
monster-mash/sample-album,1,SAMPLE-SWAMPIE-05,Swampie,1789958688243,MonsterMashAlbum,MonsterMashAlbum,MonsterMashAlbum.7,Sleepless Night,6,MonsterMashAlbum.7.4,MonsterMashAlbum_7_4,Demonic Disguise,3,2,false,true,1,
monster-mash/sample-album,1,SAMPLE-SWAMPIE-05,Swampie,1789958688243,MonsterMashAlbum,MonsterMashAlbum,MonsterMashAlbum.7,Sleepless Night,6,MonsterMashAlbum.7.5,MonsterMashAlbum_7_5,Going Batty,4,2,false,true,2,
monster-mash/sample-album,1,SAMPLE-SWAMPIE-05,Swampie,1789958688243,MonsterMashAlbum,MonsterMashAlbum,MonsterMashAlbum.7,Sleepless Night,6,MonsterMashAlbum.7.6,MonsterMashAlbum_7_6,Safety First,5,2,false,true,1,
monster-mash/sample-album,1,SAMPLE-SWAMPIE-05,Swampie,1789958688243,MonsterMashAlbum,MonsterMashAlbum,MonsterMashAlbum.7,Sleepless Night,6,MonsterMashAlbum.7.7,MonsterMashAlbum_7_7,Chair Raising,6,2,false,true,1,
monster-mash/sample-album,1,SAMPLE-SWAMPIE-05,Swampie,1789958688243,MonsterMashAlbum,MonsterMashAlbum,MonsterMashAlbum.7,Sleepless Night,6,MonsterMashAlbum.7.8,MonsterMashAlbum_7_8,Mystery Solved,7,3,false,true,1,
monster-mash/sample-album,1,SAMPLE-SWAMPIE-05,Swampie,1789958688243,MonsterMashAlbum,MonsterMashAlbum,MonsterMashAlbum.7,Sleepless Night,6,MonsterMashAlbum.7.9,MonsterMashAlbum_7_9,Boogey Boo!,8,3,false,false,0,
monster-mash/sample-album,1,SAMPLE-SWAMPIE-05,Swampie,1789958688243,MonsterMashAlbum,MonsterMashAlbum,MonsterMashAlbum.8,Ms. Frankenstein,7,MonsterMashAlbum.8.1,MonsterMashAlbum_8_1,Enter Undead Diva,0,2,false,true,2,
monster-mash/sample-album,1,SAMPLE-SWAMPIE-05,Swampie,1789958688243,MonsterMashAlbum,MonsterMashAlbum,MonsterMashAlbum.8,Ms. Frankenstein,7,MonsterMashAlbum.8.2,MonsterMashAlbum_8_2,Study Buddy,1,2,false,true,1,
monster-mash/sample-album,1,SAMPLE-SWAMPIE-05,Swampie,1789958688243,MonsterMashAlbum,MonsterMashAlbum,MonsterMashAlbum.8,Ms. Frankenstein,7,MonsterMashAlbum.8.3,MonsterMashAlbum_8_3,Inspiration Strikes!,2,2,false,true,2,
monster-mash/sample-album,1,SAMPLE-SWAMPIE-05,Swampie,1789958688243,MonsterMashAlbum,MonsterMashAlbum,MonsterMashAlbum.8,Ms. Frankenstein,7,MonsterMashAlbum.8.4,MonsterMashAlbum_8_4,Made for This,3,2,false,true,1,
monster-mash/sample-album,1,SAMPLE-SWAMPIE-05,Swampie,1789958688243,MonsterMashAlbum,MonsterMashAlbum,MonsterMashAlbum.8,Ms. Frankenstein,7,MonsterMashAlbum.8.5,MonsterMashAlbum_8_5,Thunderhead,4,2,false,true,2,
monster-mash/sample-album,1,SAMPLE-SWAMPIE-05,Swampie,1789958688243,MonsterMashAlbum,MonsterMashAlbum,MonsterMashAlbum.8,Ms. Frankenstein,7,MonsterMashAlbum.8.6,MonsterMashAlbum_8_6,Stormy Skies,5,2,false,true,1,
monster-mash/sample-album,1,SAMPLE-SWAMPIE-05,Swampie,1789958688243,MonsterMashAlbum,MonsterMashAlbum,MonsterMashAlbum.8,Ms. Frankenstein,7,MonsterMashAlbum.8.7,MonsterMashAlbum_8_7,At First Sight,6,3,false,true,3,
monster-mash/sample-album,1,SAMPLE-SWAMPIE-05,Swampie,1789958688243,MonsterMashAlbum,MonsterMashAlbum,MonsterMashAlbum.8,Ms. Frankenstein,7,MonsterMashAlbum.8.8,MonsterMashAlbum_8_8,Strike a Pose,7,3,false,true,1,
monster-mash/sample-album,1,SAMPLE-SWAMPIE-05,Swampie,1789958688243,MonsterMashAlbum,MonsterMashAlbum,MonsterMashAlbum.8,Ms. Frankenstein,7,MonsterMashAlbum.8.9,MonsterMashAlbum_8_9,I Do!,8,3,false,true,1,
monster-mash/sample-album,1,SAMPLE-SWAMPIE-05,Swampie,1789958688243,MonsterMashAlbum,MonsterMashAlbum,MonsterMashAlbum.9,Halloween Games,8,MonsterMashAlbum.9.1,MonsterMashAlbum_9_1,Game On!,0,2,false,true,1,
monster-mash/sample-album,1,SAMPLE-SWAMPIE-05,Swampie,1789958688243,MonsterMashAlbum,MonsterMashAlbum,MonsterMashAlbum.9,Halloween Games,8,MonsterMashAlbum.9.2,MonsterMashAlbum_9_2,Takedown,1,2,false,true,1,
monster-mash/sample-album,1,SAMPLE-SWAMPIE-05,Swampie,1789958688243,MonsterMashAlbum,MonsterMashAlbum,MonsterMashAlbum.9,Halloween Games,8,MonsterMashAlbum.9.3,MonsterMashAlbum_9_3,Nice Bob!,2,2,false,true,1,
monster-mash/sample-album,1,SAMPLE-SWAMPIE-05,Swampie,1789958688243,MonsterMashAlbum,MonsterMashAlbum,MonsterMashAlbum.9,Halloween Games,8,MonsterMashAlbum.9.4,MonsterMashAlbum_9_4,Stuck in Limbo,3,2,false,true,4,
monster-mash/sample-album,1,SAMPLE-SWAMPIE-05,Swampie,1789958688243,MonsterMashAlbum,MonsterMashAlbum,MonsterMashAlbum.9,Halloween Games,8,MonsterMashAlbum.9.5,MonsterMashAlbum_9_5,Feet of Strength,4,3,false,true,1,
monster-mash/sample-album,1,SAMPLE-SWAMPIE-05,Swampie,1789958688243,MonsterMashAlbum,MonsterMashAlbum,MonsterMashAlbum.9,Halloween Games,8,MonsterMashAlbum.9.6,MonsterMashAlbum_9_6,Sugar Rush,5,3,false,true,1,
monster-mash/sample-album,1,SAMPLE-SWAMPIE-05,Swampie,1789958688243,MonsterMashAlbum,MonsterMashAlbum,MonsterMashAlbum.9,Halloween Games,8,MonsterMashAlbum.9.7,MonsterMashAlbum_9_7,Deadly Aim,6,3,false,true,1,
monster-mash/sample-album,1,SAMPLE-SWAMPIE-05,Swampie,1789958688243,MonsterMashAlbum,MonsterMashAlbum,MonsterMashAlbum.9,Halloween Games,8,MonsterMashAlbum.9.8,MonsterMashAlbum_9_8,The Ringer,7,3,false,true,2,4
monster-mash/sample-album,1,SAMPLE-SWAMPIE-05,Swampie,1789958688243,MonsterMashAlbum,MonsterMashAlbum,MonsterMashAlbum.9,Halloween Games,8,MonsterMashAlbum.9.9,MonsterMashAlbum_9_9,Snack Attack,8,3,false,true,2,
monster-mash/sample-album,1,SAMPLE-SWAMPIE-05,Swampie,1789958688243,MonsterMashAlbum,MonsterMashAlbum,MonsterMashAlbum.10,The Mummy,9,MonsterMashAlbum.10.1,MonsterMashAlbum_10_1,Enter Rags,0,2,false,true,1,
monster-mash/sample-album,1,SAMPLE-SWAMPIE-05,Swampie,1789958688243,MonsterMashAlbum,MonsterMashAlbum,MonsterMashAlbum.10,The Mummy,9,MonsterMashAlbum.10.2,MonsterMashAlbum_10_2,Bugging Out,1,2,false,true,1,
monster-mash/sample-album,1,SAMPLE-SWAMPIE-05,Swampie,1789958688243,MonsterMashAlbum,MonsterMashAlbum,MonsterMashAlbum.10,The Mummy,9,MonsterMashAlbum.10.3,MonsterMashAlbum_10_3,Curses!,2,3,false,true,3,
monster-mash/sample-album,1,SAMPLE-SWAMPIE-05,Swampie,1789958688243,MonsterMashAlbum,MonsterMashAlbum,MonsterMashAlbum.10,The Mummy,9,MonsterMashAlbum.10.4,MonsterMashAlbum_10_4,Pyramid Scheme,3,3,false,true,1,
monster-mash/sample-album,1,SAMPLE-SWAMPIE-05,Swampie,1789958688243,MonsterMashAlbum,MonsterMashAlbum,MonsterMashAlbum.10,The Mummy,9,MonsterMashAlbum.10.5,MonsterMashAlbum_10_5,That's a Wrap!,4,3,false,true,1,
monster-mash/sample-album,1,SAMPLE-SWAMPIE-05,Swampie,1789958688243,MonsterMashAlbum,MonsterMashAlbum,MonsterMashAlbum.10,The Mummy,9,MonsterMashAlbum.10.6,MonsterMashAlbum_10_6,Cryptic,5,3,false,false,0,
monster-mash/sample-album,1,SAMPLE-SWAMPIE-05,Swampie,1789958688243,MonsterMashAlbum,MonsterMashAlbum,MonsterMashAlbum.10,The Mummy,9,MonsterMashAlbum.10.7,MonsterMashAlbum_10_7,Preserves,6,3,false,true,1,3
monster-mash/sample-album,1,SAMPLE-SWAMPIE-05,Swampie,1789958688243,MonsterMashAlbum,MonsterMashAlbum,MonsterMashAlbum.10,The Mummy,9,MonsterMashAlbum.10.8,MonsterMashAlbum_10_8,Tomb Boy,7,3,false,true,2,
monster-mash/sample-album,1,SAMPLE-SWAMPIE-05,Swampie,1789958688243,MonsterMashAlbum,MonsterMashAlbum,MonsterMashAlbum.10,The Mummy,9,MonsterMashAlbum.10.9,MonsterMashAlbum_10_9,Walk This Way,8,3,false,true,1,
monster-mash/sample-album,1,SAMPLE-SWAMPIE-05,Swampie,1789958688243,MonsterMashAlbum,MonsterMashAlbum,MonsterMashAlbum.11,The Swamp Monster,10,MonsterMashAlbum.11.1,MonsterMashAlbum_11_1,Enter Swampie,0,2,false,true,2,
monster-mash/sample-album,1,SAMPLE-SWAMPIE-05,Swampie,1789958688243,MonsterMashAlbum,MonsterMashAlbum,MonsterMashAlbum.11,The Swamp Monster,10,MonsterMashAlbum.11.2,MonsterMashAlbum_11_2,Ugly Muckling,1,3,false,true,1,
monster-mash/sample-album,1,SAMPLE-SWAMPIE-05,Swampie,1789958688243,MonsterMashAlbum,MonsterMashAlbum,MonsterMashAlbum.11,The Swamp Monster,10,MonsterMashAlbum.11.3,MonsterMashAlbum_11_3,Swamp Hang,2,3,false,true,3,
monster-mash/sample-album,1,SAMPLE-SWAMPIE-05,Swampie,1789958688243,MonsterMashAlbum,MonsterMashAlbum,MonsterMashAlbum.11,The Swamp Monster,10,MonsterMashAlbum.11.4,MonsterMashAlbum_11_4,Marsh Mellow,3,3,false,true,1,
monster-mash/sample-album,1,SAMPLE-SWAMPIE-05,Swampie,1789958688243,MonsterMashAlbum,MonsterMashAlbum,MonsterMashAlbum.11,The Swamp Monster,10,MonsterMashAlbum.11.5,MonsterMashAlbum_11_5,Top Underling,4,3,false,true,2,
monster-mash/sample-album,1,SAMPLE-SWAMPIE-05,Swampie,1789958688243,MonsterMashAlbum,MonsterMashAlbum,MonsterMashAlbum.11,The Swamp Monster,10,MonsterMashAlbum.11.6,MonsterMashAlbum_11_6,Swamped,5,3,false,true,3,
monster-mash/sample-album,1,SAMPLE-SWAMPIE-05,Swampie,1789958688243,MonsterMashAlbum,MonsterMashAlbum,MonsterMashAlbum.11,The Swamp Monster,10,MonsterMashAlbum.11.7,MonsterMashAlbum_11_7,Exit Strategy,6,3,false,true,1,
monster-mash/sample-album,1,SAMPLE-SWAMPIE-05,Swampie,1789958688243,MonsterMashAlbum,MonsterMashAlbum,MonsterMashAlbum.11,The Swamp Monster,10,MonsterMashAlbum.11.8,MonsterMashAlbum_11_8,Swampie,7,3,false,true,1,
monster-mash/sample-album,1,SAMPLE-SWAMPIE-05,Swampie,1789958688243,MonsterMashAlbum,MonsterMashAlbum,MonsterMashAlbum.11,The Swamp Monster,10,MonsterMashAlbum.11.9,MonsterMashAlbum_11_9,Boggy Nights,8,4,false,true,1,
monster-mash/sample-album,1,SAMPLE-SWAMPIE-05,Swampie,1789958688243,MonsterMashAlbum,MonsterMashAlbum,MonsterMashAlbum.12,Evil Deeds,11,MonsterMashAlbum.12.1,MonsterMashAlbum_12_1,Witchy Wood,0,3,false,true,1,
monster-mash/sample-album,1,SAMPLE-SWAMPIE-05,Swampie,1789958688243,MonsterMashAlbum,MonsterMashAlbum,MonsterMashAlbum.12,Evil Deeds,11,MonsterMashAlbum.12.2,MonsterMashAlbum_12_2,Unamusement Park,1,3,false,true,2,
monster-mash/sample-album,1,SAMPLE-SWAMPIE-05,Swampie,1789958688243,MonsterMashAlbum,MonsterMashAlbum,MonsterMashAlbum.12,Evil Deeds,11,MonsterMashAlbum.12.3,MonsterMashAlbum_12_3,Soggy Bayou,2,3,false,true,1,
monster-mash/sample-album,1,SAMPLE-SWAMPIE-05,Swampie,1789958688243,MonsterMashAlbum,MonsterMashAlbum,MonsterMashAlbum.12,Evil Deeds,11,MonsterMashAlbum.12.4,MonsterMashAlbum_12_4,Shrieking Shores,3,3,false,true,4,
monster-mash/sample-album,1,SAMPLE-SWAMPIE-05,Swampie,1789958688243,MonsterMashAlbum,MonsterMashAlbum,MonsterMashAlbum.12,Evil Deeds,11,MonsterMashAlbum.12.5,MonsterMashAlbum_12_5,550 Central Park West,4,3,false,true,4,
monster-mash/sample-album,1,SAMPLE-SWAMPIE-05,Swampie,1789958688243,MonsterMashAlbum,MonsterMashAlbum,MonsterMashAlbum.12,Evil Deeds,11,MonsterMashAlbum.12.6,MonsterMashAlbum_12_6,MGO Mausoleum,5,3,false,true,1,
monster-mash/sample-album,1,SAMPLE-SWAMPIE-05,Swampie,1789958688243,MonsterMashAlbum,MonsterMashAlbum,MonsterMashAlbum.12,Evil Deeds,11,MonsterMashAlbum.12.7,MonsterMashAlbum_12_7,The Demon World,6,3,false,true,2,4
monster-mash/sample-album,1,SAMPLE-SWAMPIE-05,Swampie,1789958688243,MonsterMashAlbum,MonsterMashAlbum,MonsterMashAlbum.12,Evil Deeds,11,MonsterMashAlbum.12.8,MonsterMashAlbum_12_8,Cabin in the Woods,7,4,false,true,3,
monster-mash/sample-album,1,SAMPLE-SWAMPIE-05,Swampie,1789958688243,MonsterMashAlbum,MonsterMashAlbum,MonsterMashAlbum.12,Evil Deeds,11,MonsterMashAlbum.12.9,MonsterMashAlbum_12_9,Dracula's Castle,8,4,false,true,2,
monster-mash/sample-album,1,SAMPLE-SWAMPIE-05,Swampie,1789958688243,MonsterMashAlbum,MonsterMashAlbum,MonsterMashAlbum.13,The Zombie,12,MonsterMashAlbum.13.1,MonsterMashAlbum_13_1,Enter Shambles,0,3,false,true,2,
monster-mash/sample-album,1,SAMPLE-SWAMPIE-05,Swampie,1789958688243,MonsterMashAlbum,MonsterMashAlbum,MonsterMashAlbum.13,The Zombie,12,MonsterMashAlbum.13.2,MonsterMashAlbum_13_2,Early Riser,1,3,false,true,1,
monster-mash/sample-album,1,SAMPLE-SWAMPIE-05,Swampie,1789958688243,MonsterMashAlbum,MonsterMashAlbum,MonsterMashAlbum.13,The Zombie,12,MonsterMashAlbum.13.3,MonsterMashAlbum_13_3,Brain Rot,2,3,false,true,1,
monster-mash/sample-album,1,SAMPLE-SWAMPIE-05,Swampie,1789958688243,MonsterMashAlbum,MonsterMashAlbum,MonsterMashAlbum.13,The Zombie,12,MonsterMashAlbum.13.4,MonsterMashAlbum_13_4,Brain Food,3,3,false,true,1,
monster-mash/sample-album,1,SAMPLE-SWAMPIE-05,Swampie,1789958688243,MonsterMashAlbum,MonsterMashAlbum,MonsterMashAlbum.13,The Zombie,12,MonsterMashAlbum.13.5,MonsterMashAlbum_13_5,A Beautiful Mind,4,3,false,true,1,
monster-mash/sample-album,1,SAMPLE-SWAMPIE-05,Swampie,1789958688243,MonsterMashAlbum,MonsterMashAlbum,MonsterMashAlbum.13,The Zombie,12,MonsterMashAlbum.13.6,MonsterMashAlbum_13_6,Brainiac,5,3,false,true,3,
monster-mash/sample-album,1,SAMPLE-SWAMPIE-05,Swampie,1789958688243,MonsterMashAlbum,MonsterMashAlbum,MonsterMashAlbum.13,The Zombie,12,MonsterMashAlbum.13.7,MonsterMashAlbum_13_7,One Man's Trash,6,4,false,true,1,
monster-mash/sample-album,1,SAMPLE-SWAMPIE-05,Swampie,1789958688243,MonsterMashAlbum,MonsterMashAlbum,MonsterMashAlbum.13,The Zombie,12,MonsterMashAlbum.13.8,MonsterMashAlbum_13_8,Fresh to Death,7,4,false,true,1,
monster-mash/sample-album,1,SAMPLE-SWAMPIE-05,Swampie,1789958688243,MonsterMashAlbum,MonsterMashAlbum,MonsterMashAlbum.13,The Zombie,12,MonsterMashAlbum.13.9,MonsterMashAlbum_13_9,Bashful Monster,8,4,true,true,1,
monster-mash/sample-album,1,SAMPLE-SWAMPIE-05,Swampie,1789958688243,MonsterMashAlbum,MonsterMashAlbum,MonsterMashAlbum.14,The Ghost,13,MonsterMashAlbum.14.1,MonsterMashAlbum_14_1,Enter Godfrey,0,3,false,true,4,
monster-mash/sample-album,1,SAMPLE-SWAMPIE-05,Swampie,1789958688243,MonsterMashAlbum,MonsterMashAlbum,MonsterMashAlbum.14,The Ghost,13,MonsterMashAlbum.14.2,MonsterMashAlbum_14_2,King of Swing,1,3,false,true,1,
monster-mash/sample-album,1,SAMPLE-SWAMPIE-05,Swampie,1789958688243,MonsterMashAlbum,MonsterMashAlbum,MonsterMashAlbum.14,The Ghost,13,MonsterMashAlbum.14.3,MonsterMashAlbum_14_3,Sing Along,2,3,false,true,1,
monster-mash/sample-album,1,SAMPLE-SWAMPIE-05,Swampie,1789958688243,MonsterMashAlbum,MonsterMashAlbum,MonsterMashAlbum.14,The Ghost,13,MonsterMashAlbum.14.4,MonsterMashAlbum_14_4,Creepy Cameo,3,3,false,true,1,
monster-mash/sample-album,1,SAMPLE-SWAMPIE-05,Swampie,1789958688243,MonsterMashAlbum,MonsterMashAlbum,MonsterMashAlbum.14,The Ghost,13,MonsterMashAlbum.14.5,MonsterMashAlbum_14_5,Fridge Raider,4,3,false,true,1,
monster-mash/sample-album,1,SAMPLE-SWAMPIE-05,Swampie,1789958688243,MonsterMashAlbum,MonsterMashAlbum,MonsterMashAlbum.14,The Ghost,13,MonsterMashAlbum.14.6,MonsterMashAlbum_14_6,Chilling,5,4,false,true,1,
monster-mash/sample-album,1,SAMPLE-SWAMPIE-05,Swampie,1789958688243,MonsterMashAlbum,MonsterMashAlbum,MonsterMashAlbum.14,The Ghost,13,MonsterMashAlbum.14.7,MonsterMashAlbum_14_7,Clear Reading,6,4,false,true,1,
monster-mash/sample-album,1,SAMPLE-SWAMPIE-05,Swampie,1789958688243,MonsterMashAlbum,MonsterMashAlbum,MonsterMashAlbum.14,The Ghost,13,MonsterMashAlbum.14.8,MonsterMashAlbum_14_8,Fudged,7,4,true,true,2,
monster-mash/sample-album,1,SAMPLE-SWAMPIE-05,Swampie,1789958688243,MonsterMashAlbum,MonsterMashAlbum,MonsterMashAlbum.14,The Ghost,13,MonsterMashAlbum.14.9,MonsterMashAlbum_14_9,Thrown Off,8,5,false,true,1,
monster-mash/sample-album,1,SAMPLE-SWAMPIE-05,Swampie,1789958688243,MonsterMashAlbum,MonsterMashAlbum,MonsterMashAlbum.15,The Witch,14,MonsterMashAlbum.15.1,MonsterMashAlbum_15_1,Enter Hexie,0,3,false,true,2,
monster-mash/sample-album,1,SAMPLE-SWAMPIE-05,Swampie,1789958688243,MonsterMashAlbum,MonsterMashAlbum,MonsterMashAlbum.15,The Witch,14,MonsterMashAlbum.15.2,MonsterMashAlbum_15_2,Familiar Face,1,3,false,true,1,
monster-mash/sample-album,1,SAMPLE-SWAMPIE-05,Swampie,1789958688243,MonsterMashAlbum,MonsterMashAlbum,MonsterMashAlbum.15,The Witch,14,MonsterMashAlbum.15.3,MonsterMashAlbum_15_3,Miss Spelled,2,3,false,true,1,
monster-mash/sample-album,1,SAMPLE-SWAMPIE-05,Swampie,1789958688243,MonsterMashAlbum,MonsterMashAlbum,MonsterMashAlbum.15,The Witch,14,MonsterMashAlbum.15.4,MonsterMashAlbum_15_4,At Your Service,3,4,false,true,1,
monster-mash/sample-album,1,SAMPLE-SWAMPIE-05,Swampie,1789958688243,MonsterMashAlbum,MonsterMashAlbum,MonsterMashAlbum.15,The Witch,14,MonsterMashAlbum.15.5,MonsterMashAlbum_15_5,Monstrous Mix-Ins,4,4,false,true,4,6
monster-mash/sample-album,1,SAMPLE-SWAMPIE-05,Swampie,1789958688243,MonsterMashAlbum,MonsterMashAlbum,MonsterMashAlbum.15,The Witch,14,MonsterMashAlbum.15.6,MonsterMashAlbum_15_6,Hat Trick,5,4,false,true,1,
monster-mash/sample-album,1,SAMPLE-SWAMPIE-05,Swampie,1789958688243,MonsterMashAlbum,MonsterMashAlbum,MonsterMashAlbum.15,The Witch,14,MonsterMashAlbum.15.7,MonsterMashAlbum_15_7,Buckle Up,6,4,true,false,0,
monster-mash/sample-album,1,SAMPLE-SWAMPIE-05,Swampie,1789958688243,MonsterMashAlbum,MonsterMashAlbum,MonsterMashAlbum.15,The Witch,14,MonsterMashAlbum.15.8,MonsterMashAlbum_15_8,Witching Hour,7,5,false,true,2,
monster-mash/sample-album,1,SAMPLE-SWAMPIE-05,Swampie,1789958688243,MonsterMashAlbum,MonsterMashAlbum,MonsterMashAlbum.15,The Witch,14,MonsterMashAlbum.15.9,MonsterMashAlbum_15_9,Stir Crazy,8,5,false,false,0,
monster-mash/sample-album,1,SAMPLE-SWAMPIE-05,Swampie,1789958688243,MonsterMashAlbum,MonsterMashAlbum,MonsterMashAlbum.16,Ghastly Garage,15,MonsterMashAlbum.16.1,MonsterMashAlbum_16_1,The Lock-Up,0,3,false,true,1,
monster-mash/sample-album,1,SAMPLE-SWAMPIE-05,Swampie,1789958688243,MonsterMashAlbum,MonsterMashAlbum,MonsterMashAlbum.16,Ghastly Garage,15,MonsterMashAlbum.16.2,MonsterMashAlbum_16_2,Stay Golden,1,3,false,true,2,
monster-mash/sample-album,1,SAMPLE-SWAMPIE-05,Swampie,1789958688243,MonsterMashAlbum,MonsterMashAlbum,MonsterMashAlbum.16,Ghastly Garage,15,MonsterMashAlbum.16.3,MonsterMashAlbum_16_3,Wolfie Wagon,2,4,false,true,2,
monster-mash/sample-album,1,SAMPLE-SWAMPIE-05,Swampie,1789958688243,MonsterMashAlbum,MonsterMashAlbum,MonsterMashAlbum.16,Ghastly Garage,15,MonsterMashAlbum.16.4,MonsterMashAlbum_16_4,Rags' Roadster,3,4,false,true,2,
monster-mash/sample-album,1,SAMPLE-SWAMPIE-05,Swampie,1789958688243,MonsterMashAlbum,MonsterMashAlbum,MonsterMashAlbum.16,Ghastly Garage,15,MonsterMashAlbum.16.5,MonsterMashAlbum_16_5,Long-Term Parking,4,4,false,true,5,
monster-mash/sample-album,1,SAMPLE-SWAMPIE-05,Swampie,1789958688243,MonsterMashAlbum,MonsterMashAlbum,MonsterMashAlbum.16,Ghastly Garage,15,MonsterMashAlbum.16.6,MonsterMashAlbum_16_6,Franken-Coach,5,4,false,true,2,
monster-mash/sample-album,1,SAMPLE-SWAMPIE-05,Swampie,1789958688243,MonsterMashAlbum,MonsterMashAlbum,MonsterMashAlbum.16,Ghastly Garage,15,MonsterMashAlbum.16.7,MonsterMashAlbum_16_7,High Beams,6,4,true,true,1,
monster-mash/sample-album,1,SAMPLE-SWAMPIE-05,Swampie,1789958688243,MonsterMashAlbum,MonsterMashAlbum,MonsterMashAlbum.16,Ghastly Garage,15,MonsterMashAlbum.16.8,MonsterMashAlbum_16_8,Drac's Dragster,7,5,false,true,2,
monster-mash/sample-album,1,SAMPLE-SWAMPIE-05,Swampie,1789958688243,MonsterMashAlbum,MonsterMashAlbum,MonsterMashAlbum.16,Ghastly Garage,15,MonsterMashAlbum.16.9,MonsterMashAlbum_16_9,Ecto-1,8,5,true,true,1,
monster-mash/sample-album,1,SAMPLE-SWAMPIE-05,Swampie,1789958688243,MonsterMashAlbum,MonsterMashAlbum,MonsterMashAlbum.17,Boogie Bash,16,MonsterMashAlbum.17.1,MonsterMashAlbum_17_1,DJ Spinner,0,4,false,true,2,
monster-mash/sample-album,1,SAMPLE-SWAMPIE-05,Swampie,1789958688243,MonsterMashAlbum,MonsterMashAlbum,MonsterMashAlbum.17,Boogie Bash,16,MonsterMashAlbum.17.2,MonsterMashAlbum_17_2,Dance Idols,1,4,false,true,1,
monster-mash/sample-album,1,SAMPLE-SWAMPIE-05,Swampie,1789958688243,MonsterMashAlbum,MonsterMashAlbum,MonsterMashAlbum.17,Boogie Bash,16,MonsterMashAlbum.17.3,MonsterMashAlbum_17_3,Do The Worm,2,4,false,true,2,
monster-mash/sample-album,1,SAMPLE-SWAMPIE-05,Swampie,1789958688243,MonsterMashAlbum,MonsterMashAlbum,MonsterMashAlbum.17,Boogie Bash,16,MonsterMashAlbum.17.4,MonsterMashAlbum_17_4,Shredding,3,4,false,true,1,
monster-mash/sample-album,1,SAMPLE-SWAMPIE-05,Swampie,1789958688243,MonsterMashAlbum,MonsterMashAlbum,MonsterMashAlbum.17,Boogie Bash,16,MonsterMashAlbum.17.5,MonsterMashAlbum_17_5,Electric BOO-galoo,4,4,true,true,1,3
monster-mash/sample-album,1,SAMPLE-SWAMPIE-05,Swampie,1789958688243,MonsterMashAlbum,MonsterMashAlbum,MonsterMashAlbum.17,Boogie Bash,16,MonsterMashAlbum.17.6,MonsterMashAlbum_17_6,Wall Flowers,5,4,true,true,1,
monster-mash/sample-album,1,SAMPLE-SWAMPIE-05,Swampie,1789958688243,MonsterMashAlbum,MonsterMashAlbum,MonsterMashAlbum.17,Boogie Bash,16,MonsterMashAlbum.17.7,MonsterMashAlbum_17_7,Punchline,6,5,false,true,1,
monster-mash/sample-album,1,SAMPLE-SWAMPIE-05,Swampie,1789958688243,MonsterMashAlbum,MonsterMashAlbum,MonsterMashAlbum.17,Boogie Bash,16,MonsterMashAlbum.17.8,MonsterMashAlbum_17_8,To Be Free,7,5,true,false,0,
monster-mash/sample-album,1,SAMPLE-SWAMPIE-05,Swampie,1789958688243,MonsterMashAlbum,MonsterMashAlbum,MonsterMashAlbum.17,Boogie Bash,16,MonsterMashAlbum.17.9,MonsterMashAlbum_17_9,Monster Mosh,8,6,false,true,1,
monster-mash/sample-album,1,SAMPLE-SWAMPIE-05,Swampie,1789958688243,MonsterMashAlbum,MonsterMashAlbum,MonsterMashAlbum.18,The Attic,17,MonsterMashAlbum.18.1,MonsterMashAlbum_18_1,Up the Hatch,0,4,false,true,1,
monster-mash/sample-album,1,SAMPLE-SWAMPIE-05,Swampie,1789958688243,MonsterMashAlbum,MonsterMashAlbum,MonsterMashAlbum.18,The Attic,17,MonsterMashAlbum.18.2,MonsterMashAlbum_18_2,Derpy Statue,1,4,false,true,2,
monster-mash/sample-album,1,SAMPLE-SWAMPIE-05,Swampie,1789958688243,MonsterMashAlbum,MonsterMashAlbum,MonsterMashAlbum.18,The Attic,17,MonsterMashAlbum.18.3,MonsterMashAlbum_18_3,Ghostly Glow,2,4,false,true,1,
monster-mash/sample-album,1,SAMPLE-SWAMPIE-05,Swampie,1789958688243,MonsterMashAlbum,MonsterMashAlbum,MonsterMashAlbum.18,The Attic,17,MonsterMashAlbum.18.4,MonsterMashAlbum_18_4,Be a Doll,3,4,true,false,0,
monster-mash/sample-album,1,SAMPLE-SWAMPIE-05,Swampie,1789958688243,MonsterMashAlbum,MonsterMashAlbum,MonsterMashAlbum.18,The Attic,17,MonsterMashAlbum.18.5,MonsterMashAlbum_18_5,Mr. Mannequin,4,4,true,true,1,
monster-mash/sample-album,1,SAMPLE-SWAMPIE-05,Swampie,1789958688243,MonsterMashAlbum,MonsterMashAlbum,MonsterMashAlbum.18,The Attic,17,MonsterMashAlbum.18.6,MonsterMashAlbum_18_6,Miss Mary,5,5,false,true,2,
monster-mash/sample-album,1,SAMPLE-SWAMPIE-05,Swampie,1789958688243,MonsterMashAlbum,MonsterMashAlbum,MonsterMashAlbum.18,The Attic,17,MonsterMashAlbum.18.7,MonsterMashAlbum_18_7,Hats Off to Ya,6,5,false,true,1,
monster-mash/sample-album,1,SAMPLE-SWAMPIE-05,Swampie,1789958688243,MonsterMashAlbum,MonsterMashAlbum,MonsterMashAlbum.18,The Attic,17,MonsterMashAlbum.18.8,MonsterMashAlbum_18_8,The Watcher,7,5,true,true,1,
monster-mash/sample-album,1,SAMPLE-SWAMPIE-05,Swampie,1789958688243,MonsterMashAlbum,MonsterMashAlbum,MonsterMashAlbum.18,The Attic,17,MonsterMashAlbum.18.9,MonsterMashAlbum_18_9,Tea Time,8,6,false,true,1,
monster-mash/sample-album,1,SAMPLE-SWAMPIE-05,Swampie,1789958688243,MonsterMashAlbum,MonsterMashAlbum,MonsterMashAlbum.19,Trick Or Treat,18,MonsterMashAlbum.19.1,MonsterMashAlbum_19_1,Hit the Streets,0,4,false,true,1,
monster-mash/sample-album,1,SAMPLE-SWAMPIE-05,Swampie,1789958688243,MonsterMashAlbum,MonsterMashAlbum,MonsterMashAlbum.19,Trick Or Treat,18,MonsterMashAlbum.19.2,MonsterMashAlbum_19_2,Sweet!,1,4,false,true,1,
monster-mash/sample-album,1,SAMPLE-SWAMPIE-05,Swampie,1789958688243,MonsterMashAlbum,MonsterMashAlbum,MonsterMashAlbum.19,Trick Or Treat,18,MonsterMashAlbum.19.3,MonsterMashAlbum_19_3,Chief Suspect,2,4,true,true,1,
monster-mash/sample-album,1,SAMPLE-SWAMPIE-05,Swampie,1789958688243,MonsterMashAlbum,MonsterMashAlbum,MonsterMashAlbum.19,Trick Or Treat,18,MonsterMashAlbum.19.4,MonsterMashAlbum_19_4,Seen a Ghost?,3,4,true,false,0,
monster-mash/sample-album,1,SAMPLE-SWAMPIE-05,Swampie,1789958688243,MonsterMashAlbum,MonsterMashAlbum,MonsterMashAlbum.19,Trick Or Treat,18,MonsterMashAlbum.19.5,MonsterMashAlbum_19_5,Snack Run,4,5,false,true,3,
monster-mash/sample-album,1,SAMPLE-SWAMPIE-05,Swampie,1789958688243,MonsterMashAlbum,MonsterMashAlbum,MonsterMashAlbum.19,Trick Or Treat,18,MonsterMashAlbum.19.6,MonsterMashAlbum_19_6,Adorned,5,5,false,true,1,
monster-mash/sample-album,1,SAMPLE-SWAMPIE-05,Swampie,1789958688243,MonsterMashAlbum,MonsterMashAlbum,MonsterMashAlbum.19,Trick Or Treat,18,MonsterMashAlbum.19.7,MonsterMashAlbum_19_7,Triple Treat,6,5,true,false,0,
monster-mash/sample-album,1,SAMPLE-SWAMPIE-05,Swampie,1789958688243,MonsterMashAlbum,MonsterMashAlbum,MonsterMashAlbum.19,Trick Or Treat,18,MonsterMashAlbum.19.8,MonsterMashAlbum_19_8,Fit Check,7,5,true,true,1,
monster-mash/sample-album,1,SAMPLE-SWAMPIE-05,Swampie,1789958688243,MonsterMashAlbum,MonsterMashAlbum,MonsterMashAlbum.19,Trick Or Treat,18,MonsterMashAlbum.19.9,MonsterMashAlbum_19_9,All Haul-O's Eve,8,6,false,true,1,
monster-mash/sample-album,1,SAMPLE-SWAMPIE-05,Swampie,1789958688243,MonsterMashAlbum,MonsterMashAlbum,MonsterMashAlbum.20,Frankie Fun,19,MonsterMashAlbum.20.1,MonsterMashAlbum_20_1,Enter Frankie,0,4,false,true,4,
monster-mash/sample-album,1,SAMPLE-SWAMPIE-05,Swampie,1789958688243,MonsterMashAlbum,MonsterMashAlbum,MonsterMashAlbum.20,Frankie Fun,19,MonsterMashAlbum.20.2,MonsterMashAlbum_20_2,Compact,1,4,true,true,3,
monster-mash/sample-album,1,SAMPLE-SWAMPIE-05,Swampie,1789958688243,MonsterMashAlbum,MonsterMashAlbum,MonsterMashAlbum.20,Frankie Fun,19,MonsterMashAlbum.20.3,MonsterMashAlbum_20_3,Body Builder,2,4,true,true,1,
monster-mash/sample-album,1,SAMPLE-SWAMPIE-05,Swampie,1789958688243,MonsterMashAlbum,MonsterMashAlbum,MonsterMashAlbum.20,Frankie Fun,19,MonsterMashAlbum.20.4,MonsterMashAlbum_20_4,Unstoppable,3,5,false,true,2,
monster-mash/sample-album,1,SAMPLE-SWAMPIE-05,Swampie,1789958688243,MonsterMashAlbum,MonsterMashAlbum,MonsterMashAlbum.20,Frankie Fun,19,MonsterMashAlbum.20.5,MonsterMashAlbum_20_5,Key To Happiness,4,5,false,true,2,
monster-mash/sample-album,1,SAMPLE-SWAMPIE-05,Swampie,1789958688243,MonsterMashAlbum,MonsterMashAlbum,MonsterMashAlbum.20,Frankie Fun,19,MonsterMashAlbum.20.6,MonsterMashAlbum_20_6,Like a Glove,5,5,false,true,2,
monster-mash/sample-album,1,SAMPLE-SWAMPIE-05,Swampie,1789958688243,MonsterMashAlbum,MonsterMashAlbum,MonsterMashAlbum.20,Frankie Fun,19,MonsterMashAlbum.20.7,MonsterMashAlbum_20_7,The Groom,6,5,true,false,0,
monster-mash/sample-album,1,SAMPLE-SWAMPIE-05,Swampie,1789958688243,MonsterMashAlbum,MonsterMashAlbum,MonsterMashAlbum.20,Frankie Fun,19,MonsterMashAlbum.20.8,MonsterMashAlbum_20_8,Self Made Man,7,5,true,true,2,
monster-mash/sample-album,1,SAMPLE-SWAMPIE-05,Swampie,1789958688243,MonsterMashAlbum,MonsterMashAlbum,MonsterMashAlbum.20,Frankie Fun,19,MonsterMashAlbum.20.9,MonsterMashAlbum_20_9,Supportive,8,6,false,true,1,
monster-mash/sample-album,1,SAMPLE-SWAMPIE-05,Swampie,1789958688243,MonsterMashAlbum,MonsterMashAlbum,MonsterMashAlbum.21,Who You Gonna Call?,20,MonsterMashAlbum.21.1,MonsterMashAlbum_21_1,Shh!,0,4,false,false,0,
monster-mash/sample-album,1,SAMPLE-SWAMPIE-05,Swampie,1789958688243,MonsterMashAlbum,MonsterMashAlbum,MonsterMashAlbum.21,Who You Gonna Call?,20,MonsterMashAlbum.21.2,MonsterMashAlbum_21_2,Off the Charts,1,4,true,true,1,
monster-mash/sample-album,1,SAMPLE-SWAMPIE-05,Swampie,1789958688243,MonsterMashAlbum,MonsterMashAlbum,MonsterMashAlbum.21,Who You Gonna Call?,20,MonsterMashAlbum.21.3,MonsterMashAlbum_21_3,The Pole Works!,2,4,true,false,0,
monster-mash/sample-album,1,SAMPLE-SWAMPIE-05,Swampie,1789958688243,MonsterMashAlbum,MonsterMashAlbum,MonsterMashAlbum.21,Who You Gonna Call?,20,MonsterMashAlbum.21.4,MonsterMashAlbum_21_4,Goo Crew,3,5,false,true,1,
monster-mash/sample-album,1,SAMPLE-SWAMPIE-05,Swampie,1789958688243,MonsterMashAlbum,MonsterMashAlbum,MonsterMashAlbum.21,Who You Gonna Call?,20,MonsterMashAlbum.21.5,MonsterMashAlbum_21_5,We Have the Tools,4,5,false,true,1,
monster-mash/sample-album,1,SAMPLE-SWAMPIE-05,Swampie,1789958688243,MonsterMashAlbum,MonsterMashAlbum,MonsterMashAlbum.21,Who You Gonna Call?,20,MonsterMashAlbum.21.6,MonsterMashAlbum_21_6,Terrace Terror,5,5,true,true,1,
monster-mash/sample-album,1,SAMPLE-SWAMPIE-05,Swampie,1789958688243,MonsterMashAlbum,MonsterMashAlbum,MonsterMashAlbum.21,Who You Gonna Call?,20,MonsterMashAlbum.21.7,MonsterMashAlbum_21_7,S'more Heat,6,5,true,false,0,
monster-mash/sample-album,1,SAMPLE-SWAMPIE-05,Swampie,1789958688243,MonsterMashAlbum,MonsterMashAlbum,MonsterMashAlbum.21,Who You Gonna Call?,20,MonsterMashAlbum.21.8,MonsterMashAlbum_21_8,I Love This Town!,7,5,true,true,1,
monster-mash/sample-album,1,SAMPLE-SWAMPIE-05,Swampie,1789958688243,MonsterMashAlbum,MonsterMashAlbum,MonsterMashAlbum.21,Who You Gonna Call?,20,MonsterMashAlbum.21.9,MonsterMashAlbum_21_9,Big Town Heroes,8,6,false,true,1,
monster-mash/sample-album,1,SAMPLE-SWAMPIE-05,Swampie,1789958688243,MonsterMashAlbum,MonsterMashAlbum,MonsterMashAlbum.22,Demons & Hunters,21,MonsterMashAlbum.22.1,MonsterMashAlbum_22_1,How It's Done,0,4,true,true,1,
monster-mash/sample-album,1,SAMPLE-SWAMPIE-05,Swampie,1789958688243,MonsterMashAlbum,MonsterMashAlbum,MonsterMashAlbum.22,Demons & Hunters,21,MonsterMashAlbum.22.2,MonsterMashAlbum_22_2,Golden,1,4,true,false,0,
monster-mash/sample-album,1,SAMPLE-SWAMPIE-05,Swampie,1789958688243,MonsterMashAlbum,MonsterMashAlbum,MonsterMashAlbum.22,Demons & Hunters,21,MonsterMashAlbum.22.3,MonsterMashAlbum_22_3,Newcomers,2,5,false,true,3,
monster-mash/sample-album,1,SAMPLE-SWAMPIE-05,Swampie,1789958688243,MonsterMashAlbum,MonsterMashAlbum,MonsterMashAlbum.22,Demons & Hunters,21,MonsterMashAlbum.22.4,MonsterMashAlbum_22_4,Easy on the Eyes,3,5,false,true,2,
monster-mash/sample-album,1,SAMPLE-SWAMPIE-05,Swampie,1789958688243,MonsterMashAlbum,MonsterMashAlbum,MonsterMashAlbum.22,Demons & Hunters,21,MonsterMashAlbum.22.5,MonsterMashAlbum_22_5,Soda Pop,4,5,true,false,0,
monster-mash/sample-album,1,SAMPLE-SWAMPIE-05,Swampie,1789958688243,MonsterMashAlbum,MonsterMashAlbum,MonsterMashAlbum.22,Demons & Hunters,21,MonsterMashAlbum.22.6,MonsterMashAlbum_22_6,"Hello, Friend",5,5,true,true,2,
monster-mash/sample-album,1,SAMPLE-SWAMPIE-05,Swampie,1789958688243,MonsterMashAlbum,MonsterMashAlbum,MonsterMashAlbum.22,Demons & Hunters,21,MonsterMashAlbum.22.7,MonsterMashAlbum_22_7,Torn,6,5,true,true,1,
monster-mash/sample-album,1,SAMPLE-SWAMPIE-05,Swampie,1789958688243,MonsterMashAlbum,MonsterMashAlbum,MonsterMashAlbum.22,Demons & Hunters,21,MonsterMashAlbum.22.8,MonsterMashAlbum_22_8,Voices Strong,7,5,true,false,0,
monster-mash/sample-album,1,SAMPLE-SWAMPIE-05,Swampie,1789958688243,MonsterMashAlbum,MonsterMashAlbum,MonsterMashAlbum.22,Demons & Hunters,21,MonsterMashAlbum.22.9,MonsterMashAlbum_22_9,Cough! Cough! Cough!,8,6,false,true,2,4
monster-mash/sample-album,1,SAMPLE-WOLFIE-F1,Wolfie,1789956468243,MonsterMashAlbum,MonsterMashAlbum,MonsterMashAlbum.1,Community Gallery,0,MonsterMashAlbum.1.1,MonsterMashAlbum_1_1,Woodland Whispers,0,1,false,false,0,
monster-mash/sample-album,1,SAMPLE-WOLFIE-F1,Wolfie,1789956468243,MonsterMashAlbum,MonsterMashAlbum,MonsterMashAlbum.1,Community Gallery,0,MonsterMashAlbum.1.2,MonsterMashAlbum_1_2,Kute Krampus,1,1,false,true,4,
monster-mash/sample-album,1,SAMPLE-WOLFIE-F1,Wolfie,1789956468243,MonsterMashAlbum,MonsterMashAlbum,MonsterMashAlbum.1,Community Gallery,0,MonsterMashAlbum.1.3,MonsterMashAlbum_1_3,Gentlewulf,2,1,false,false,0,
monster-mash/sample-album,1,SAMPLE-WOLFIE-F1,Wolfie,1789956468243,MonsterMashAlbum,MonsterMashAlbum,MonsterMashAlbum.1,Community Gallery,0,MonsterMashAlbum.1.4,MonsterMashAlbum_1_4,Patchwork,3,1,false,false,0,
monster-mash/sample-album,1,SAMPLE-WOLFIE-F1,Wolfie,1789956468243,MonsterMashAlbum,MonsterMashAlbum,MonsterMashAlbum.1,Community Gallery,0,MonsterMashAlbum.1.5,MonsterMashAlbum_1_5,Neck of the Woods,4,1,false,false,0,
monster-mash/sample-album,1,SAMPLE-WOLFIE-F1,Wolfie,1789956468243,MonsterMashAlbum,MonsterMashAlbum,MonsterMashAlbum.1,Community Gallery,0,MonsterMashAlbum.1.6,MonsterMashAlbum_1_6,Glam-O-Crow,5,1,false,true,1,
monster-mash/sample-album,1,SAMPLE-WOLFIE-F1,Wolfie,1789956468243,MonsterMashAlbum,MonsterMashAlbum,MonsterMashAlbum.1,Community Gallery,0,MonsterMashAlbum.1.7,MonsterMashAlbum_1_7,Harlequin Queen,6,1,false,true,2,
monster-mash/sample-album,1,SAMPLE-WOLFIE-F1,Wolfie,1789956468243,MonsterMashAlbum,MonsterMashAlbum,MonsterMashAlbum.1,Community Gallery,0,MonsterMashAlbum.1.8,MonsterMashAlbum_1_8,Screaming Clown,7,1,false,false,0,
monster-mash/sample-album,1,SAMPLE-WOLFIE-F1,Wolfie,1789956468243,MonsterMashAlbum,MonsterMashAlbum,MonsterMashAlbum.1,Community Gallery,0,MonsterMashAlbum.1.9,MonsterMashAlbum_1_9,Just a Zombie,8,1,false,false,0,
monster-mash/sample-album,1,SAMPLE-WOLFIE-F1,Wolfie,1789956468243,MonsterMashAlbum,MonsterMashAlbum,MonsterMashAlbum.2,Welcome To The Mansion,1,MonsterMashAlbum.2.1,MonsterMashAlbum_2_1,Mystery Mansion,0,1,false,true,2,
monster-mash/sample-album,1,SAMPLE-WOLFIE-F1,Wolfie,1789956468243,MonsterMashAlbum,MonsterMashAlbum,MonsterMashAlbum.2,Welcome To The Mansion,1,MonsterMashAlbum.2.2,MonsterMashAlbum_2_2,At The Gates,1,1,false,false,0,
monster-mash/sample-album,1,SAMPLE-WOLFIE-F1,Wolfie,1789956468243,MonsterMashAlbum,MonsterMashAlbum,MonsterMashAlbum.2,Welcome To The Mansion,1,MonsterMashAlbum.2.3,MonsterMashAlbum_2_3,Master Key,2,1,false,true,2,
monster-mash/sample-album,1,SAMPLE-WOLFIE-F1,Wolfie,1789956468243,MonsterMashAlbum,MonsterMashAlbum,MonsterMashAlbum.2,Welcome To The Mansion,1,MonsterMashAlbum.2.4,MonsterMashAlbum_2_4,The Other Side,3,1,false,false,0,
monster-mash/sample-album,1,SAMPLE-WOLFIE-F1,Wolfie,1789956468243,MonsterMashAlbum,MonsterMashAlbum,MonsterMashAlbum.2,Welcome To The Mansion,1,MonsterMashAlbum.2.5,MonsterMashAlbum_2_5,Hall O' Frame,4,1,false,true,2,
monster-mash/sample-album,1,SAMPLE-WOLFIE-F1,Wolfie,1789956468243,MonsterMashAlbum,MonsterMashAlbum,MonsterMashAlbum.2,Welcome To The Mansion,1,MonsterMashAlbum.2.6,MonsterMashAlbum_2_6,House Call,5,1,false,false,0,
monster-mash/sample-album,1,SAMPLE-WOLFIE-F1,Wolfie,1789956468243,MonsterMashAlbum,MonsterMashAlbum,MonsterMashAlbum.2,Welcome To The Mansion,1,MonsterMashAlbum.2.7,MonsterMashAlbum_2_7,HUNTR/X,6,1,false,true,2,
monster-mash/sample-album,1,SAMPLE-WOLFIE-F1,Wolfie,1789956468243,MonsterMashAlbum,MonsterMashAlbum,MonsterMashAlbum.2,Welcome To The Mansion,1,MonsterMashAlbum.2.8,MonsterMashAlbum_2_8,Ghostly Guide,7,1,false,true,3,
monster-mash/sample-album,1,SAMPLE-WOLFIE-F1,Wolfie,1789956468243,MonsterMashAlbum,MonsterMashAlbum,MonsterMashAlbum.2,Welcome To The Mansion,1,MonsterMashAlbum.2.9,MonsterMashAlbum_2_9,Places Unknown,8,1,false,true,1,
monster-mash/sample-album,1,SAMPLE-WOLFIE-F1,Wolfie,1789956468243,MonsterMashAlbum,MonsterMashAlbum,MonsterMashAlbum.3,Dracula,2,MonsterMashAlbum.3.1,MonsterMashAlbum_3_1,Enter Dracula,0,1,false,true,1,
monster-mash/sample-album,1,SAMPLE-WOLFIE-F1,Wolfie,1789956468243,MonsterMashAlbum,MonsterMashAlbum,MonsterMashAlbum.3,Dracula,2,MonsterMashAlbum.3.2,MonsterMashAlbum_3_2,On Reflection,1,1,false,true,2,
monster-mash/sample-album,1,SAMPLE-WOLFIE-F1,Wolfie,1789956468243,MonsterMashAlbum,MonsterMashAlbum,MonsterMashAlbum.3,Dracula,2,MonsterMashAlbum.3.3,MonsterMashAlbum_3_3,Long in the Tooth,2,1,false,false,0,
monster-mash/sample-album,1,SAMPLE-WOLFIE-F1,Wolfie,1789956468243,MonsterMashAlbum,MonsterMashAlbum,MonsterMashAlbum.3,Dracula,2,MonsterMashAlbum.3.4,MonsterMashAlbum_3_4,Day in the Sun,3,1,false,true,1,
monster-mash/sample-album,1,SAMPLE-WOLFIE-F1,Wolfie,1789956468243,MonsterMashAlbum,MonsterMashAlbum,MonsterMashAlbum.3,Dracula,2,MonsterMashAlbum.3.5,MonsterMashAlbum_3_5,Down for the Count,4,1,false,true,2,
monster-mash/sample-album,1,SAMPLE-WOLFIE-F1,Wolfie,1789956468243,MonsterMashAlbum,MonsterMashAlbum,MonsterMashAlbum.3,Dracula,2,MonsterMashAlbum.3.6,MonsterMashAlbum_3_6,Heart Stopper,5,1,false,true,2,
monster-mash/sample-album,1,SAMPLE-WOLFIE-F1,Wolfie,1789956468243,MonsterMashAlbum,MonsterMashAlbum,MonsterMashAlbum.3,Dracula,2,MonsterMashAlbum.3.7,MonsterMashAlbum_3_7,Cloak Conundrum,6,2,false,false,0,
monster-mash/sample-album,1,SAMPLE-WOLFIE-F1,Wolfie,1789956468243,MonsterMashAlbum,MonsterMashAlbum,MonsterMashAlbum.3,Dracula,2,MonsterMashAlbum.3.8,MonsterMashAlbum_3_8,Prince of Darkness,7,2,false,true,1,
monster-mash/sample-album,1,SAMPLE-WOLFIE-F1,Wolfie,1789956468243,MonsterMashAlbum,MonsterMashAlbum,MonsterMashAlbum.3,Dracula,2,MonsterMashAlbum.3.9,MonsterMashAlbum_3_9,Disco Drac,8,2,false,true,1,
monster-mash/sample-album,1,SAMPLE-WOLFIE-F1,Wolfie,1789956468243,MonsterMashAlbum,MonsterMashAlbum,MonsterMashAlbum.4,Lurid Labs,3,MonsterMashAlbum.4.1,MonsterMashAlbum_4_1,The Laboratory,0,1,false,true,3,
monster-mash/sample-album,1,SAMPLE-WOLFIE-F1,Wolfie,1789956468243,MonsterMashAlbum,MonsterMashAlbum,MonsterMashAlbum.4,Lurid Labs,3,MonsterMashAlbum.4.2,MonsterMashAlbum_4_2,Flip the Switch,1,1,false,true,2,
monster-mash/sample-album,1,SAMPLE-WOLFIE-F1,Wolfie,1789956468243,MonsterMashAlbum,MonsterMashAlbum,MonsterMashAlbum.4,Lurid Labs,3,MonsterMashAlbum.4.3,MonsterMashAlbum_4_3,Pet Project,2,1,false,true,1,
monster-mash/sample-album,1,SAMPLE-WOLFIE-F1,Wolfie,1789956468243,MonsterMashAlbum,MonsterMashAlbum,MonsterMashAlbum.4,Lurid Labs,3,MonsterMashAlbum.4.4,MonsterMashAlbum_4_4,Jealousy & Pride,3,2,false,true,2,
monster-mash/sample-album,1,SAMPLE-WOLFIE-F1,Wolfie,1789956468243,MonsterMashAlbum,MonsterMashAlbum,MonsterMashAlbum.4,Lurid Labs,3,MonsterMashAlbum.4.5,MonsterMashAlbum_4_5,Mad for Science,4,2,false,true,1,
monster-mash/sample-album,1,SAMPLE-WOLFIE-F1,Wolfie,1789956468243,MonsterMashAlbum,MonsterMashAlbum,MonsterMashAlbum.4,Lurid Labs,3,MonsterMashAlbum.4.6,MonsterMashAlbum_4_6,The Conductor,5,2,false,true,3,
monster-mash/sample-album,1,SAMPLE-WOLFIE-F1,Wolfie,1789956468243,MonsterMashAlbum,MonsterMashAlbum,MonsterMashAlbum.4,Lurid Labs,3,MonsterMashAlbum.4.7,MonsterMashAlbum_4_7,Ghost Trap,6,2,false,false,0,
monster-mash/sample-album,1,SAMPLE-WOLFIE-F1,Wolfie,1789956468243,MonsterMashAlbum,MonsterMashAlbum,MonsterMashAlbum.4,Lurid Labs,3,MonsterMashAlbum.4.8,MonsterMashAlbum_4_8,Gone Ghoul,7,2,false,true,1,
monster-mash/sample-album,1,SAMPLE-WOLFIE-F1,Wolfie,1789956468243,MonsterMashAlbum,MonsterMashAlbum,MonsterMashAlbum.4,Lurid Labs,3,MonsterMashAlbum.4.9,MonsterMashAlbum_4_9,Slimed,8,2,false,false,0,
monster-mash/sample-album,1,SAMPLE-WOLFIE-F1,Wolfie,1789956468243,MonsterMashAlbum,MonsterMashAlbum,MonsterMashAlbum.5,Grim Gardens,4,MonsterMashAlbum.5.1,MonsterMashAlbum_5_1,Ghouly Greens,0,2,false,false,0,
monster-mash/sample-album,1,SAMPLE-WOLFIE-F1,Wolfie,1789956468243,MonsterMashAlbum,MonsterMashAlbum,MonsterMashAlbum.5,Grim Gardens,4,MonsterMashAlbum.5.2,MonsterMashAlbum_5_2,Ghost Plant,1,2,false,false,0,
monster-mash/sample-album,1,SAMPLE-WOLFIE-F1,Wolfie,1789956468243,MonsterMashAlbum,MonsterMashAlbum,MonsterMashAlbum.5,Grim Gardens,4,MonsterMashAlbum.5.3,MonsterMashAlbum_5_3,Green Thumb,2,2,false,true,2,
monster-mash/sample-album,1,SAMPLE-WOLFIE-F1,Wolfie,1789956468243,MonsterMashAlbum,MonsterMashAlbum,MonsterMashAlbum.5,Grim Gardens,4,MonsterMashAlbum.5.4,MonsterMashAlbum_5_4,Creeper Vine,3,2,false,true,2,
monster-mash/sample-album,1,SAMPLE-WOLFIE-F1,Wolfie,1789956468243,MonsterMashAlbum,MonsterMashAlbum,MonsterMashAlbum.5,Grim Gardens,4,MonsterMashAlbum.5.5,MonsterMashAlbum_5_5,"Try, Try Again",4,2,false,true,1,
monster-mash/sample-album,1,SAMPLE-WOLFIE-F1,Wolfie,1789956468243,MonsterMashAlbum,MonsterMashAlbum,MonsterMashAlbum.5,Grim Gardens,4,MonsterMashAlbum.5.6,MonsterMashAlbum_5_6,Botanical Bogey,5,2,false,false,0,
monster-mash/sample-album,1,SAMPLE-WOLFIE-F1,Wolfie,1789956468243,MonsterMashAlbum,MonsterMashAlbum,MonsterMashAlbum.5,Grim Gardens,4,MonsterMashAlbum.5.7,MonsterMashAlbum_5_7,Heady Choices,6,2,false,true,2,
monster-mash/sample-album,1,SAMPLE-WOLFIE-F1,Wolfie,1789956468243,MonsterMashAlbum,MonsterMashAlbum,MonsterMashAlbum.5,Grim Gardens,4,MonsterMashAlbum.5.8,MonsterMashAlbum_5_8,Dirt Nap,7,2,false,true,1,
monster-mash/sample-album,1,SAMPLE-WOLFIE-F1,Wolfie,1789956468243,MonsterMashAlbum,MonsterMashAlbum,MonsterMashAlbum.5,Grim Gardens,4,MonsterMashAlbum.5.9,MonsterMashAlbum_5_9,BOO-quet,8,2,false,false,0,
monster-mash/sample-album,1,SAMPLE-WOLFIE-F1,Wolfie,1789956468243,MonsterMashAlbum,MonsterMashAlbum,MonsterMashAlbum.6,Wolfie,5,MonsterMashAlbum.6.1,MonsterMashAlbum_6_1,Enter Wolfie,0,2,false,false,0,
monster-mash/sample-album,1,SAMPLE-WOLFIE-F1,Wolfie,1789956468243,MonsterMashAlbum,MonsterMashAlbum,MonsterMashAlbum.6,Wolfie,5,MonsterMashAlbum.6.2,MonsterMashAlbum_6_2,Family Pack,1,2,false,false,0,
monster-mash/sample-album,1,SAMPLE-WOLFIE-F1,Wolfie,1789956468243,MonsterMashAlbum,MonsterMashAlbum,MonsterMashAlbum.6,Wolfie,5,MonsterMashAlbum.6.3,MonsterMashAlbum_6_3,Fetch!,2,2,false,true,4,
monster-mash/sample-album,1,SAMPLE-WOLFIE-F1,Wolfie,1789956468243,MonsterMashAlbum,MonsterMashAlbum,MonsterMashAlbum.6,Wolfie,5,MonsterMashAlbum.6.4,MonsterMashAlbum_6_4,I Beg You,3,2,false,true,3,
monster-mash/sample-album,1,SAMPLE-WOLFIE-F1,Wolfie,1789956468243,MonsterMashAlbum,MonsterMashAlbum,MonsterMashAlbum.6,Wolfie,5,MonsterMashAlbum.6.5,MonsterMashAlbum_6_5,Beast in Show,4,2,false,false,0,
monster-mash/sample-album,1,SAMPLE-WOLFIE-F1,Wolfie,1789956468243,MonsterMashAlbum,MonsterMashAlbum,MonsterMashAlbum.6,Wolfie,5,MonsterMashAlbum.6.6,MonsterMashAlbum_6_6,Call of the Wild,5,2,false,true,1,
monster-mash/sample-album,1,SAMPLE-WOLFIE-F1,Wolfie,1789956468243,MonsterMashAlbum,MonsterMashAlbum,MonsterMashAlbum.6,Wolfie,5,MonsterMashAlbum.6.7,MonsterMashAlbum_6_7,Fine Canines,6,2,false,true,2,
monster-mash/sample-album,1,SAMPLE-WOLFIE-F1,Wolfie,1789956468243,MonsterMashAlbum,MonsterMashAlbum,MonsterMashAlbum.6,Wolfie,5,MonsterMashAlbum.6.8,MonsterMashAlbum_6_8,Howl N' Prowl,7,2,false,true,1,
monster-mash/sample-album,1,SAMPLE-WOLFIE-F1,Wolfie,1789956468243,MonsterMashAlbum,MonsterMashAlbum,MonsterMashAlbum.6,Wolfie,5,MonsterMashAlbum.6.9,MonsterMashAlbum_6_9,Luna's Flea Bath,8,2,false,false,0,
monster-mash/sample-album,1,SAMPLE-WOLFIE-F1,Wolfie,1789956468243,MonsterMashAlbum,MonsterMashAlbum,MonsterMashAlbum.7,Sleepless Night,6,MonsterMashAlbum.7.1,MonsterMashAlbum_7_1,Blighted Bedroom,0,2,false,true,1,
monster-mash/sample-album,1,SAMPLE-WOLFIE-F1,Wolfie,1789956468243,MonsterMashAlbum,MonsterMashAlbum,MonsterMashAlbum.7,Sleepless Night,6,MonsterMashAlbum.7.2,MonsterMashAlbum_7_2,Ghost Story,1,2,false,true,1,
monster-mash/sample-album,1,SAMPLE-WOLFIE-F1,Wolfie,1789956468243,MonsterMashAlbum,MonsterMashAlbum,MonsterMashAlbum.7,Sleepless Night,6,MonsterMashAlbum.7.3,MonsterMashAlbum_7_3,Clowned,2,2,false,true,2,
monster-mash/sample-album,1,SAMPLE-WOLFIE-F1,Wolfie,1789956468243,MonsterMashAlbum,MonsterMashAlbum,MonsterMashAlbum.7,Sleepless Night,6,MonsterMashAlbum.7.4,MonsterMashAlbum_7_4,Demonic Disguise,3,2,false,true,1,
monster-mash/sample-album,1,SAMPLE-WOLFIE-F1,Wolfie,1789956468243,MonsterMashAlbum,MonsterMashAlbum,MonsterMashAlbum.7,Sleepless Night,6,MonsterMashAlbum.7.5,MonsterMashAlbum_7_5,Going Batty,4,2,false,true,1,
monster-mash/sample-album,1,SAMPLE-WOLFIE-F1,Wolfie,1789956468243,MonsterMashAlbum,MonsterMashAlbum,MonsterMashAlbum.7,Sleepless Night,6,MonsterMashAlbum.7.6,MonsterMashAlbum_7_6,Safety First,5,2,false,true,1,
monster-mash/sample-album,1,SAMPLE-WOLFIE-F1,Wolfie,1789956468243,MonsterMashAlbum,MonsterMashAlbum,MonsterMashAlbum.7,Sleepless Night,6,MonsterMashAlbum.7.7,MonsterMashAlbum_7_7,Chair Raising,6,2,false,true,1,
monster-mash/sample-album,1,SAMPLE-WOLFIE-F1,Wolfie,1789956468243,MonsterMashAlbum,MonsterMashAlbum,MonsterMashAlbum.7,Sleepless Night,6,MonsterMashAlbum.7.8,MonsterMashAlbum_7_8,Mystery Solved,7,3,false,false,0,
monster-mash/sample-album,1,SAMPLE-WOLFIE-F1,Wolfie,1789956468243,MonsterMashAlbum,MonsterMashAlbum,MonsterMashAlbum.7,Sleepless Night,6,MonsterMashAlbum.7.9,MonsterMashAlbum_7_9,Boogey Boo!,8,3,false,false,0,
monster-mash/sample-album,1,SAMPLE-WOLFIE-F1,Wolfie,1789956468243,MonsterMashAlbum,MonsterMashAlbum,MonsterMashAlbum.8,Ms. Frankenstein,7,MonsterMashAlbum.8.1,MonsterMashAlbum_8_1,Enter Undead Diva,0,2,false,true,2,
monster-mash/sample-album,1,SAMPLE-WOLFIE-F1,Wolfie,1789956468243,MonsterMashAlbum,MonsterMashAlbum,MonsterMashAlbum.8,Ms. Frankenstein,7,MonsterMashAlbum.8.2,MonsterMashAlbum_8_2,Study Buddy,1,2,false,false,0,
monster-mash/sample-album,1,SAMPLE-WOLFIE-F1,Wolfie,1789956468243,MonsterMashAlbum,MonsterMashAlbum,MonsterMashAlbum.8,Ms. Frankenstein,7,MonsterMashAlbum.8.3,MonsterMashAlbum_8_3,Inspiration Strikes!,2,2,false,false,0,
monster-mash/sample-album,1,SAMPLE-WOLFIE-F1,Wolfie,1789956468243,MonsterMashAlbum,MonsterMashAlbum,MonsterMashAlbum.8,Ms. Frankenstein,7,MonsterMashAlbum.8.4,MonsterMashAlbum_8_4,Made for This,3,2,false,false,0,
monster-mash/sample-album,1,SAMPLE-WOLFIE-F1,Wolfie,1789956468243,MonsterMashAlbum,MonsterMashAlbum,MonsterMashAlbum.8,Ms. Frankenstein,7,MonsterMashAlbum.8.5,MonsterMashAlbum_8_5,Thunderhead,4,2,false,true,1,
monster-mash/sample-album,1,SAMPLE-WOLFIE-F1,Wolfie,1789956468243,MonsterMashAlbum,MonsterMashAlbum,MonsterMashAlbum.8,Ms. Frankenstein,7,MonsterMashAlbum.8.6,MonsterMashAlbum_8_6,Stormy Skies,5,2,false,false,0,
monster-mash/sample-album,1,SAMPLE-WOLFIE-F1,Wolfie,1789956468243,MonsterMashAlbum,MonsterMashAlbum,MonsterMashAlbum.8,Ms. Frankenstein,7,MonsterMashAlbum.8.7,MonsterMashAlbum_8_7,At First Sight,6,3,false,true,1,
monster-mash/sample-album,1,SAMPLE-WOLFIE-F1,Wolfie,1789956468243,MonsterMashAlbum,MonsterMashAlbum,MonsterMashAlbum.8,Ms. Frankenstein,7,MonsterMashAlbum.8.8,MonsterMashAlbum_8_8,Strike a Pose,7,3,false,false,0,
monster-mash/sample-album,1,SAMPLE-WOLFIE-F1,Wolfie,1789956468243,MonsterMashAlbum,MonsterMashAlbum,MonsterMashAlbum.8,Ms. Frankenstein,7,MonsterMashAlbum.8.9,MonsterMashAlbum_8_9,I Do!,8,3,false,false,0,
monster-mash/sample-album,1,SAMPLE-WOLFIE-F1,Wolfie,1789956468243,MonsterMashAlbum,MonsterMashAlbum,MonsterMashAlbum.9,Halloween Games,8,MonsterMashAlbum.9.1,MonsterMashAlbum_9_1,Game On!,0,2,false,true,1,
monster-mash/sample-album,1,SAMPLE-WOLFIE-F1,Wolfie,1789956468243,MonsterMashAlbum,MonsterMashAlbum,MonsterMashAlbum.9,Halloween Games,8,MonsterMashAlbum.9.2,MonsterMashAlbum_9_2,Takedown,1,2,false,false,0,
monster-mash/sample-album,1,SAMPLE-WOLFIE-F1,Wolfie,1789956468243,MonsterMashAlbum,MonsterMashAlbum,MonsterMashAlbum.9,Halloween Games,8,MonsterMashAlbum.9.3,MonsterMashAlbum_9_3,Nice Bob!,2,2,false,true,1,
monster-mash/sample-album,1,SAMPLE-WOLFIE-F1,Wolfie,1789956468243,MonsterMashAlbum,MonsterMashAlbum,MonsterMashAlbum.9,Halloween Games,8,MonsterMashAlbum.9.4,MonsterMashAlbum_9_4,Stuck in Limbo,3,2,false,false,0,
monster-mash/sample-album,1,SAMPLE-WOLFIE-F1,Wolfie,1789956468243,MonsterMashAlbum,MonsterMashAlbum,MonsterMashAlbum.9,Halloween Games,8,MonsterMashAlbum.9.5,MonsterMashAlbum_9_5,Feet of Strength,4,3,false,false,0,
monster-mash/sample-album,1,SAMPLE-WOLFIE-F1,Wolfie,1789956468243,MonsterMashAlbum,MonsterMashAlbum,MonsterMashAlbum.9,Halloween Games,8,MonsterMashAlbum.9.6,MonsterMashAlbum_9_6,Sugar Rush,5,3,false,false,0,
monster-mash/sample-album,1,SAMPLE-WOLFIE-F1,Wolfie,1789956468243,MonsterMashAlbum,MonsterMashAlbum,MonsterMashAlbum.9,Halloween Games,8,MonsterMashAlbum.9.7,MonsterMashAlbum_9_7,Deadly Aim,6,3,false,false,0,
monster-mash/sample-album,1,SAMPLE-WOLFIE-F1,Wolfie,1789956468243,MonsterMashAlbum,MonsterMashAlbum,MonsterMashAlbum.9,Halloween Games,8,MonsterMashAlbum.9.8,MonsterMashAlbum_9_8,The Ringer,7,3,false,true,1,
monster-mash/sample-album,1,SAMPLE-WOLFIE-F1,Wolfie,1789956468243,MonsterMashAlbum,MonsterMashAlbum,MonsterMashAlbum.9,Halloween Games,8,MonsterMashAlbum.9.9,MonsterMashAlbum_9_9,Snack Attack,8,3,false,true,1,
monster-mash/sample-album,1,SAMPLE-WOLFIE-F1,Wolfie,1789956468243,MonsterMashAlbum,MonsterMashAlbum,MonsterMashAlbum.10,The Mummy,9,MonsterMashAlbum.10.1,MonsterMashAlbum_10_1,Enter Rags,0,2,false,true,2,
monster-mash/sample-album,1,SAMPLE-WOLFIE-F1,Wolfie,1789956468243,MonsterMashAlbum,MonsterMashAlbum,MonsterMashAlbum.10,The Mummy,9,MonsterMashAlbum.10.2,MonsterMashAlbum_10_2,Bugging Out,1,2,false,true,2,
monster-mash/sample-album,1,SAMPLE-WOLFIE-F1,Wolfie,1789956468243,MonsterMashAlbum,MonsterMashAlbum,MonsterMashAlbum.10,The Mummy,9,MonsterMashAlbum.10.3,MonsterMashAlbum_10_3,Curses!,2,3,false,false,0,
monster-mash/sample-album,1,SAMPLE-WOLFIE-F1,Wolfie,1789956468243,MonsterMashAlbum,MonsterMashAlbum,MonsterMashAlbum.10,The Mummy,9,MonsterMashAlbum.10.4,MonsterMashAlbum_10_4,Pyramid Scheme,3,3,false,true,1,
monster-mash/sample-album,1,SAMPLE-WOLFIE-F1,Wolfie,1789956468243,MonsterMashAlbum,MonsterMashAlbum,MonsterMashAlbum.10,The Mummy,9,MonsterMashAlbum.10.5,MonsterMashAlbum_10_5,That's a Wrap!,4,3,false,false,0,
monster-mash/sample-album,1,SAMPLE-WOLFIE-F1,Wolfie,1789956468243,MonsterMashAlbum,MonsterMashAlbum,MonsterMashAlbum.10,The Mummy,9,MonsterMashAlbum.10.6,MonsterMashAlbum_10_6,Cryptic,5,3,false,true,1,
monster-mash/sample-album,1,SAMPLE-WOLFIE-F1,Wolfie,1789956468243,MonsterMashAlbum,MonsterMashAlbum,MonsterMashAlbum.10,The Mummy,9,MonsterMashAlbum.10.7,MonsterMashAlbum_10_7,Preserves,6,3,false,false,0,
monster-mash/sample-album,1,SAMPLE-WOLFIE-F1,Wolfie,1789956468243,MonsterMashAlbum,MonsterMashAlbum,MonsterMashAlbum.10,The Mummy,9,MonsterMashAlbum.10.8,MonsterMashAlbum_10_8,Tomb Boy,7,3,false,true,1,
monster-mash/sample-album,1,SAMPLE-WOLFIE-F1,Wolfie,1789956468243,MonsterMashAlbum,MonsterMashAlbum,MonsterMashAlbum.10,The Mummy,9,MonsterMashAlbum.10.9,MonsterMashAlbum_10_9,Walk This Way,8,3,false,true,1,
monster-mash/sample-album,1,SAMPLE-WOLFIE-F1,Wolfie,1789956468243,MonsterMashAlbum,MonsterMashAlbum,MonsterMashAlbum.11,The Swamp Monster,10,MonsterMashAlbum.11.1,MonsterMashAlbum_11_1,Enter Swampie,0,2,false,false,0,
monster-mash/sample-album,1,SAMPLE-WOLFIE-F1,Wolfie,1789956468243,MonsterMashAlbum,MonsterMashAlbum,MonsterMashAlbum.11,The Swamp Monster,10,MonsterMashAlbum.11.2,MonsterMashAlbum_11_2,Ugly Muckling,1,3,false,true,1,
monster-mash/sample-album,1,SAMPLE-WOLFIE-F1,Wolfie,1789956468243,MonsterMashAlbum,MonsterMashAlbum,MonsterMashAlbum.11,The Swamp Monster,10,MonsterMashAlbum.11.3,MonsterMashAlbum_11_3,Swamp Hang,2,3,false,true,1,
monster-mash/sample-album,1,SAMPLE-WOLFIE-F1,Wolfie,1789956468243,MonsterMashAlbum,MonsterMashAlbum,MonsterMashAlbum.11,The Swamp Monster,10,MonsterMashAlbum.11.4,MonsterMashAlbum_11_4,Marsh Mellow,3,3,false,false,0,
monster-mash/sample-album,1,SAMPLE-WOLFIE-F1,Wolfie,1789956468243,MonsterMashAlbum,MonsterMashAlbum,MonsterMashAlbum.11,The Swamp Monster,10,MonsterMashAlbum.11.5,MonsterMashAlbum_11_5,Top Underling,4,3,false,true,2,
monster-mash/sample-album,1,SAMPLE-WOLFIE-F1,Wolfie,1789956468243,MonsterMashAlbum,MonsterMashAlbum,MonsterMashAlbum.11,The Swamp Monster,10,MonsterMashAlbum.11.6,MonsterMashAlbum_11_6,Swamped,5,3,false,true,1,
monster-mash/sample-album,1,SAMPLE-WOLFIE-F1,Wolfie,1789956468243,MonsterMashAlbum,MonsterMashAlbum,MonsterMashAlbum.11,The Swamp Monster,10,MonsterMashAlbum.11.7,MonsterMashAlbum_11_7,Exit Strategy,6,3,false,true,1,
monster-mash/sample-album,1,SAMPLE-WOLFIE-F1,Wolfie,1789956468243,MonsterMashAlbum,MonsterMashAlbum,MonsterMashAlbum.11,The Swamp Monster,10,MonsterMashAlbum.11.8,MonsterMashAlbum_11_8,Swampie,7,3,false,true,2,
monster-mash/sample-album,1,SAMPLE-WOLFIE-F1,Wolfie,1789956468243,MonsterMashAlbum,MonsterMashAlbum,MonsterMashAlbum.11,The Swamp Monster,10,MonsterMashAlbum.11.9,MonsterMashAlbum_11_9,Boggy Nights,8,4,false,false,0,
monster-mash/sample-album,1,SAMPLE-WOLFIE-F1,Wolfie,1789956468243,MonsterMashAlbum,MonsterMashAlbum,MonsterMashAlbum.12,Evil Deeds,11,MonsterMashAlbum.12.1,MonsterMashAlbum_12_1,Witchy Wood,0,3,false,false,0,
monster-mash/sample-album,1,SAMPLE-WOLFIE-F1,Wolfie,1789956468243,MonsterMashAlbum,MonsterMashAlbum,MonsterMashAlbum.12,Evil Deeds,11,MonsterMashAlbum.12.2,MonsterMashAlbum_12_2,Unamusement Park,1,3,false,true,1,
monster-mash/sample-album,1,SAMPLE-WOLFIE-F1,Wolfie,1789956468243,MonsterMashAlbum,MonsterMashAlbum,MonsterMashAlbum.12,Evil Deeds,11,MonsterMashAlbum.12.3,MonsterMashAlbum_12_3,Soggy Bayou,2,3,false,false,0,
monster-mash/sample-album,1,SAMPLE-WOLFIE-F1,Wolfie,1789956468243,MonsterMashAlbum,MonsterMashAlbum,MonsterMashAlbum.12,Evil Deeds,11,MonsterMashAlbum.12.4,MonsterMashAlbum_12_4,Shrieking Shores,3,3,false,false,0,
monster-mash/sample-album,1,SAMPLE-WOLFIE-F1,Wolfie,1789956468243,MonsterMashAlbum,MonsterMashAlbum,MonsterMashAlbum.12,Evil Deeds,11,MonsterMashAlbum.12.5,MonsterMashAlbum_12_5,550 Central Park West,4,3,false,true,1,
monster-mash/sample-album,1,SAMPLE-WOLFIE-F1,Wolfie,1789956468243,MonsterMashAlbum,MonsterMashAlbum,MonsterMashAlbum.12,Evil Deeds,11,MonsterMashAlbum.12.6,MonsterMashAlbum_12_6,MGO Mausoleum,5,3,false,false,0,
monster-mash/sample-album,1,SAMPLE-WOLFIE-F1,Wolfie,1789956468243,MonsterMashAlbum,MonsterMashAlbum,MonsterMashAlbum.12,Evil Deeds,11,MonsterMashAlbum.12.7,MonsterMashAlbum_12_7,The Demon World,6,3,false,true,1,
monster-mash/sample-album,1,SAMPLE-WOLFIE-F1,Wolfie,1789956468243,MonsterMashAlbum,MonsterMashAlbum,MonsterMashAlbum.12,Evil Deeds,11,MonsterMashAlbum.12.8,MonsterMashAlbum_12_8,Cabin in the Woods,7,4,false,true,2,
monster-mash/sample-album,1,SAMPLE-WOLFIE-F1,Wolfie,1789956468243,MonsterMashAlbum,MonsterMashAlbum,MonsterMashAlbum.12,Evil Deeds,11,MonsterMashAlbum.12.9,MonsterMashAlbum_12_9,Dracula's Castle,8,4,false,false,0,
monster-mash/sample-album,1,SAMPLE-WOLFIE-F1,Wolfie,1789956468243,MonsterMashAlbum,MonsterMashAlbum,MonsterMashAlbum.13,The Zombie,12,MonsterMashAlbum.13.1,MonsterMashAlbum_13_1,Enter Shambles,0,3,false,true,1,
monster-mash/sample-album,1,SAMPLE-WOLFIE-F1,Wolfie,1789956468243,MonsterMashAlbum,MonsterMashAlbum,MonsterMashAlbum.13,The Zombie,12,MonsterMashAlbum.13.2,MonsterMashAlbum_13_2,Early Riser,1,3,false,false,0,
monster-mash/sample-album,1,SAMPLE-WOLFIE-F1,Wolfie,1789956468243,MonsterMashAlbum,MonsterMashAlbum,MonsterMashAlbum.13,The Zombie,12,MonsterMashAlbum.13.3,MonsterMashAlbum_13_3,Brain Rot,2,3,false,false,0,
monster-mash/sample-album,1,SAMPLE-WOLFIE-F1,Wolfie,1789956468243,MonsterMashAlbum,MonsterMashAlbum,MonsterMashAlbum.13,The Zombie,12,MonsterMashAlbum.13.4,MonsterMashAlbum_13_4,Brain Food,3,3,false,true,1,
monster-mash/sample-album,1,SAMPLE-WOLFIE-F1,Wolfie,1789956468243,MonsterMashAlbum,MonsterMashAlbum,MonsterMashAlbum.13,The Zombie,12,MonsterMashAlbum.13.5,MonsterMashAlbum_13_5,A Beautiful Mind,4,3,false,false,0,
monster-mash/sample-album,1,SAMPLE-WOLFIE-F1,Wolfie,1789956468243,MonsterMashAlbum,MonsterMashAlbum,MonsterMashAlbum.13,The Zombie,12,MonsterMashAlbum.13.6,MonsterMashAlbum_13_6,Brainiac,5,3,false,true,1,
monster-mash/sample-album,1,SAMPLE-WOLFIE-F1,Wolfie,1789956468243,MonsterMashAlbum,MonsterMashAlbum,MonsterMashAlbum.13,The Zombie,12,MonsterMashAlbum.13.7,MonsterMashAlbum_13_7,One Man's Trash,6,4,false,true,1,
monster-mash/sample-album,1,SAMPLE-WOLFIE-F1,Wolfie,1789956468243,MonsterMashAlbum,MonsterMashAlbum,MonsterMashAlbum.13,The Zombie,12,MonsterMashAlbum.13.8,MonsterMashAlbum_13_8,Fresh to Death,7,4,false,false,0,
monster-mash/sample-album,1,SAMPLE-WOLFIE-F1,Wolfie,1789956468243,MonsterMashAlbum,MonsterMashAlbum,MonsterMashAlbum.13,The Zombie,12,MonsterMashAlbum.13.9,MonsterMashAlbum_13_9,Bashful Monster,8,4,true,false,0,
monster-mash/sample-album,1,SAMPLE-WOLFIE-F1,Wolfie,1789956468243,MonsterMashAlbum,MonsterMashAlbum,MonsterMashAlbum.14,The Ghost,13,MonsterMashAlbum.14.1,MonsterMashAlbum_14_1,Enter Godfrey,0,3,false,false,0,
monster-mash/sample-album,1,SAMPLE-WOLFIE-F1,Wolfie,1789956468243,MonsterMashAlbum,MonsterMashAlbum,MonsterMashAlbum.14,The Ghost,13,MonsterMashAlbum.14.2,MonsterMashAlbum_14_2,King of Swing,1,3,false,true,1,
monster-mash/sample-album,1,SAMPLE-WOLFIE-F1,Wolfie,1789956468243,MonsterMashAlbum,MonsterMashAlbum,MonsterMashAlbum.14,The Ghost,13,MonsterMashAlbum.14.3,MonsterMashAlbum_14_3,Sing Along,2,3,false,true,2,
monster-mash/sample-album,1,SAMPLE-WOLFIE-F1,Wolfie,1789956468243,MonsterMashAlbum,MonsterMashAlbum,MonsterMashAlbum.14,The Ghost,13,MonsterMashAlbum.14.4,MonsterMashAlbum_14_4,Creepy Cameo,3,3,false,true,1,
monster-mash/sample-album,1,SAMPLE-WOLFIE-F1,Wolfie,1789956468243,MonsterMashAlbum,MonsterMashAlbum,MonsterMashAlbum.14,The Ghost,13,MonsterMashAlbum.14.5,MonsterMashAlbum_14_5,Fridge Raider,4,3,false,true,1,
monster-mash/sample-album,1,SAMPLE-WOLFIE-F1,Wolfie,1789956468243,MonsterMashAlbum,MonsterMashAlbum,MonsterMashAlbum.14,The Ghost,13,MonsterMashAlbum.14.6,MonsterMashAlbum_14_6,Chilling,5,4,false,true,1,
monster-mash/sample-album,1,SAMPLE-WOLFIE-F1,Wolfie,1789956468243,MonsterMashAlbum,MonsterMashAlbum,MonsterMashAlbum.14,The Ghost,13,MonsterMashAlbum.14.7,MonsterMashAlbum_14_7,Clear Reading,6,4,false,true,2,
monster-mash/sample-album,1,SAMPLE-WOLFIE-F1,Wolfie,1789956468243,MonsterMashAlbum,MonsterMashAlbum,MonsterMashAlbum.14,The Ghost,13,MonsterMashAlbum.14.8,MonsterMashAlbum_14_8,Fudged,7,4,true,false,0,
monster-mash/sample-album,1,SAMPLE-WOLFIE-F1,Wolfie,1789956468243,MonsterMashAlbum,MonsterMashAlbum,MonsterMashAlbum.14,The Ghost,13,MonsterMashAlbum.14.9,MonsterMashAlbum_14_9,Thrown Off,8,5,false,true,1,
monster-mash/sample-album,1,SAMPLE-WOLFIE-F1,Wolfie,1789956468243,MonsterMashAlbum,MonsterMashAlbum,MonsterMashAlbum.15,The Witch,14,MonsterMashAlbum.15.1,MonsterMashAlbum_15_1,Enter Hexie,0,3,false,false,0,
monster-mash/sample-album,1,SAMPLE-WOLFIE-F1,Wolfie,1789956468243,MonsterMashAlbum,MonsterMashAlbum,MonsterMashAlbum.15,The Witch,14,MonsterMashAlbum.15.2,MonsterMashAlbum_15_2,Familiar Face,1,3,false,true,1,
monster-mash/sample-album,1,SAMPLE-WOLFIE-F1,Wolfie,1789956468243,MonsterMashAlbum,MonsterMashAlbum,MonsterMashAlbum.15,The Witch,14,MonsterMashAlbum.15.3,MonsterMashAlbum_15_3,Miss Spelled,2,3,false,true,2,
monster-mash/sample-album,1,SAMPLE-WOLFIE-F1,Wolfie,1789956468243,MonsterMashAlbum,MonsterMashAlbum,MonsterMashAlbum.15,The Witch,14,MonsterMashAlbum.15.4,MonsterMashAlbum_15_4,At Your Service,3,4,false,true,1,
monster-mash/sample-album,1,SAMPLE-WOLFIE-F1,Wolfie,1789956468243,MonsterMashAlbum,MonsterMashAlbum,MonsterMashAlbum.15,The Witch,14,MonsterMashAlbum.15.5,MonsterMashAlbum_15_5,Monstrous Mix-Ins,4,4,false,false,0,
monster-mash/sample-album,1,SAMPLE-WOLFIE-F1,Wolfie,1789956468243,MonsterMashAlbum,MonsterMashAlbum,MonsterMashAlbum.15,The Witch,14,MonsterMashAlbum.15.6,MonsterMashAlbum_15_6,Hat Trick,5,4,false,false,0,
monster-mash/sample-album,1,SAMPLE-WOLFIE-F1,Wolfie,1789956468243,MonsterMashAlbum,MonsterMashAlbum,MonsterMashAlbum.15,The Witch,14,MonsterMashAlbum.15.7,MonsterMashAlbum_15_7,Buckle Up,6,4,true,false,0,
monster-mash/sample-album,1,SAMPLE-WOLFIE-F1,Wolfie,1789956468243,MonsterMashAlbum,MonsterMashAlbum,MonsterMashAlbum.15,The Witch,14,MonsterMashAlbum.15.8,MonsterMashAlbum_15_8,Witching Hour,7,5,false,false,0,
monster-mash/sample-album,1,SAMPLE-WOLFIE-F1,Wolfie,1789956468243,MonsterMashAlbum,MonsterMashAlbum,MonsterMashAlbum.15,The Witch,14,MonsterMashAlbum.15.9,MonsterMashAlbum_15_9,Stir Crazy,8,5,false,false,0,
monster-mash/sample-album,1,SAMPLE-WOLFIE-F1,Wolfie,1789956468243,MonsterMashAlbum,MonsterMashAlbum,MonsterMashAlbum.16,Ghastly Garage,15,MonsterMashAlbum.16.1,MonsterMashAlbum_16_1,The Lock-Up,0,3,false,true,1,
monster-mash/sample-album,1,SAMPLE-WOLFIE-F1,Wolfie,1789956468243,MonsterMashAlbum,MonsterMashAlbum,MonsterMashAlbum.16,Ghastly Garage,15,MonsterMashAlbum.16.2,MonsterMashAlbum_16_2,Stay Golden,1,3,false,false,0,
monster-mash/sample-album,1,SAMPLE-WOLFIE-F1,Wolfie,1789956468243,MonsterMashAlbum,MonsterMashAlbum,MonsterMashAlbum.16,Ghastly Garage,15,MonsterMashAlbum.16.3,MonsterMashAlbum_16_3,Wolfie Wagon,2,4,false,false,0,
monster-mash/sample-album,1,SAMPLE-WOLFIE-F1,Wolfie,1789956468243,MonsterMashAlbum,MonsterMashAlbum,MonsterMashAlbum.16,Ghastly Garage,15,MonsterMashAlbum.16.4,MonsterMashAlbum_16_4,Rags' Roadster,3,4,false,true,1,
monster-mash/sample-album,1,SAMPLE-WOLFIE-F1,Wolfie,1789956468243,MonsterMashAlbum,MonsterMashAlbum,MonsterMashAlbum.16,Ghastly Garage,15,MonsterMashAlbum.16.5,MonsterMashAlbum_16_5,Long-Term Parking,4,4,false,true,1,
monster-mash/sample-album,1,SAMPLE-WOLFIE-F1,Wolfie,1789956468243,MonsterMashAlbum,MonsterMashAlbum,MonsterMashAlbum.16,Ghastly Garage,15,MonsterMashAlbum.16.6,MonsterMashAlbum_16_6,Franken-Coach,5,4,false,true,1,
monster-mash/sample-album,1,SAMPLE-WOLFIE-F1,Wolfie,1789956468243,MonsterMashAlbum,MonsterMashAlbum,MonsterMashAlbum.16,Ghastly Garage,15,MonsterMashAlbum.16.7,MonsterMashAlbum_16_7,High Beams,6,4,true,false,0,
monster-mash/sample-album,1,SAMPLE-WOLFIE-F1,Wolfie,1789956468243,MonsterMashAlbum,MonsterMashAlbum,MonsterMashAlbum.16,Ghastly Garage,15,MonsterMashAlbum.16.8,MonsterMashAlbum_16_8,Drac's Dragster,7,5,false,false,0,
monster-mash/sample-album,1,SAMPLE-WOLFIE-F1,Wolfie,1789956468243,MonsterMashAlbum,MonsterMashAlbum,MonsterMashAlbum.16,Ghastly Garage,15,MonsterMashAlbum.16.9,MonsterMashAlbum_16_9,Ecto-1,8,5,true,false,0,
monster-mash/sample-album,1,SAMPLE-WOLFIE-F1,Wolfie,1789956468243,MonsterMashAlbum,MonsterMashAlbum,MonsterMashAlbum.17,Boogie Bash,16,MonsterMashAlbum.17.1,MonsterMashAlbum_17_1,DJ Spinner,0,4,false,true,1,
monster-mash/sample-album,1,SAMPLE-WOLFIE-F1,Wolfie,1789956468243,MonsterMashAlbum,MonsterMashAlbum,MonsterMashAlbum.17,Boogie Bash,16,MonsterMashAlbum.17.2,MonsterMashAlbum_17_2,Dance Idols,1,4,false,true,2,
monster-mash/sample-album,1,SAMPLE-WOLFIE-F1,Wolfie,1789956468243,MonsterMashAlbum,MonsterMashAlbum,MonsterMashAlbum.17,Boogie Bash,16,MonsterMashAlbum.17.3,MonsterMashAlbum_17_3,Do The Worm,2,4,false,true,1,
monster-mash/sample-album,1,SAMPLE-WOLFIE-F1,Wolfie,1789956468243,MonsterMashAlbum,MonsterMashAlbum,MonsterMashAlbum.17,Boogie Bash,16,MonsterMashAlbum.17.4,MonsterMashAlbum_17_4,Shredding,3,4,false,true,1,
monster-mash/sample-album,1,SAMPLE-WOLFIE-F1,Wolfie,1789956468243,MonsterMashAlbum,MonsterMashAlbum,MonsterMashAlbum.17,Boogie Bash,16,MonsterMashAlbum.17.5,MonsterMashAlbum_17_5,Electric BOO-galoo,4,4,true,false,0,
monster-mash/sample-album,1,SAMPLE-WOLFIE-F1,Wolfie,1789956468243,MonsterMashAlbum,MonsterMashAlbum,MonsterMashAlbum.17,Boogie Bash,16,MonsterMashAlbum.17.6,MonsterMashAlbum_17_6,Wall Flowers,5,4,true,false,0,
monster-mash/sample-album,1,SAMPLE-WOLFIE-F1,Wolfie,1789956468243,MonsterMashAlbum,MonsterMashAlbum,MonsterMashAlbum.17,Boogie Bash,16,MonsterMashAlbum.17.7,MonsterMashAlbum_17_7,Punchline,6,5,false,true,1,
monster-mash/sample-album,1,SAMPLE-WOLFIE-F1,Wolfie,1789956468243,MonsterMashAlbum,MonsterMashAlbum,MonsterMashAlbum.17,Boogie Bash,16,MonsterMashAlbum.17.8,MonsterMashAlbum_17_8,To Be Free,7,5,true,false,0,
monster-mash/sample-album,1,SAMPLE-WOLFIE-F1,Wolfie,1789956468243,MonsterMashAlbum,MonsterMashAlbum,MonsterMashAlbum.17,Boogie Bash,16,MonsterMashAlbum.17.9,MonsterMashAlbum_17_9,Monster Mosh,8,6,false,false,0,
monster-mash/sample-album,1,SAMPLE-WOLFIE-F1,Wolfie,1789956468243,MonsterMashAlbum,MonsterMashAlbum,MonsterMashAlbum.18,The Attic,17,MonsterMashAlbum.18.1,MonsterMashAlbum_18_1,Up the Hatch,0,4,false,false,0,
monster-mash/sample-album,1,SAMPLE-WOLFIE-F1,Wolfie,1789956468243,MonsterMashAlbum,MonsterMashAlbum,MonsterMashAlbum.18,The Attic,17,MonsterMashAlbum.18.2,MonsterMashAlbum_18_2,Derpy Statue,1,4,false,true,1,
monster-mash/sample-album,1,SAMPLE-WOLFIE-F1,Wolfie,1789956468243,MonsterMashAlbum,MonsterMashAlbum,MonsterMashAlbum.18,The Attic,17,MonsterMashAlbum.18.3,MonsterMashAlbum_18_3,Ghostly Glow,2,4,false,true,1,
monster-mash/sample-album,1,SAMPLE-WOLFIE-F1,Wolfie,1789956468243,MonsterMashAlbum,MonsterMashAlbum,MonsterMashAlbum.18,The Attic,17,MonsterMashAlbum.18.4,MonsterMashAlbum_18_4,Be a Doll,3,4,true,false,0,
monster-mash/sample-album,1,SAMPLE-WOLFIE-F1,Wolfie,1789956468243,MonsterMashAlbum,MonsterMashAlbum,MonsterMashAlbum.18,The Attic,17,MonsterMashAlbum.18.5,MonsterMashAlbum_18_5,Mr. Mannequin,4,4,true,false,0,
monster-mash/sample-album,1,SAMPLE-WOLFIE-F1,Wolfie,1789956468243,MonsterMashAlbum,MonsterMashAlbum,MonsterMashAlbum.18,The Attic,17,MonsterMashAlbum.18.6,MonsterMashAlbum_18_6,Miss Mary,5,5,false,false,0,
monster-mash/sample-album,1,SAMPLE-WOLFIE-F1,Wolfie,1789956468243,MonsterMashAlbum,MonsterMashAlbum,MonsterMashAlbum.18,The Attic,17,MonsterMashAlbum.18.7,MonsterMashAlbum_18_7,Hats Off to Ya,6,5,false,true,1,
monster-mash/sample-album,1,SAMPLE-WOLFIE-F1,Wolfie,1789956468243,MonsterMashAlbum,MonsterMashAlbum,MonsterMashAlbum.18,The Attic,17,MonsterMashAlbum.18.8,MonsterMashAlbum_18_8,The Watcher,7,5,true,false,0,
monster-mash/sample-album,1,SAMPLE-WOLFIE-F1,Wolfie,1789956468243,MonsterMashAlbum,MonsterMashAlbum,MonsterMashAlbum.18,The Attic,17,MonsterMashAlbum.18.9,MonsterMashAlbum_18_9,Tea Time,8,6,false,false,0,
monster-mash/sample-album,1,SAMPLE-WOLFIE-F1,Wolfie,1789956468243,MonsterMashAlbum,MonsterMashAlbum,MonsterMashAlbum.19,Trick Or Treat,18,MonsterMashAlbum.19.1,MonsterMashAlbum_19_1,Hit the Streets,0,4,false,true,3,
monster-mash/sample-album,1,SAMPLE-WOLFIE-F1,Wolfie,1789956468243,MonsterMashAlbum,MonsterMashAlbum,MonsterMashAlbum.19,Trick Or Treat,18,MonsterMashAlbum.19.2,MonsterMashAlbum_19_2,Sweet!,1,4,false,false,0,
monster-mash/sample-album,1,SAMPLE-WOLFIE-F1,Wolfie,1789956468243,MonsterMashAlbum,MonsterMashAlbum,MonsterMashAlbum.19,Trick Or Treat,18,MonsterMashAlbum.19.3,MonsterMashAlbum_19_3,Chief Suspect,2,4,true,false,0,
monster-mash/sample-album,1,SAMPLE-WOLFIE-F1,Wolfie,1789956468243,MonsterMashAlbum,MonsterMashAlbum,MonsterMashAlbum.19,Trick Or Treat,18,MonsterMashAlbum.19.4,MonsterMashAlbum_19_4,Seen a Ghost?,3,4,true,false,0,
monster-mash/sample-album,1,SAMPLE-WOLFIE-F1,Wolfie,1789956468243,MonsterMashAlbum,MonsterMashAlbum,MonsterMashAlbum.19,Trick Or Treat,18,MonsterMashAlbum.19.5,MonsterMashAlbum_19_5,Snack Run,4,5,false,false,0,
monster-mash/sample-album,1,SAMPLE-WOLFIE-F1,Wolfie,1789956468243,MonsterMashAlbum,MonsterMashAlbum,MonsterMashAlbum.19,Trick Or Treat,18,MonsterMashAlbum.19.6,MonsterMashAlbum_19_6,Adorned,5,5,false,false,0,
monster-mash/sample-album,1,SAMPLE-WOLFIE-F1,Wolfie,1789956468243,MonsterMashAlbum,MonsterMashAlbum,MonsterMashAlbum.19,Trick Or Treat,18,MonsterMashAlbum.19.7,MonsterMashAlbum_19_7,Triple Treat,6,5,true,false,0,
monster-mash/sample-album,1,SAMPLE-WOLFIE-F1,Wolfie,1789956468243,MonsterMashAlbum,MonsterMashAlbum,MonsterMashAlbum.19,Trick Or Treat,18,MonsterMashAlbum.19.8,MonsterMashAlbum_19_8,Fit Check,7,5,true,false,0,
monster-mash/sample-album,1,SAMPLE-WOLFIE-F1,Wolfie,1789956468243,MonsterMashAlbum,MonsterMashAlbum,MonsterMashAlbum.19,Trick Or Treat,18,MonsterMashAlbum.19.9,MonsterMashAlbum_19_9,All Haul-O's Eve,8,6,false,true,1,
monster-mash/sample-album,1,SAMPLE-WOLFIE-F1,Wolfie,1789956468243,MonsterMashAlbum,MonsterMashAlbum,MonsterMashAlbum.20,Frankie Fun,19,MonsterMashAlbum.20.1,MonsterMashAlbum_20_1,Enter Frankie,0,4,false,true,1,
monster-mash/sample-album,1,SAMPLE-WOLFIE-F1,Wolfie,1789956468243,MonsterMashAlbum,MonsterMashAlbum,MonsterMashAlbum.20,Frankie Fun,19,MonsterMashAlbum.20.2,MonsterMashAlbum_20_2,Compact,1,4,true,false,0,
monster-mash/sample-album,1,SAMPLE-WOLFIE-F1,Wolfie,1789956468243,MonsterMashAlbum,MonsterMashAlbum,MonsterMashAlbum.20,Frankie Fun,19,MonsterMashAlbum.20.3,MonsterMashAlbum_20_3,Body Builder,2,4,true,false,0,
monster-mash/sample-album,1,SAMPLE-WOLFIE-F1,Wolfie,1789956468243,MonsterMashAlbum,MonsterMashAlbum,MonsterMashAlbum.20,Frankie Fun,19,MonsterMashAlbum.20.4,MonsterMashAlbum_20_4,Unstoppable,3,5,false,false,0,
monster-mash/sample-album,1,SAMPLE-WOLFIE-F1,Wolfie,1789956468243,MonsterMashAlbum,MonsterMashAlbum,MonsterMashAlbum.20,Frankie Fun,19,MonsterMashAlbum.20.5,MonsterMashAlbum_20_5,Key To Happiness,4,5,false,false,0,
monster-mash/sample-album,1,SAMPLE-WOLFIE-F1,Wolfie,1789956468243,MonsterMashAlbum,MonsterMashAlbum,MonsterMashAlbum.20,Frankie Fun,19,MonsterMashAlbum.20.6,MonsterMashAlbum_20_6,Like a Glove,5,5,false,true,1,
monster-mash/sample-album,1,SAMPLE-WOLFIE-F1,Wolfie,1789956468243,MonsterMashAlbum,MonsterMashAlbum,MonsterMashAlbum.20,Frankie Fun,19,MonsterMashAlbum.20.7,MonsterMashAlbum_20_7,The Groom,6,5,true,false,0,
monster-mash/sample-album,1,SAMPLE-WOLFIE-F1,Wolfie,1789956468243,MonsterMashAlbum,MonsterMashAlbum,MonsterMashAlbum.20,Frankie Fun,19,MonsterMashAlbum.20.8,MonsterMashAlbum_20_8,Self Made Man,7,5,true,false,0,
monster-mash/sample-album,1,SAMPLE-WOLFIE-F1,Wolfie,1789956468243,MonsterMashAlbum,MonsterMashAlbum,MonsterMashAlbum.20,Frankie Fun,19,MonsterMashAlbum.20.9,MonsterMashAlbum_20_9,Supportive,8,6,false,false,0,
monster-mash/sample-album,1,SAMPLE-WOLFIE-F1,Wolfie,1789956468243,MonsterMashAlbum,MonsterMashAlbum,MonsterMashAlbum.21,Who You Gonna Call?,20,MonsterMashAlbum.21.1,MonsterMashAlbum_21_1,Shh!,0,4,false,true,1,
monster-mash/sample-album,1,SAMPLE-WOLFIE-F1,Wolfie,1789956468243,MonsterMashAlbum,MonsterMashAlbum,MonsterMashAlbum.21,Who You Gonna Call?,20,MonsterMashAlbum.21.2,MonsterMashAlbum_21_2,Off the Charts,1,4,true,false,0,
monster-mash/sample-album,1,SAMPLE-WOLFIE-F1,Wolfie,1789956468243,MonsterMashAlbum,MonsterMashAlbum,MonsterMashAlbum.21,Who You Gonna Call?,20,MonsterMashAlbum.21.3,MonsterMashAlbum_21_3,The Pole Works!,2,4,true,false,0,
monster-mash/sample-album,1,SAMPLE-WOLFIE-F1,Wolfie,1789956468243,MonsterMashAlbum,MonsterMashAlbum,MonsterMashAlbum.21,Who You Gonna Call?,20,MonsterMashAlbum.21.4,MonsterMashAlbum_21_4,Goo Crew,3,5,false,false,0,
monster-mash/sample-album,1,SAMPLE-WOLFIE-F1,Wolfie,1789956468243,MonsterMashAlbum,MonsterMashAlbum,MonsterMashAlbum.21,Who You Gonna Call?,20,MonsterMashAlbum.21.5,MonsterMashAlbum_21_5,We Have the Tools,4,5,false,false,0,
monster-mash/sample-album,1,SAMPLE-WOLFIE-F1,Wolfie,1789956468243,MonsterMashAlbum,MonsterMashAlbum,MonsterMashAlbum.21,Who You Gonna Call?,20,MonsterMashAlbum.21.6,MonsterMashAlbum_21_6,Terrace Terror,5,5,true,true,2,
monster-mash/sample-album,1,SAMPLE-WOLFIE-F1,Wolfie,1789956468243,MonsterMashAlbum,MonsterMashAlbum,MonsterMashAlbum.21,Who You Gonna Call?,20,MonsterMashAlbum.21.7,MonsterMashAlbum_21_7,S'more Heat,6,5,true,false,0,
monster-mash/sample-album,1,SAMPLE-WOLFIE-F1,Wolfie,1789956468243,MonsterMashAlbum,MonsterMashAlbum,MonsterMashAlbum.21,Who You Gonna Call?,20,MonsterMashAlbum.21.8,MonsterMashAlbum_21_8,I Love This Town!,7,5,true,false,0,
monster-mash/sample-album,1,SAMPLE-WOLFIE-F1,Wolfie,1789956468243,MonsterMashAlbum,MonsterMashAlbum,MonsterMashAlbum.21,Who You Gonna Call?,20,MonsterMashAlbum.21.9,MonsterMashAlbum_21_9,Big Town Heroes,8,6,false,false,0,
monster-mash/sample-album,1,SAMPLE-WOLFIE-F1,Wolfie,1789956468243,MonsterMashAlbum,MonsterMashAlbum,MonsterMashAlbum.22,Demons & Hunters,21,MonsterMashAlbum.22.1,MonsterMashAlbum_22_1,How It's Done,0,4,true,false,0,
monster-mash/sample-album,1,SAMPLE-WOLFIE-F1,Wolfie,1789956468243,MonsterMashAlbum,MonsterMashAlbum,MonsterMashAlbum.22,Demons & Hunters,21,MonsterMashAlbum.22.2,MonsterMashAlbum_22_2,Golden,1,4,true,false,0,
monster-mash/sample-album,1,SAMPLE-WOLFIE-F1,Wolfie,1789956468243,MonsterMashAlbum,MonsterMashAlbum,MonsterMashAlbum.22,Demons & Hunters,21,MonsterMashAlbum.22.3,MonsterMashAlbum_22_3,Newcomers,2,5,false,false,0,
monster-mash/sample-album,1,SAMPLE-WOLFIE-F1,Wolfie,1789956468243,MonsterMashAlbum,MonsterMashAlbum,MonsterMashAlbum.22,Demons & Hunters,21,MonsterMashAlbum.22.4,MonsterMashAlbum_22_4,Easy on the Eyes,3,5,false,false,0,
monster-mash/sample-album,1,SAMPLE-WOLFIE-F1,Wolfie,1789956468243,MonsterMashAlbum,MonsterMashAlbum,MonsterMashAlbum.22,Demons & Hunters,21,MonsterMashAlbum.22.5,MonsterMashAlbum_22_5,Soda Pop,4,5,true,false,0,
monster-mash/sample-album,1,SAMPLE-WOLFIE-F1,Wolfie,1789956468243,MonsterMashAlbum,MonsterMashAlbum,MonsterMashAlbum.22,Demons & Hunters,21,MonsterMashAlbum.22.6,MonsterMashAlbum_22_6,"Hello, Friend",5,5,true,false,0,
monster-mash/sample-album,1,SAMPLE-WOLFIE-F1,Wolfie,1789956468243,MonsterMashAlbum,MonsterMashAlbum,MonsterMashAlbum.22,Demons & Hunters,21,MonsterMashAlbum.22.7,MonsterMashAlbum_22_7,Torn,6,5,true,false,0,
monster-mash/sample-album,1,SAMPLE-WOLFIE-F1,Wolfie,1789956468243,MonsterMashAlbum,MonsterMashAlbum,MonsterMashAlbum.22,Demons & Hunters,21,MonsterMashAlbum.22.8,MonsterMashAlbum_22_8,Voices Strong,7,5,true,false,0,
monster-mash/sample-album,1,SAMPLE-WOLFIE-F1,Wolfie,1789956468243,MonsterMashAlbum,MonsterMashAlbum,MonsterMashAlbum.22,Demons & Hunters,21,MonsterMashAlbum.22.9,MonsterMashAlbum_22_9,Cough! Cough! Cough!,8,6,false,false,0,
monster-mash/sample-album,1,SAMPLE-LUNA-F2,Luna,1789954248243,MonsterMashAlbum,MonsterMashAlbum,MonsterMashAlbum.1,Community Gallery,0,MonsterMashAlbum.1.1,MonsterMashAlbum_1_1,Woodland Whispers,0,1,false,true,2,
monster-mash/sample-album,1,SAMPLE-LUNA-F2,Luna,1789954248243,MonsterMashAlbum,MonsterMashAlbum,MonsterMashAlbum.1,Community Gallery,0,MonsterMashAlbum.1.2,MonsterMashAlbum_1_2,Kute Krampus,1,1,false,true,2,
monster-mash/sample-album,1,SAMPLE-LUNA-F2,Luna,1789954248243,MonsterMashAlbum,MonsterMashAlbum,MonsterMashAlbum.1,Community Gallery,0,MonsterMashAlbum.1.3,MonsterMashAlbum_1_3,Gentlewulf,2,1,false,true,2,
monster-mash/sample-album,1,SAMPLE-LUNA-F2,Luna,1789954248243,MonsterMashAlbum,MonsterMashAlbum,MonsterMashAlbum.1,Community Gallery,0,MonsterMashAlbum.1.4,MonsterMashAlbum_1_4,Patchwork,3,1,false,true,2,
monster-mash/sample-album,1,SAMPLE-LUNA-F2,Luna,1789954248243,MonsterMashAlbum,MonsterMashAlbum,MonsterMashAlbum.1,Community Gallery,0,MonsterMashAlbum.1.5,MonsterMashAlbum_1_5,Neck of the Woods,4,1,false,true,1,
monster-mash/sample-album,1,SAMPLE-LUNA-F2,Luna,1789954248243,MonsterMashAlbum,MonsterMashAlbum,MonsterMashAlbum.1,Community Gallery,0,MonsterMashAlbum.1.6,MonsterMashAlbum_1_6,Glam-O-Crow,5,1,false,true,6,
monster-mash/sample-album,1,SAMPLE-LUNA-F2,Luna,1789954248243,MonsterMashAlbum,MonsterMashAlbum,MonsterMashAlbum.1,Community Gallery,0,MonsterMashAlbum.1.7,MonsterMashAlbum_1_7,Harlequin Queen,6,1,false,true,2,
monster-mash/sample-album,1,SAMPLE-LUNA-F2,Luna,1789954248243,MonsterMashAlbum,MonsterMashAlbum,MonsterMashAlbum.1,Community Gallery,0,MonsterMashAlbum.1.8,MonsterMashAlbum_1_8,Screaming Clown,7,1,false,true,3,
monster-mash/sample-album,1,SAMPLE-LUNA-F2,Luna,1789954248243,MonsterMashAlbum,MonsterMashAlbum,MonsterMashAlbum.1,Community Gallery,0,MonsterMashAlbum.1.9,MonsterMashAlbum_1_9,Just a Zombie,8,1,false,true,1,
monster-mash/sample-album,1,SAMPLE-LUNA-F2,Luna,1789954248243,MonsterMashAlbum,MonsterMashAlbum,MonsterMashAlbum.2,Welcome To The Mansion,1,MonsterMashAlbum.2.1,MonsterMashAlbum_2_1,Mystery Mansion,0,1,false,true,1,
monster-mash/sample-album,1,SAMPLE-LUNA-F2,Luna,1789954248243,MonsterMashAlbum,MonsterMashAlbum,MonsterMashAlbum.2,Welcome To The Mansion,1,MonsterMashAlbum.2.2,MonsterMashAlbum_2_2,At The Gates,1,1,false,true,1,
monster-mash/sample-album,1,SAMPLE-LUNA-F2,Luna,1789954248243,MonsterMashAlbum,MonsterMashAlbum,MonsterMashAlbum.2,Welcome To The Mansion,1,MonsterMashAlbum.2.3,MonsterMashAlbum_2_3,Master Key,2,1,false,true,1,
monster-mash/sample-album,1,SAMPLE-LUNA-F2,Luna,1789954248243,MonsterMashAlbum,MonsterMashAlbum,MonsterMashAlbum.2,Welcome To The Mansion,1,MonsterMashAlbum.2.4,MonsterMashAlbum_2_4,The Other Side,3,1,false,true,1,
monster-mash/sample-album,1,SAMPLE-LUNA-F2,Luna,1789954248243,MonsterMashAlbum,MonsterMashAlbum,MonsterMashAlbum.2,Welcome To The Mansion,1,MonsterMashAlbum.2.5,MonsterMashAlbum_2_5,Hall O' Frame,4,1,false,true,1,
monster-mash/sample-album,1,SAMPLE-LUNA-F2,Luna,1789954248243,MonsterMashAlbum,MonsterMashAlbum,MonsterMashAlbum.2,Welcome To The Mansion,1,MonsterMashAlbum.2.6,MonsterMashAlbum_2_6,House Call,5,1,false,true,4,
monster-mash/sample-album,1,SAMPLE-LUNA-F2,Luna,1789954248243,MonsterMashAlbum,MonsterMashAlbum,MonsterMashAlbum.2,Welcome To The Mansion,1,MonsterMashAlbum.2.7,MonsterMashAlbum_2_7,HUNTR/X,6,1,false,true,3,
monster-mash/sample-album,1,SAMPLE-LUNA-F2,Luna,1789954248243,MonsterMashAlbum,MonsterMashAlbum,MonsterMashAlbum.2,Welcome To The Mansion,1,MonsterMashAlbum.2.8,MonsterMashAlbum_2_8,Ghostly Guide,7,1,false,true,1,
monster-mash/sample-album,1,SAMPLE-LUNA-F2,Luna,1789954248243,MonsterMashAlbum,MonsterMashAlbum,MonsterMashAlbum.2,Welcome To The Mansion,1,MonsterMashAlbum.2.9,MonsterMashAlbum_2_9,Places Unknown,8,1,false,true,1,
monster-mash/sample-album,1,SAMPLE-LUNA-F2,Luna,1789954248243,MonsterMashAlbum,MonsterMashAlbum,MonsterMashAlbum.3,Dracula,2,MonsterMashAlbum.3.1,MonsterMashAlbum_3_1,Enter Dracula,0,1,false,true,1,
monster-mash/sample-album,1,SAMPLE-LUNA-F2,Luna,1789954248243,MonsterMashAlbum,MonsterMashAlbum,MonsterMashAlbum.3,Dracula,2,MonsterMashAlbum.3.2,MonsterMashAlbum_3_2,On Reflection,1,1,false,true,1,
monster-mash/sample-album,1,SAMPLE-LUNA-F2,Luna,1789954248243,MonsterMashAlbum,MonsterMashAlbum,MonsterMashAlbum.3,Dracula,2,MonsterMashAlbum.3.3,MonsterMashAlbum_3_3,Long in the Tooth,2,1,false,true,1,
monster-mash/sample-album,1,SAMPLE-LUNA-F2,Luna,1789954248243,MonsterMashAlbum,MonsterMashAlbum,MonsterMashAlbum.3,Dracula,2,MonsterMashAlbum.3.4,MonsterMashAlbum_3_4,Day in the Sun,3,1,false,true,2,
monster-mash/sample-album,1,SAMPLE-LUNA-F2,Luna,1789954248243,MonsterMashAlbum,MonsterMashAlbum,MonsterMashAlbum.3,Dracula,2,MonsterMashAlbum.3.5,MonsterMashAlbum_3_5,Down for the Count,4,1,false,true,1,
monster-mash/sample-album,1,SAMPLE-LUNA-F2,Luna,1789954248243,MonsterMashAlbum,MonsterMashAlbum,MonsterMashAlbum.3,Dracula,2,MonsterMashAlbum.3.6,MonsterMashAlbum_3_6,Heart Stopper,5,1,false,true,2,
monster-mash/sample-album,1,SAMPLE-LUNA-F2,Luna,1789954248243,MonsterMashAlbum,MonsterMashAlbum,MonsterMashAlbum.3,Dracula,2,MonsterMashAlbum.3.7,MonsterMashAlbum_3_7,Cloak Conundrum,6,2,false,true,1,
monster-mash/sample-album,1,SAMPLE-LUNA-F2,Luna,1789954248243,MonsterMashAlbum,MonsterMashAlbum,MonsterMashAlbum.3,Dracula,2,MonsterMashAlbum.3.8,MonsterMashAlbum_3_8,Prince of Darkness,7,2,false,true,2,
monster-mash/sample-album,1,SAMPLE-LUNA-F2,Luna,1789954248243,MonsterMashAlbum,MonsterMashAlbum,MonsterMashAlbum.3,Dracula,2,MonsterMashAlbum.3.9,MonsterMashAlbum_3_9,Disco Drac,8,2,false,true,1,
monster-mash/sample-album,1,SAMPLE-LUNA-F2,Luna,1789954248243,MonsterMashAlbum,MonsterMashAlbum,MonsterMashAlbum.4,Lurid Labs,3,MonsterMashAlbum.4.1,MonsterMashAlbum_4_1,The Laboratory,0,1,false,true,1,
monster-mash/sample-album,1,SAMPLE-LUNA-F2,Luna,1789954248243,MonsterMashAlbum,MonsterMashAlbum,MonsterMashAlbum.4,Lurid Labs,3,MonsterMashAlbum.4.2,MonsterMashAlbum_4_2,Flip the Switch,1,1,false,true,1,
monster-mash/sample-album,1,SAMPLE-LUNA-F2,Luna,1789954248243,MonsterMashAlbum,MonsterMashAlbum,MonsterMashAlbum.4,Lurid Labs,3,MonsterMashAlbum.4.3,MonsterMashAlbum_4_3,Pet Project,2,1,false,true,1,
monster-mash/sample-album,1,SAMPLE-LUNA-F2,Luna,1789954248243,MonsterMashAlbum,MonsterMashAlbum,MonsterMashAlbum.4,Lurid Labs,3,MonsterMashAlbum.4.4,MonsterMashAlbum_4_4,Jealousy & Pride,3,2,false,true,2,
monster-mash/sample-album,1,SAMPLE-LUNA-F2,Luna,1789954248243,MonsterMashAlbum,MonsterMashAlbum,MonsterMashAlbum.4,Lurid Labs,3,MonsterMashAlbum.4.5,MonsterMashAlbum_4_5,Mad for Science,4,2,false,true,1,
monster-mash/sample-album,1,SAMPLE-LUNA-F2,Luna,1789954248243,MonsterMashAlbum,MonsterMashAlbum,MonsterMashAlbum.4,Lurid Labs,3,MonsterMashAlbum.4.6,MonsterMashAlbum_4_6,The Conductor,5,2,false,true,2,
monster-mash/sample-album,1,SAMPLE-LUNA-F2,Luna,1789954248243,MonsterMashAlbum,MonsterMashAlbum,MonsterMashAlbum.4,Lurid Labs,3,MonsterMashAlbum.4.7,MonsterMashAlbum_4_7,Ghost Trap,6,2,false,true,1,
monster-mash/sample-album,1,SAMPLE-LUNA-F2,Luna,1789954248243,MonsterMashAlbum,MonsterMashAlbum,MonsterMashAlbum.4,Lurid Labs,3,MonsterMashAlbum.4.8,MonsterMashAlbum_4_8,Gone Ghoul,7,2,false,true,1,
monster-mash/sample-album,1,SAMPLE-LUNA-F2,Luna,1789954248243,MonsterMashAlbum,MonsterMashAlbum,MonsterMashAlbum.4,Lurid Labs,3,MonsterMashAlbum.4.9,MonsterMashAlbum_4_9,Slimed,8,2,false,true,4,
monster-mash/sample-album,1,SAMPLE-LUNA-F2,Luna,1789954248243,MonsterMashAlbum,MonsterMashAlbum,MonsterMashAlbum.5,Grim Gardens,4,MonsterMashAlbum.5.1,MonsterMashAlbum_5_1,Ghouly Greens,0,2,false,true,1,
monster-mash/sample-album,1,SAMPLE-LUNA-F2,Luna,1789954248243,MonsterMashAlbum,MonsterMashAlbum,MonsterMashAlbum.5,Grim Gardens,4,MonsterMashAlbum.5.2,MonsterMashAlbum_5_2,Ghost Plant,1,2,false,true,2,
monster-mash/sample-album,1,SAMPLE-LUNA-F2,Luna,1789954248243,MonsterMashAlbum,MonsterMashAlbum,MonsterMashAlbum.5,Grim Gardens,4,MonsterMashAlbum.5.3,MonsterMashAlbum_5_3,Green Thumb,2,2,false,true,1,
monster-mash/sample-album,1,SAMPLE-LUNA-F2,Luna,1789954248243,MonsterMashAlbum,MonsterMashAlbum,MonsterMashAlbum.5,Grim Gardens,4,MonsterMashAlbum.5.4,MonsterMashAlbum_5_4,Creeper Vine,3,2,false,true,2,
monster-mash/sample-album,1,SAMPLE-LUNA-F2,Luna,1789954248243,MonsterMashAlbum,MonsterMashAlbum,MonsterMashAlbum.5,Grim Gardens,4,MonsterMashAlbum.5.5,MonsterMashAlbum_5_5,"Try, Try Again",4,2,false,true,1,
monster-mash/sample-album,1,SAMPLE-LUNA-F2,Luna,1789954248243,MonsterMashAlbum,MonsterMashAlbum,MonsterMashAlbum.5,Grim Gardens,4,MonsterMashAlbum.5.6,MonsterMashAlbum_5_6,Botanical Bogey,5,2,false,true,1,
monster-mash/sample-album,1,SAMPLE-LUNA-F2,Luna,1789954248243,MonsterMashAlbum,MonsterMashAlbum,MonsterMashAlbum.5,Grim Gardens,4,MonsterMashAlbum.5.7,MonsterMashAlbum_5_7,Heady Choices,6,2,false,true,1,
monster-mash/sample-album,1,SAMPLE-LUNA-F2,Luna,1789954248243,MonsterMashAlbum,MonsterMashAlbum,MonsterMashAlbum.5,Grim Gardens,4,MonsterMashAlbum.5.8,MonsterMashAlbum_5_8,Dirt Nap,7,2,false,true,2,
monster-mash/sample-album,1,SAMPLE-LUNA-F2,Luna,1789954248243,MonsterMashAlbum,MonsterMashAlbum,MonsterMashAlbum.5,Grim Gardens,4,MonsterMashAlbum.5.9,MonsterMashAlbum_5_9,BOO-quet,8,2,false,false,0,
monster-mash/sample-album,1,SAMPLE-LUNA-F2,Luna,1789954248243,MonsterMashAlbum,MonsterMashAlbum,MonsterMashAlbum.6,Wolfie,5,MonsterMashAlbum.6.1,MonsterMashAlbum_6_1,Enter Wolfie,0,2,false,true,1,
monster-mash/sample-album,1,SAMPLE-LUNA-F2,Luna,1789954248243,MonsterMashAlbum,MonsterMashAlbum,MonsterMashAlbum.6,Wolfie,5,MonsterMashAlbum.6.2,MonsterMashAlbum_6_2,Family Pack,1,2,false,true,1,
monster-mash/sample-album,1,SAMPLE-LUNA-F2,Luna,1789954248243,MonsterMashAlbum,MonsterMashAlbum,MonsterMashAlbum.6,Wolfie,5,MonsterMashAlbum.6.3,MonsterMashAlbum_6_3,Fetch!,2,2,false,true,2,
monster-mash/sample-album,1,SAMPLE-LUNA-F2,Luna,1789954248243,MonsterMashAlbum,MonsterMashAlbum,MonsterMashAlbum.6,Wolfie,5,MonsterMashAlbum.6.4,MonsterMashAlbum_6_4,I Beg You,3,2,false,true,1,
monster-mash/sample-album,1,SAMPLE-LUNA-F2,Luna,1789954248243,MonsterMashAlbum,MonsterMashAlbum,MonsterMashAlbum.6,Wolfie,5,MonsterMashAlbum.6.5,MonsterMashAlbum_6_5,Beast in Show,4,2,false,true,1,
monster-mash/sample-album,1,SAMPLE-LUNA-F2,Luna,1789954248243,MonsterMashAlbum,MonsterMashAlbum,MonsterMashAlbum.6,Wolfie,5,MonsterMashAlbum.6.6,MonsterMashAlbum_6_6,Call of the Wild,5,2,false,true,2,
monster-mash/sample-album,1,SAMPLE-LUNA-F2,Luna,1789954248243,MonsterMashAlbum,MonsterMashAlbum,MonsterMashAlbum.6,Wolfie,5,MonsterMashAlbum.6.7,MonsterMashAlbum_6_7,Fine Canines,6,2,false,true,4,
monster-mash/sample-album,1,SAMPLE-LUNA-F2,Luna,1789954248243,MonsterMashAlbum,MonsterMashAlbum,MonsterMashAlbum.6,Wolfie,5,MonsterMashAlbum.6.8,MonsterMashAlbum_6_8,Howl N' Prowl,7,2,false,true,1,
monster-mash/sample-album,1,SAMPLE-LUNA-F2,Luna,1789954248243,MonsterMashAlbum,MonsterMashAlbum,MonsterMashAlbum.6,Wolfie,5,MonsterMashAlbum.6.9,MonsterMashAlbum_6_9,Luna's Flea Bath,8,2,false,true,1,
monster-mash/sample-album,1,SAMPLE-LUNA-F2,Luna,1789954248243,MonsterMashAlbum,MonsterMashAlbum,MonsterMashAlbum.7,Sleepless Night,6,MonsterMashAlbum.7.1,MonsterMashAlbum_7_1,Blighted Bedroom,0,2,false,true,1,
monster-mash/sample-album,1,SAMPLE-LUNA-F2,Luna,1789954248243,MonsterMashAlbum,MonsterMashAlbum,MonsterMashAlbum.7,Sleepless Night,6,MonsterMashAlbum.7.2,MonsterMashAlbum_7_2,Ghost Story,1,2,false,true,1,
monster-mash/sample-album,1,SAMPLE-LUNA-F2,Luna,1789954248243,MonsterMashAlbum,MonsterMashAlbum,MonsterMashAlbum.7,Sleepless Night,6,MonsterMashAlbum.7.3,MonsterMashAlbum_7_3,Clowned,2,2,false,true,3,
monster-mash/sample-album,1,SAMPLE-LUNA-F2,Luna,1789954248243,MonsterMashAlbum,MonsterMashAlbum,MonsterMashAlbum.7,Sleepless Night,6,MonsterMashAlbum.7.4,MonsterMashAlbum_7_4,Demonic Disguise,3,2,false,true,1,
monster-mash/sample-album,1,SAMPLE-LUNA-F2,Luna,1789954248243,MonsterMashAlbum,MonsterMashAlbum,MonsterMashAlbum.7,Sleepless Night,6,MonsterMashAlbum.7.5,MonsterMashAlbum_7_5,Going Batty,4,2,false,true,1,
monster-mash/sample-album,1,SAMPLE-LUNA-F2,Luna,1789954248243,MonsterMashAlbum,MonsterMashAlbum,MonsterMashAlbum.7,Sleepless Night,6,MonsterMashAlbum.7.6,MonsterMashAlbum_7_6,Safety First,5,2,false,true,1,
monster-mash/sample-album,1,SAMPLE-LUNA-F2,Luna,1789954248243,MonsterMashAlbum,MonsterMashAlbum,MonsterMashAlbum.7,Sleepless Night,6,MonsterMashAlbum.7.7,MonsterMashAlbum_7_7,Chair Raising,6,2,false,true,3,
monster-mash/sample-album,1,SAMPLE-LUNA-F2,Luna,1789954248243,MonsterMashAlbum,MonsterMashAlbum,MonsterMashAlbum.7,Sleepless Night,6,MonsterMashAlbum.7.8,MonsterMashAlbum_7_8,Mystery Solved,7,3,false,true,1,
monster-mash/sample-album,1,SAMPLE-LUNA-F2,Luna,1789954248243,MonsterMashAlbum,MonsterMashAlbum,MonsterMashAlbum.7,Sleepless Night,6,MonsterMashAlbum.7.9,MonsterMashAlbum_7_9,Boogey Boo!,8,3,false,true,3,
monster-mash/sample-album,1,SAMPLE-LUNA-F2,Luna,1789954248243,MonsterMashAlbum,MonsterMashAlbum,MonsterMashAlbum.8,Ms. Frankenstein,7,MonsterMashAlbum.8.1,MonsterMashAlbum_8_1,Enter Undead Diva,0,2,false,true,1,
monster-mash/sample-album,1,SAMPLE-LUNA-F2,Luna,1789954248243,MonsterMashAlbum,MonsterMashAlbum,MonsterMashAlbum.8,Ms. Frankenstein,7,MonsterMashAlbum.8.2,MonsterMashAlbum_8_2,Study Buddy,1,2,false,true,3,
monster-mash/sample-album,1,SAMPLE-LUNA-F2,Luna,1789954248243,MonsterMashAlbum,MonsterMashAlbum,MonsterMashAlbum.8,Ms. Frankenstein,7,MonsterMashAlbum.8.3,MonsterMashAlbum_8_3,Inspiration Strikes!,2,2,false,true,1,
monster-mash/sample-album,1,SAMPLE-LUNA-F2,Luna,1789954248243,MonsterMashAlbum,MonsterMashAlbum,MonsterMashAlbum.8,Ms. Frankenstein,7,MonsterMashAlbum.8.4,MonsterMashAlbum_8_4,Made for This,3,2,false,true,1,
monster-mash/sample-album,1,SAMPLE-LUNA-F2,Luna,1789954248243,MonsterMashAlbum,MonsterMashAlbum,MonsterMashAlbum.8,Ms. Frankenstein,7,MonsterMashAlbum.8.5,MonsterMashAlbum_8_5,Thunderhead,4,2,false,true,1,
monster-mash/sample-album,1,SAMPLE-LUNA-F2,Luna,1789954248243,MonsterMashAlbum,MonsterMashAlbum,MonsterMashAlbum.8,Ms. Frankenstein,7,MonsterMashAlbum.8.6,MonsterMashAlbum_8_6,Stormy Skies,5,2,false,true,1,
monster-mash/sample-album,1,SAMPLE-LUNA-F2,Luna,1789954248243,MonsterMashAlbum,MonsterMashAlbum,MonsterMashAlbum.8,Ms. Frankenstein,7,MonsterMashAlbum.8.7,MonsterMashAlbum_8_7,At First Sight,6,3,false,true,1,
monster-mash/sample-album,1,SAMPLE-LUNA-F2,Luna,1789954248243,MonsterMashAlbum,MonsterMashAlbum,MonsterMashAlbum.8,Ms. Frankenstein,7,MonsterMashAlbum.8.8,MonsterMashAlbum_8_8,Strike a Pose,7,3,false,true,3,
monster-mash/sample-album,1,SAMPLE-LUNA-F2,Luna,1789954248243,MonsterMashAlbum,MonsterMashAlbum,MonsterMashAlbum.8,Ms. Frankenstein,7,MonsterMashAlbum.8.9,MonsterMashAlbum_8_9,I Do!,8,3,false,true,1,
monster-mash/sample-album,1,SAMPLE-LUNA-F2,Luna,1789954248243,MonsterMashAlbum,MonsterMashAlbum,MonsterMashAlbum.9,Halloween Games,8,MonsterMashAlbum.9.1,MonsterMashAlbum_9_1,Game On!,0,2,false,true,2,
monster-mash/sample-album,1,SAMPLE-LUNA-F2,Luna,1789954248243,MonsterMashAlbum,MonsterMashAlbum,MonsterMashAlbum.9,Halloween Games,8,MonsterMashAlbum.9.2,MonsterMashAlbum_9_2,Takedown,1,2,false,true,1,
monster-mash/sample-album,1,SAMPLE-LUNA-F2,Luna,1789954248243,MonsterMashAlbum,MonsterMashAlbum,MonsterMashAlbum.9,Halloween Games,8,MonsterMashAlbum.9.3,MonsterMashAlbum_9_3,Nice Bob!,2,2,false,true,2,
monster-mash/sample-album,1,SAMPLE-LUNA-F2,Luna,1789954248243,MonsterMashAlbum,MonsterMashAlbum,MonsterMashAlbum.9,Halloween Games,8,MonsterMashAlbum.9.4,MonsterMashAlbum_9_4,Stuck in Limbo,3,2,false,true,1,
monster-mash/sample-album,1,SAMPLE-LUNA-F2,Luna,1789954248243,MonsterMashAlbum,MonsterMashAlbum,MonsterMashAlbum.9,Halloween Games,8,MonsterMashAlbum.9.5,MonsterMashAlbum_9_5,Feet of Strength,4,3,false,true,1,
monster-mash/sample-album,1,SAMPLE-LUNA-F2,Luna,1789954248243,MonsterMashAlbum,MonsterMashAlbum,MonsterMashAlbum.9,Halloween Games,8,MonsterMashAlbum.9.6,MonsterMashAlbum_9_6,Sugar Rush,5,3,false,true,1,
monster-mash/sample-album,1,SAMPLE-LUNA-F2,Luna,1789954248243,MonsterMashAlbum,MonsterMashAlbum,MonsterMashAlbum.9,Halloween Games,8,MonsterMashAlbum.9.7,MonsterMashAlbum_9_7,Deadly Aim,6,3,false,true,2,
monster-mash/sample-album,1,SAMPLE-LUNA-F2,Luna,1789954248243,MonsterMashAlbum,MonsterMashAlbum,MonsterMashAlbum.9,Halloween Games,8,MonsterMashAlbum.9.8,MonsterMashAlbum_9_8,The Ringer,7,3,false,true,1,
monster-mash/sample-album,1,SAMPLE-LUNA-F2,Luna,1789954248243,MonsterMashAlbum,MonsterMashAlbum,MonsterMashAlbum.9,Halloween Games,8,MonsterMashAlbum.9.9,MonsterMashAlbum_9_9,Snack Attack,8,3,false,true,1,
monster-mash/sample-album,1,SAMPLE-LUNA-F2,Luna,1789954248243,MonsterMashAlbum,MonsterMashAlbum,MonsterMashAlbum.10,The Mummy,9,MonsterMashAlbum.10.1,MonsterMashAlbum_10_1,Enter Rags,0,2,false,true,1,
monster-mash/sample-album,1,SAMPLE-LUNA-F2,Luna,1789954248243,MonsterMashAlbum,MonsterMashAlbum,MonsterMashAlbum.10,The Mummy,9,MonsterMashAlbum.10.2,MonsterMashAlbum_10_2,Bugging Out,1,2,false,true,1,
monster-mash/sample-album,1,SAMPLE-LUNA-F2,Luna,1789954248243,MonsterMashAlbum,MonsterMashAlbum,MonsterMashAlbum.10,The Mummy,9,MonsterMashAlbum.10.3,MonsterMashAlbum_10_3,Curses!,2,3,false,true,1,
monster-mash/sample-album,1,SAMPLE-LUNA-F2,Luna,1789954248243,MonsterMashAlbum,MonsterMashAlbum,MonsterMashAlbum.10,The Mummy,9,MonsterMashAlbum.10.4,MonsterMashAlbum_10_4,Pyramid Scheme,3,3,false,true,1,
monster-mash/sample-album,1,SAMPLE-LUNA-F2,Luna,1789954248243,MonsterMashAlbum,MonsterMashAlbum,MonsterMashAlbum.10,The Mummy,9,MonsterMashAlbum.10.5,MonsterMashAlbum_10_5,That's a Wrap!,4,3,false,true,1,
monster-mash/sample-album,1,SAMPLE-LUNA-F2,Luna,1789954248243,MonsterMashAlbum,MonsterMashAlbum,MonsterMashAlbum.10,The Mummy,9,MonsterMashAlbum.10.6,MonsterMashAlbum_10_6,Cryptic,5,3,false,true,1,
monster-mash/sample-album,1,SAMPLE-LUNA-F2,Luna,1789954248243,MonsterMashAlbum,MonsterMashAlbum,MonsterMashAlbum.10,The Mummy,9,MonsterMashAlbum.10.7,MonsterMashAlbum_10_7,Preserves,6,3,false,true,2,
monster-mash/sample-album,1,SAMPLE-LUNA-F2,Luna,1789954248243,MonsterMashAlbum,MonsterMashAlbum,MonsterMashAlbum.10,The Mummy,9,MonsterMashAlbum.10.8,MonsterMashAlbum_10_8,Tomb Boy,7,3,false,true,1,
monster-mash/sample-album,1,SAMPLE-LUNA-F2,Luna,1789954248243,MonsterMashAlbum,MonsterMashAlbum,MonsterMashAlbum.10,The Mummy,9,MonsterMashAlbum.10.9,MonsterMashAlbum_10_9,Walk This Way,8,3,false,true,1,
monster-mash/sample-album,1,SAMPLE-LUNA-F2,Luna,1789954248243,MonsterMashAlbum,MonsterMashAlbum,MonsterMashAlbum.11,The Swamp Monster,10,MonsterMashAlbum.11.1,MonsterMashAlbum_11_1,Enter Swampie,0,2,false,true,2,
monster-mash/sample-album,1,SAMPLE-LUNA-F2,Luna,1789954248243,MonsterMashAlbum,MonsterMashAlbum,MonsterMashAlbum.11,The Swamp Monster,10,MonsterMashAlbum.11.2,MonsterMashAlbum_11_2,Ugly Muckling,1,3,false,true,2,
monster-mash/sample-album,1,SAMPLE-LUNA-F2,Luna,1789954248243,MonsterMashAlbum,MonsterMashAlbum,MonsterMashAlbum.11,The Swamp Monster,10,MonsterMashAlbum.11.3,MonsterMashAlbum_11_3,Swamp Hang,2,3,false,true,1,
monster-mash/sample-album,1,SAMPLE-LUNA-F2,Luna,1789954248243,MonsterMashAlbum,MonsterMashAlbum,MonsterMashAlbum.11,The Swamp Monster,10,MonsterMashAlbum.11.4,MonsterMashAlbum_11_4,Marsh Mellow,3,3,false,true,1,
monster-mash/sample-album,1,SAMPLE-LUNA-F2,Luna,1789954248243,MonsterMashAlbum,MonsterMashAlbum,MonsterMashAlbum.11,The Swamp Monster,10,MonsterMashAlbum.11.5,MonsterMashAlbum_11_5,Top Underling,4,3,false,false,0,
monster-mash/sample-album,1,SAMPLE-LUNA-F2,Luna,1789954248243,MonsterMashAlbum,MonsterMashAlbum,MonsterMashAlbum.11,The Swamp Monster,10,MonsterMashAlbum.11.6,MonsterMashAlbum_11_6,Swamped,5,3,false,false,0,
monster-mash/sample-album,1,SAMPLE-LUNA-F2,Luna,1789954248243,MonsterMashAlbum,MonsterMashAlbum,MonsterMashAlbum.11,The Swamp Monster,10,MonsterMashAlbum.11.7,MonsterMashAlbum_11_7,Exit Strategy,6,3,false,true,1,
monster-mash/sample-album,1,SAMPLE-LUNA-F2,Luna,1789954248243,MonsterMashAlbum,MonsterMashAlbum,MonsterMashAlbum.11,The Swamp Monster,10,MonsterMashAlbum.11.8,MonsterMashAlbum_11_8,Swampie,7,3,false,true,1,
monster-mash/sample-album,1,SAMPLE-LUNA-F2,Luna,1789954248243,MonsterMashAlbum,MonsterMashAlbum,MonsterMashAlbum.11,The Swamp Monster,10,MonsterMashAlbum.11.9,MonsterMashAlbum_11_9,Boggy Nights,8,4,false,false,0,
monster-mash/sample-album,1,SAMPLE-LUNA-F2,Luna,1789954248243,MonsterMashAlbum,MonsterMashAlbum,MonsterMashAlbum.12,Evil Deeds,11,MonsterMashAlbum.12.1,MonsterMashAlbum_12_1,Witchy Wood,0,3,false,true,1,
monster-mash/sample-album,1,SAMPLE-LUNA-F2,Luna,1789954248243,MonsterMashAlbum,MonsterMashAlbum,MonsterMashAlbum.12,Evil Deeds,11,MonsterMashAlbum.12.2,MonsterMashAlbum_12_2,Unamusement Park,1,3,false,true,1,
monster-mash/sample-album,1,SAMPLE-LUNA-F2,Luna,1789954248243,MonsterMashAlbum,MonsterMashAlbum,MonsterMashAlbum.12,Evil Deeds,11,MonsterMashAlbum.12.3,MonsterMashAlbum_12_3,Soggy Bayou,2,3,false,false,0,
monster-mash/sample-album,1,SAMPLE-LUNA-F2,Luna,1789954248243,MonsterMashAlbum,MonsterMashAlbum,MonsterMashAlbum.12,Evil Deeds,11,MonsterMashAlbum.12.4,MonsterMashAlbum_12_4,Shrieking Shores,3,3,false,true,1,
monster-mash/sample-album,1,SAMPLE-LUNA-F2,Luna,1789954248243,MonsterMashAlbum,MonsterMashAlbum,MonsterMashAlbum.12,Evil Deeds,11,MonsterMashAlbum.12.5,MonsterMashAlbum_12_5,550 Central Park West,4,3,false,true,2,
monster-mash/sample-album,1,SAMPLE-LUNA-F2,Luna,1789954248243,MonsterMashAlbum,MonsterMashAlbum,MonsterMashAlbum.12,Evil Deeds,11,MonsterMashAlbum.12.6,MonsterMashAlbum_12_6,MGO Mausoleum,5,3,false,false,0,
monster-mash/sample-album,1,SAMPLE-LUNA-F2,Luna,1789954248243,MonsterMashAlbum,MonsterMashAlbum,MonsterMashAlbum.12,Evil Deeds,11,MonsterMashAlbum.12.7,MonsterMashAlbum_12_7,The Demon World,6,3,false,true,1,
monster-mash/sample-album,1,SAMPLE-LUNA-F2,Luna,1789954248243,MonsterMashAlbum,MonsterMashAlbum,MonsterMashAlbum.12,Evil Deeds,11,MonsterMashAlbum.12.8,MonsterMashAlbum_12_8,Cabin in the Woods,7,4,false,true,1,
monster-mash/sample-album,1,SAMPLE-LUNA-F2,Luna,1789954248243,MonsterMashAlbum,MonsterMashAlbum,MonsterMashAlbum.12,Evil Deeds,11,MonsterMashAlbum.12.9,MonsterMashAlbum_12_9,Dracula's Castle,8,4,false,true,3,
monster-mash/sample-album,1,SAMPLE-LUNA-F2,Luna,1789954248243,MonsterMashAlbum,MonsterMashAlbum,MonsterMashAlbum.13,The Zombie,12,MonsterMashAlbum.13.1,MonsterMashAlbum_13_1,Enter Shambles,0,3,false,true,1,
monster-mash/sample-album,1,SAMPLE-LUNA-F2,Luna,1789954248243,MonsterMashAlbum,MonsterMashAlbum,MonsterMashAlbum.13,The Zombie,12,MonsterMashAlbum.13.2,MonsterMashAlbum_13_2,Early Riser,1,3,false,true,1,
monster-mash/sample-album,1,SAMPLE-LUNA-F2,Luna,1789954248243,MonsterMashAlbum,MonsterMashAlbum,MonsterMashAlbum.13,The Zombie,12,MonsterMashAlbum.13.3,MonsterMashAlbum_13_3,Brain Rot,2,3,false,false,0,
monster-mash/sample-album,1,SAMPLE-LUNA-F2,Luna,1789954248243,MonsterMashAlbum,MonsterMashAlbum,MonsterMashAlbum.13,The Zombie,12,MonsterMashAlbum.13.4,MonsterMashAlbum_13_4,Brain Food,3,3,false,true,1,
monster-mash/sample-album,1,SAMPLE-LUNA-F2,Luna,1789954248243,MonsterMashAlbum,MonsterMashAlbum,MonsterMashAlbum.13,The Zombie,12,MonsterMashAlbum.13.5,MonsterMashAlbum_13_5,A Beautiful Mind,4,3,false,true,1,
monster-mash/sample-album,1,SAMPLE-LUNA-F2,Luna,1789954248243,MonsterMashAlbum,MonsterMashAlbum,MonsterMashAlbum.13,The Zombie,12,MonsterMashAlbum.13.6,MonsterMashAlbum_13_6,Brainiac,5,3,false,true,1,
monster-mash/sample-album,1,SAMPLE-LUNA-F2,Luna,1789954248243,MonsterMashAlbum,MonsterMashAlbum,MonsterMashAlbum.13,The Zombie,12,MonsterMashAlbum.13.7,MonsterMashAlbum_13_7,One Man's Trash,6,4,false,false,0,
monster-mash/sample-album,1,SAMPLE-LUNA-F2,Luna,1789954248243,MonsterMashAlbum,MonsterMashAlbum,MonsterMashAlbum.13,The Zombie,12,MonsterMashAlbum.13.8,MonsterMashAlbum_13_8,Fresh to Death,7,4,false,true,1,
monster-mash/sample-album,1,SAMPLE-LUNA-F2,Luna,1789954248243,MonsterMashAlbum,MonsterMashAlbum,MonsterMashAlbum.13,The Zombie,12,MonsterMashAlbum.13.9,MonsterMashAlbum_13_9,Bashful Monster,8,4,true,true,2,
monster-mash/sample-album,1,SAMPLE-LUNA-F2,Luna,1789954248243,MonsterMashAlbum,MonsterMashAlbum,MonsterMashAlbum.14,The Ghost,13,MonsterMashAlbum.14.1,MonsterMashAlbum_14_1,Enter Godfrey,0,3,false,true,1,
monster-mash/sample-album,1,SAMPLE-LUNA-F2,Luna,1789954248243,MonsterMashAlbum,MonsterMashAlbum,MonsterMashAlbum.14,The Ghost,13,MonsterMashAlbum.14.2,MonsterMashAlbum_14_2,King of Swing,1,3,false,true,2,
monster-mash/sample-album,1,SAMPLE-LUNA-F2,Luna,1789954248243,MonsterMashAlbum,MonsterMashAlbum,MonsterMashAlbum.14,The Ghost,13,MonsterMashAlbum.14.3,MonsterMashAlbum_14_3,Sing Along,2,3,false,true,1,
monster-mash/sample-album,1,SAMPLE-LUNA-F2,Luna,1789954248243,MonsterMashAlbum,MonsterMashAlbum,MonsterMashAlbum.14,The Ghost,13,MonsterMashAlbum.14.4,MonsterMashAlbum_14_4,Creepy Cameo,3,3,false,true,1,
monster-mash/sample-album,1,SAMPLE-LUNA-F2,Luna,1789954248243,MonsterMashAlbum,MonsterMashAlbum,MonsterMashAlbum.14,The Ghost,13,MonsterMashAlbum.14.5,MonsterMashAlbum_14_5,Fridge Raider,4,3,false,true,2,
monster-mash/sample-album,1,SAMPLE-LUNA-F2,Luna,1789954248243,MonsterMashAlbum,MonsterMashAlbum,MonsterMashAlbum.14,The Ghost,13,MonsterMashAlbum.14.6,MonsterMashAlbum_14_6,Chilling,5,4,false,true,2,
monster-mash/sample-album,1,SAMPLE-LUNA-F2,Luna,1789954248243,MonsterMashAlbum,MonsterMashAlbum,MonsterMashAlbum.14,The Ghost,13,MonsterMashAlbum.14.7,MonsterMashAlbum_14_7,Clear Reading,6,4,false,true,1,
monster-mash/sample-album,1,SAMPLE-LUNA-F2,Luna,1789954248243,MonsterMashAlbum,MonsterMashAlbum,MonsterMashAlbum.14,The Ghost,13,MonsterMashAlbum.14.8,MonsterMashAlbum_14_8,Fudged,7,4,true,true,1,
monster-mash/sample-album,1,SAMPLE-LUNA-F2,Luna,1789954248243,MonsterMashAlbum,MonsterMashAlbum,MonsterMashAlbum.14,The Ghost,13,MonsterMashAlbum.14.9,MonsterMashAlbum_14_9,Thrown Off,8,5,false,false,0,
monster-mash/sample-album,1,SAMPLE-LUNA-F2,Luna,1789954248243,MonsterMashAlbum,MonsterMashAlbum,MonsterMashAlbum.15,The Witch,14,MonsterMashAlbum.15.1,MonsterMashAlbum_15_1,Enter Hexie,0,3,false,true,2,
monster-mash/sample-album,1,SAMPLE-LUNA-F2,Luna,1789954248243,MonsterMashAlbum,MonsterMashAlbum,MonsterMashAlbum.15,The Witch,14,MonsterMashAlbum.15.2,MonsterMashAlbum_15_2,Familiar Face,1,3,false,true,3,
monster-mash/sample-album,1,SAMPLE-LUNA-F2,Luna,1789954248243,MonsterMashAlbum,MonsterMashAlbum,MonsterMashAlbum.15,The Witch,14,MonsterMashAlbum.15.3,MonsterMashAlbum_15_3,Miss Spelled,2,3,false,true,1,
monster-mash/sample-album,1,SAMPLE-LUNA-F2,Luna,1789954248243,MonsterMashAlbum,MonsterMashAlbum,MonsterMashAlbum.15,The Witch,14,MonsterMashAlbum.15.4,MonsterMashAlbum_15_4,At Your Service,3,4,false,true,2,
monster-mash/sample-album,1,SAMPLE-LUNA-F2,Luna,1789954248243,MonsterMashAlbum,MonsterMashAlbum,MonsterMashAlbum.15,The Witch,14,MonsterMashAlbum.15.5,MonsterMashAlbum_15_5,Monstrous Mix-Ins,4,4,false,true,2,
monster-mash/sample-album,1,SAMPLE-LUNA-F2,Luna,1789954248243,MonsterMashAlbum,MonsterMashAlbum,MonsterMashAlbum.15,The Witch,14,MonsterMashAlbum.15.6,MonsterMashAlbum_15_6,Hat Trick,5,4,false,true,2,
monster-mash/sample-album,1,SAMPLE-LUNA-F2,Luna,1789954248243,MonsterMashAlbum,MonsterMashAlbum,MonsterMashAlbum.15,The Witch,14,MonsterMashAlbum.15.7,MonsterMashAlbum_15_7,Buckle Up,6,4,true,false,0,
monster-mash/sample-album,1,SAMPLE-LUNA-F2,Luna,1789954248243,MonsterMashAlbum,MonsterMashAlbum,MonsterMashAlbum.15,The Witch,14,MonsterMashAlbum.15.8,MonsterMashAlbum_15_8,Witching Hour,7,5,false,false,0,
monster-mash/sample-album,1,SAMPLE-LUNA-F2,Luna,1789954248243,MonsterMashAlbum,MonsterMashAlbum,MonsterMashAlbum.15,The Witch,14,MonsterMashAlbum.15.9,MonsterMashAlbum_15_9,Stir Crazy,8,5,false,true,2,
monster-mash/sample-album,1,SAMPLE-LUNA-F2,Luna,1789954248243,MonsterMashAlbum,MonsterMashAlbum,MonsterMashAlbum.16,Ghastly Garage,15,MonsterMashAlbum.16.1,MonsterMashAlbum_16_1,The Lock-Up,0,3,false,true,3,
monster-mash/sample-album,1,SAMPLE-LUNA-F2,Luna,1789954248243,MonsterMashAlbum,MonsterMashAlbum,MonsterMashAlbum.16,Ghastly Garage,15,MonsterMashAlbum.16.2,MonsterMashAlbum_16_2,Stay Golden,1,3,false,true,3,
monster-mash/sample-album,1,SAMPLE-LUNA-F2,Luna,1789954248243,MonsterMashAlbum,MonsterMashAlbum,MonsterMashAlbum.16,Ghastly Garage,15,MonsterMashAlbum.16.3,MonsterMashAlbum_16_3,Wolfie Wagon,2,4,false,true,1,
monster-mash/sample-album,1,SAMPLE-LUNA-F2,Luna,1789954248243,MonsterMashAlbum,MonsterMashAlbum,MonsterMashAlbum.16,Ghastly Garage,15,MonsterMashAlbum.16.4,MonsterMashAlbum_16_4,Rags' Roadster,3,4,false,true,1,
monster-mash/sample-album,1,SAMPLE-LUNA-F2,Luna,1789954248243,MonsterMashAlbum,MonsterMashAlbum,MonsterMashAlbum.16,Ghastly Garage,15,MonsterMashAlbum.16.5,MonsterMashAlbum_16_5,Long-Term Parking,4,4,false,true,1,
monster-mash/sample-album,1,SAMPLE-LUNA-F2,Luna,1789954248243,MonsterMashAlbum,MonsterMashAlbum,MonsterMashAlbum.16,Ghastly Garage,15,MonsterMashAlbum.16.6,MonsterMashAlbum_16_6,Franken-Coach,5,4,false,false,0,
monster-mash/sample-album,1,SAMPLE-LUNA-F2,Luna,1789954248243,MonsterMashAlbum,MonsterMashAlbum,MonsterMashAlbum.16,Ghastly Garage,15,MonsterMashAlbum.16.7,MonsterMashAlbum_16_7,High Beams,6,4,true,false,0,
monster-mash/sample-album,1,SAMPLE-LUNA-F2,Luna,1789954248243,MonsterMashAlbum,MonsterMashAlbum,MonsterMashAlbum.16,Ghastly Garage,15,MonsterMashAlbum.16.8,MonsterMashAlbum_16_8,Drac's Dragster,7,5,false,true,1,
monster-mash/sample-album,1,SAMPLE-LUNA-F2,Luna,1789954248243,MonsterMashAlbum,MonsterMashAlbum,MonsterMashAlbum.16,Ghastly Garage,15,MonsterMashAlbum.16.9,MonsterMashAlbum_16_9,Ecto-1,8,5,true,true,1,
monster-mash/sample-album,1,SAMPLE-LUNA-F2,Luna,1789954248243,MonsterMashAlbum,MonsterMashAlbum,MonsterMashAlbum.17,Boogie Bash,16,MonsterMashAlbum.17.1,MonsterMashAlbum_17_1,DJ Spinner,0,4,false,true,1,
monster-mash/sample-album,1,SAMPLE-LUNA-F2,Luna,1789954248243,MonsterMashAlbum,MonsterMashAlbum,MonsterMashAlbum.17,Boogie Bash,16,MonsterMashAlbum.17.2,MonsterMashAlbum_17_2,Dance Idols,1,4,false,true,1,
monster-mash/sample-album,1,SAMPLE-LUNA-F2,Luna,1789954248243,MonsterMashAlbum,MonsterMashAlbum,MonsterMashAlbum.17,Boogie Bash,16,MonsterMashAlbum.17.3,MonsterMashAlbum_17_3,Do The Worm,2,4,false,true,1,
monster-mash/sample-album,1,SAMPLE-LUNA-F2,Luna,1789954248243,MonsterMashAlbum,MonsterMashAlbum,MonsterMashAlbum.17,Boogie Bash,16,MonsterMashAlbum.17.4,MonsterMashAlbum_17_4,Shredding,3,4,false,true,1,
monster-mash/sample-album,1,SAMPLE-LUNA-F2,Luna,1789954248243,MonsterMashAlbum,MonsterMashAlbum,MonsterMashAlbum.17,Boogie Bash,16,MonsterMashAlbum.17.5,MonsterMashAlbum_17_5,Electric BOO-galoo,4,4,true,true,1,
monster-mash/sample-album,1,SAMPLE-LUNA-F2,Luna,1789954248243,MonsterMashAlbum,MonsterMashAlbum,MonsterMashAlbum.17,Boogie Bash,16,MonsterMashAlbum.17.6,MonsterMashAlbum_17_6,Wall Flowers,5,4,true,true,1,
monster-mash/sample-album,1,SAMPLE-LUNA-F2,Luna,1789954248243,MonsterMashAlbum,MonsterMashAlbum,MonsterMashAlbum.17,Boogie Bash,16,MonsterMashAlbum.17.7,MonsterMashAlbum_17_7,Punchline,6,5,false,true,2,
monster-mash/sample-album,1,SAMPLE-LUNA-F2,Luna,1789954248243,MonsterMashAlbum,MonsterMashAlbum,MonsterMashAlbum.17,Boogie Bash,16,MonsterMashAlbum.17.8,MonsterMashAlbum_17_8,To Be Free,7,5,true,true,1,
monster-mash/sample-album,1,SAMPLE-LUNA-F2,Luna,1789954248243,MonsterMashAlbum,MonsterMashAlbum,MonsterMashAlbum.17,Boogie Bash,16,MonsterMashAlbum.17.9,MonsterMashAlbum_17_9,Monster Mosh,8,6,false,false,0,
monster-mash/sample-album,1,SAMPLE-LUNA-F2,Luna,1789954248243,MonsterMashAlbum,MonsterMashAlbum,MonsterMashAlbum.18,The Attic,17,MonsterMashAlbum.18.1,MonsterMashAlbum_18_1,Up the Hatch,0,4,false,true,1,
monster-mash/sample-album,1,SAMPLE-LUNA-F2,Luna,1789954248243,MonsterMashAlbum,MonsterMashAlbum,MonsterMashAlbum.18,The Attic,17,MonsterMashAlbum.18.2,MonsterMashAlbum_18_2,Derpy Statue,1,4,false,false,0,
monster-mash/sample-album,1,SAMPLE-LUNA-F2,Luna,1789954248243,MonsterMashAlbum,MonsterMashAlbum,MonsterMashAlbum.18,The Attic,17,MonsterMashAlbum.18.3,MonsterMashAlbum_18_3,Ghostly Glow,2,4,false,false,0,
monster-mash/sample-album,1,SAMPLE-LUNA-F2,Luna,1789954248243,MonsterMashAlbum,MonsterMashAlbum,MonsterMashAlbum.18,The Attic,17,MonsterMashAlbum.18.4,MonsterMashAlbum_18_4,Be a Doll,3,4,true,true,2,
monster-mash/sample-album,1,SAMPLE-LUNA-F2,Luna,1789954248243,MonsterMashAlbum,MonsterMashAlbum,MonsterMashAlbum.18,The Attic,17,MonsterMashAlbum.18.5,MonsterMashAlbum_18_5,Mr. Mannequin,4,4,true,false,0,
monster-mash/sample-album,1,SAMPLE-LUNA-F2,Luna,1789954248243,MonsterMashAlbum,MonsterMashAlbum,MonsterMashAlbum.18,The Attic,17,MonsterMashAlbum.18.6,MonsterMashAlbum_18_6,Miss Mary,5,5,false,true,1,
monster-mash/sample-album,1,SAMPLE-LUNA-F2,Luna,1789954248243,MonsterMashAlbum,MonsterMashAlbum,MonsterMashAlbum.18,The Attic,17,MonsterMashAlbum.18.7,MonsterMashAlbum_18_7,Hats Off to Ya,6,5,false,true,1,
monster-mash/sample-album,1,SAMPLE-LUNA-F2,Luna,1789954248243,MonsterMashAlbum,MonsterMashAlbum,MonsterMashAlbum.18,The Attic,17,MonsterMashAlbum.18.8,MonsterMashAlbum_18_8,The Watcher,7,5,true,true,1,
monster-mash/sample-album,1,SAMPLE-LUNA-F2,Luna,1789954248243,MonsterMashAlbum,MonsterMashAlbum,MonsterMashAlbum.18,The Attic,17,MonsterMashAlbum.18.9,MonsterMashAlbum_18_9,Tea Time,8,6,false,true,1,
monster-mash/sample-album,1,SAMPLE-LUNA-F2,Luna,1789954248243,MonsterMashAlbum,MonsterMashAlbum,MonsterMashAlbum.19,Trick Or Treat,18,MonsterMashAlbum.19.1,MonsterMashAlbum_19_1,Hit the Streets,0,4,false,true,1,
monster-mash/sample-album,1,SAMPLE-LUNA-F2,Luna,1789954248243,MonsterMashAlbum,MonsterMashAlbum,MonsterMashAlbum.19,Trick Or Treat,18,MonsterMashAlbum.19.2,MonsterMashAlbum_19_2,Sweet!,1,4,false,true,2,
monster-mash/sample-album,1,SAMPLE-LUNA-F2,Luna,1789954248243,MonsterMashAlbum,MonsterMashAlbum,MonsterMashAlbum.19,Trick Or Treat,18,MonsterMashAlbum.19.3,MonsterMashAlbum_19_3,Chief Suspect,2,4,true,true,1,
monster-mash/sample-album,1,SAMPLE-LUNA-F2,Luna,1789954248243,MonsterMashAlbum,MonsterMashAlbum,MonsterMashAlbum.19,Trick Or Treat,18,MonsterMashAlbum.19.4,MonsterMashAlbum_19_4,Seen a Ghost?,3,4,true,false,0,
monster-mash/sample-album,1,SAMPLE-LUNA-F2,Luna,1789954248243,MonsterMashAlbum,MonsterMashAlbum,MonsterMashAlbum.19,Trick Or Treat,18,MonsterMashAlbum.19.5,MonsterMashAlbum_19_5,Snack Run,4,5,false,false,0,
monster-mash/sample-album,1,SAMPLE-LUNA-F2,Luna,1789954248243,MonsterMashAlbum,MonsterMashAlbum,MonsterMashAlbum.19,Trick Or Treat,18,MonsterMashAlbum.19.6,MonsterMashAlbum_19_6,Adorned,5,5,false,true,1,
monster-mash/sample-album,1,SAMPLE-LUNA-F2,Luna,1789954248243,MonsterMashAlbum,MonsterMashAlbum,MonsterMashAlbum.19,Trick Or Treat,18,MonsterMashAlbum.19.7,MonsterMashAlbum_19_7,Triple Treat,6,5,true,false,0,
monster-mash/sample-album,1,SAMPLE-LUNA-F2,Luna,1789954248243,MonsterMashAlbum,MonsterMashAlbum,MonsterMashAlbum.19,Trick Or Treat,18,MonsterMashAlbum.19.8,MonsterMashAlbum_19_8,Fit Check,7,5,true,true,1,
monster-mash/sample-album,1,SAMPLE-LUNA-F2,Luna,1789954248243,MonsterMashAlbum,MonsterMashAlbum,MonsterMashAlbum.19,Trick Or Treat,18,MonsterMashAlbum.19.9,MonsterMashAlbum_19_9,All Haul-O's Eve,8,6,false,false,0,
monster-mash/sample-album,1,SAMPLE-LUNA-F2,Luna,1789954248243,MonsterMashAlbum,MonsterMashAlbum,MonsterMashAlbum.20,Frankie Fun,19,MonsterMashAlbum.20.1,MonsterMashAlbum_20_1,Enter Frankie,0,4,false,true,1,
monster-mash/sample-album,1,SAMPLE-LUNA-F2,Luna,1789954248243,MonsterMashAlbum,MonsterMashAlbum,MonsterMashAlbum.20,Frankie Fun,19,MonsterMashAlbum.20.2,MonsterMashAlbum_20_2,Compact,1,4,true,true,1,
monster-mash/sample-album,1,SAMPLE-LUNA-F2,Luna,1789954248243,MonsterMashAlbum,MonsterMashAlbum,MonsterMashAlbum.20,Frankie Fun,19,MonsterMashAlbum.20.3,MonsterMashAlbum_20_3,Body Builder,2,4,true,false,0,
monster-mash/sample-album,1,SAMPLE-LUNA-F2,Luna,1789954248243,MonsterMashAlbum,MonsterMashAlbum,MonsterMashAlbum.20,Frankie Fun,19,MonsterMashAlbum.20.4,MonsterMashAlbum_20_4,Unstoppable,3,5,false,true,2,
monster-mash/sample-album,1,SAMPLE-LUNA-F2,Luna,1789954248243,MonsterMashAlbum,MonsterMashAlbum,MonsterMashAlbum.20,Frankie Fun,19,MonsterMashAlbum.20.5,MonsterMashAlbum_20_5,Key To Happiness,4,5,false,true,3,
monster-mash/sample-album,1,SAMPLE-LUNA-F2,Luna,1789954248243,MonsterMashAlbum,MonsterMashAlbum,MonsterMashAlbum.20,Frankie Fun,19,MonsterMashAlbum.20.6,MonsterMashAlbum_20_6,Like a Glove,5,5,false,true,1,
monster-mash/sample-album,1,SAMPLE-LUNA-F2,Luna,1789954248243,MonsterMashAlbum,MonsterMashAlbum,MonsterMashAlbum.20,Frankie Fun,19,MonsterMashAlbum.20.7,MonsterMashAlbum_20_7,The Groom,6,5,true,false,0,
monster-mash/sample-album,1,SAMPLE-LUNA-F2,Luna,1789954248243,MonsterMashAlbum,MonsterMashAlbum,MonsterMashAlbum.20,Frankie Fun,19,MonsterMashAlbum.20.8,MonsterMashAlbum_20_8,Self Made Man,7,5,true,false,0,
monster-mash/sample-album,1,SAMPLE-LUNA-F2,Luna,1789954248243,MonsterMashAlbum,MonsterMashAlbum,MonsterMashAlbum.20,Frankie Fun,19,MonsterMashAlbum.20.9,MonsterMashAlbum_20_9,Supportive,8,6,false,true,1,
monster-mash/sample-album,1,SAMPLE-LUNA-F2,Luna,1789954248243,MonsterMashAlbum,MonsterMashAlbum,MonsterMashAlbum.21,Who You Gonna Call?,20,MonsterMashAlbum.21.1,MonsterMashAlbum_21_1,Shh!,0,4,false,true,1,
monster-mash/sample-album,1,SAMPLE-LUNA-F2,Luna,1789954248243,MonsterMashAlbum,MonsterMashAlbum,MonsterMashAlbum.21,Who You Gonna Call?,20,MonsterMashAlbum.21.2,MonsterMashAlbum_21_2,Off the Charts,1,4,true,true,2,
monster-mash/sample-album,1,SAMPLE-LUNA-F2,Luna,1789954248243,MonsterMashAlbum,MonsterMashAlbum,MonsterMashAlbum.21,Who You Gonna Call?,20,MonsterMashAlbum.21.3,MonsterMashAlbum_21_3,The Pole Works!,2,4,true,true,1,
monster-mash/sample-album,1,SAMPLE-LUNA-F2,Luna,1789954248243,MonsterMashAlbum,MonsterMashAlbum,MonsterMashAlbum.21,Who You Gonna Call?,20,MonsterMashAlbum.21.4,MonsterMashAlbum_21_4,Goo Crew,3,5,false,false,0,
monster-mash/sample-album,1,SAMPLE-LUNA-F2,Luna,1789954248243,MonsterMashAlbum,MonsterMashAlbum,MonsterMashAlbum.21,Who You Gonna Call?,20,MonsterMashAlbum.21.5,MonsterMashAlbum_21_5,We Have the Tools,4,5,false,false,0,
monster-mash/sample-album,1,SAMPLE-LUNA-F2,Luna,1789954248243,MonsterMashAlbum,MonsterMashAlbum,MonsterMashAlbum.21,Who You Gonna Call?,20,MonsterMashAlbum.21.6,MonsterMashAlbum_21_6,Terrace Terror,5,5,true,false,0,
monster-mash/sample-album,1,SAMPLE-LUNA-F2,Luna,1789954248243,MonsterMashAlbum,MonsterMashAlbum,MonsterMashAlbum.21,Who You Gonna Call?,20,MonsterMashAlbum.21.7,MonsterMashAlbum_21_7,S'more Heat,6,5,true,true,1,
monster-mash/sample-album,1,SAMPLE-LUNA-F2,Luna,1789954248243,MonsterMashAlbum,MonsterMashAlbum,MonsterMashAlbum.21,Who You Gonna Call?,20,MonsterMashAlbum.21.8,MonsterMashAlbum_21_8,I Love This Town!,7,5,true,true,1,
monster-mash/sample-album,1,SAMPLE-LUNA-F2,Luna,1789954248243,MonsterMashAlbum,MonsterMashAlbum,MonsterMashAlbum.21,Who You Gonna Call?,20,MonsterMashAlbum.21.9,MonsterMashAlbum_21_9,Big Town Heroes,8,6,false,false,0,
monster-mash/sample-album,1,SAMPLE-LUNA-F2,Luna,1789954248243,MonsterMashAlbum,MonsterMashAlbum,MonsterMashAlbum.22,Demons & Hunters,21,MonsterMashAlbum.22.1,MonsterMashAlbum_22_1,How It's Done,0,4,true,true,1,
monster-mash/sample-album,1,SAMPLE-LUNA-F2,Luna,1789954248243,MonsterMashAlbum,MonsterMashAlbum,MonsterMashAlbum.22,Demons & Hunters,21,MonsterMashAlbum.22.2,MonsterMashAlbum_22_2,Golden,1,4,true,false,0,
monster-mash/sample-album,1,SAMPLE-LUNA-F2,Luna,1789954248243,MonsterMashAlbum,MonsterMashAlbum,MonsterMashAlbum.22,Demons & Hunters,21,MonsterMashAlbum.22.3,MonsterMashAlbum_22_3,Newcomers,2,5,false,true,1,
monster-mash/sample-album,1,SAMPLE-LUNA-F2,Luna,1789954248243,MonsterMashAlbum,MonsterMashAlbum,MonsterMashAlbum.22,Demons & Hunters,21,MonsterMashAlbum.22.4,MonsterMashAlbum_22_4,Easy on the Eyes,3,5,false,false,0,
monster-mash/sample-album,1,SAMPLE-LUNA-F2,Luna,1789954248243,MonsterMashAlbum,MonsterMashAlbum,MonsterMashAlbum.22,Demons & Hunters,21,MonsterMashAlbum.22.5,MonsterMashAlbum_22_5,Soda Pop,4,5,true,false,0,
monster-mash/sample-album,1,SAMPLE-LUNA-F2,Luna,1789954248243,MonsterMashAlbum,MonsterMashAlbum,MonsterMashAlbum.22,Demons & Hunters,21,MonsterMashAlbum.22.6,MonsterMashAlbum_22_6,"Hello, Friend",5,5,true,true,1,
monster-mash/sample-album,1,SAMPLE-LUNA-F2,Luna,1789954248243,MonsterMashAlbum,MonsterMashAlbum,MonsterMashAlbum.22,Demons & Hunters,21,MonsterMashAlbum.22.7,MonsterMashAlbum_22_7,Torn,6,5,true,false,0,
monster-mash/sample-album,1,SAMPLE-LUNA-F2,Luna,1789954248243,MonsterMashAlbum,MonsterMashAlbum,MonsterMashAlbum.22,Demons & Hunters,21,MonsterMashAlbum.22.8,MonsterMashAlbum_22_8,Voices Strong,7,5,true,false,0,
monster-mash/sample-album,1,SAMPLE-LUNA-F2,Luna,1789954248243,MonsterMashAlbum,MonsterMashAlbum,MonsterMashAlbum.22,Demons & Hunters,21,MonsterMashAlbum.22.9,MonsterMashAlbum_22_9,Cough! Cough! Cough!,8,6,false,true,1,
monster-mash/sample-album,1,SAMPLE-GUIDE-F3,Ghostly Guide,1789952028243,MonsterMashAlbum,MonsterMashAlbum,MonsterMashAlbum.1,Community Gallery,0,MonsterMashAlbum.1.1,MonsterMashAlbum_1_1,Woodland Whispers,0,1,false,true,1,
monster-mash/sample-album,1,SAMPLE-GUIDE-F3,Ghostly Guide,1789952028243,MonsterMashAlbum,MonsterMashAlbum,MonsterMashAlbum.1,Community Gallery,0,MonsterMashAlbum.1.2,MonsterMashAlbum_1_2,Kute Krampus,1,1,false,false,0,
monster-mash/sample-album,1,SAMPLE-GUIDE-F3,Ghostly Guide,1789952028243,MonsterMashAlbum,MonsterMashAlbum,MonsterMashAlbum.1,Community Gallery,0,MonsterMashAlbum.1.3,MonsterMashAlbum_1_3,Gentlewulf,2,1,false,true,1,
monster-mash/sample-album,1,SAMPLE-GUIDE-F3,Ghostly Guide,1789952028243,MonsterMashAlbum,MonsterMashAlbum,MonsterMashAlbum.1,Community Gallery,0,MonsterMashAlbum.1.4,MonsterMashAlbum_1_4,Patchwork,3,1,false,false,0,
monster-mash/sample-album,1,SAMPLE-GUIDE-F3,Ghostly Guide,1789952028243,MonsterMashAlbum,MonsterMashAlbum,MonsterMashAlbum.1,Community Gallery,0,MonsterMashAlbum.1.5,MonsterMashAlbum_1_5,Neck of the Woods,4,1,false,true,1,
monster-mash/sample-album,1,SAMPLE-GUIDE-F3,Ghostly Guide,1789952028243,MonsterMashAlbum,MonsterMashAlbum,MonsterMashAlbum.1,Community Gallery,0,MonsterMashAlbum.1.6,MonsterMashAlbum_1_6,Glam-O-Crow,5,1,false,false,0,
monster-mash/sample-album,1,SAMPLE-GUIDE-F3,Ghostly Guide,1789952028243,MonsterMashAlbum,MonsterMashAlbum,MonsterMashAlbum.1,Community Gallery,0,MonsterMashAlbum.1.7,MonsterMashAlbum_1_7,Harlequin Queen,6,1,false,true,1,
monster-mash/sample-album,1,SAMPLE-GUIDE-F3,Ghostly Guide,1789952028243,MonsterMashAlbum,MonsterMashAlbum,MonsterMashAlbum.1,Community Gallery,0,MonsterMashAlbum.1.8,MonsterMashAlbum_1_8,Screaming Clown,7,1,false,true,1,
monster-mash/sample-album,1,SAMPLE-GUIDE-F3,Ghostly Guide,1789952028243,MonsterMashAlbum,MonsterMashAlbum,MonsterMashAlbum.1,Community Gallery,0,MonsterMashAlbum.1.9,MonsterMashAlbum_1_9,Just a Zombie,8,1,false,true,2,
monster-mash/sample-album,1,SAMPLE-GUIDE-F3,Ghostly Guide,1789952028243,MonsterMashAlbum,MonsterMashAlbum,MonsterMashAlbum.2,Welcome To The Mansion,1,MonsterMashAlbum.2.1,MonsterMashAlbum_2_1,Mystery Mansion,0,1,false,false,0,
monster-mash/sample-album,1,SAMPLE-GUIDE-F3,Ghostly Guide,1789952028243,MonsterMashAlbum,MonsterMashAlbum,MonsterMashAlbum.2,Welcome To The Mansion,1,MonsterMashAlbum.2.2,MonsterMashAlbum_2_2,At The Gates,1,1,false,true,4,
monster-mash/sample-album,1,SAMPLE-GUIDE-F3,Ghostly Guide,1789952028243,MonsterMashAlbum,MonsterMashAlbum,MonsterMashAlbum.2,Welcome To The Mansion,1,MonsterMashAlbum.2.3,MonsterMashAlbum_2_3,Master Key,2,1,false,true,1,
monster-mash/sample-album,1,SAMPLE-GUIDE-F3,Ghostly Guide,1789952028243,MonsterMashAlbum,MonsterMashAlbum,MonsterMashAlbum.2,Welcome To The Mansion,1,MonsterMashAlbum.2.4,MonsterMashAlbum_2_4,The Other Side,3,1,false,true,1,
monster-mash/sample-album,1,SAMPLE-GUIDE-F3,Ghostly Guide,1789952028243,MonsterMashAlbum,MonsterMashAlbum,MonsterMashAlbum.2,Welcome To The Mansion,1,MonsterMashAlbum.2.5,MonsterMashAlbum_2_5,Hall O' Frame,4,1,false,true,2,
monster-mash/sample-album,1,SAMPLE-GUIDE-F3,Ghostly Guide,1789952028243,MonsterMashAlbum,MonsterMashAlbum,MonsterMashAlbum.2,Welcome To The Mansion,1,MonsterMashAlbum.2.6,MonsterMashAlbum_2_6,House Call,5,1,false,false,0,
monster-mash/sample-album,1,SAMPLE-GUIDE-F3,Ghostly Guide,1789952028243,MonsterMashAlbum,MonsterMashAlbum,MonsterMashAlbum.2,Welcome To The Mansion,1,MonsterMashAlbum.2.7,MonsterMashAlbum_2_7,HUNTR/X,6,1,false,true,2,
monster-mash/sample-album,1,SAMPLE-GUIDE-F3,Ghostly Guide,1789952028243,MonsterMashAlbum,MonsterMashAlbum,MonsterMashAlbum.2,Welcome To The Mansion,1,MonsterMashAlbum.2.8,MonsterMashAlbum_2_8,Ghostly Guide,7,1,false,false,0,
monster-mash/sample-album,1,SAMPLE-GUIDE-F3,Ghostly Guide,1789952028243,MonsterMashAlbum,MonsterMashAlbum,MonsterMashAlbum.2,Welcome To The Mansion,1,MonsterMashAlbum.2.9,MonsterMashAlbum_2_9,Places Unknown,8,1,false,false,0,
monster-mash/sample-album,1,SAMPLE-GUIDE-F3,Ghostly Guide,1789952028243,MonsterMashAlbum,MonsterMashAlbum,MonsterMashAlbum.3,Dracula,2,MonsterMashAlbum.3.1,MonsterMashAlbum_3_1,Enter Dracula,0,1,false,false,0,
monster-mash/sample-album,1,SAMPLE-GUIDE-F3,Ghostly Guide,1789952028243,MonsterMashAlbum,MonsterMashAlbum,MonsterMashAlbum.3,Dracula,2,MonsterMashAlbum.3.2,MonsterMashAlbum_3_2,On Reflection,1,1,false,true,1,
monster-mash/sample-album,1,SAMPLE-GUIDE-F3,Ghostly Guide,1789952028243,MonsterMashAlbum,MonsterMashAlbum,MonsterMashAlbum.3,Dracula,2,MonsterMashAlbum.3.3,MonsterMashAlbum_3_3,Long in the Tooth,2,1,false,false,0,
monster-mash/sample-album,1,SAMPLE-GUIDE-F3,Ghostly Guide,1789952028243,MonsterMashAlbum,MonsterMashAlbum,MonsterMashAlbum.3,Dracula,2,MonsterMashAlbum.3.4,MonsterMashAlbum_3_4,Day in the Sun,3,1,false,false,0,
monster-mash/sample-album,1,SAMPLE-GUIDE-F3,Ghostly Guide,1789952028243,MonsterMashAlbum,MonsterMashAlbum,MonsterMashAlbum.3,Dracula,2,MonsterMashAlbum.3.5,MonsterMashAlbum_3_5,Down for the Count,4,1,false,false,0,
monster-mash/sample-album,1,SAMPLE-GUIDE-F3,Ghostly Guide,1789952028243,MonsterMashAlbum,MonsterMashAlbum,MonsterMashAlbum.3,Dracula,2,MonsterMashAlbum.3.6,MonsterMashAlbum_3_6,Heart Stopper,5,1,false,true,4,
monster-mash/sample-album,1,SAMPLE-GUIDE-F3,Ghostly Guide,1789952028243,MonsterMashAlbum,MonsterMashAlbum,MonsterMashAlbum.3,Dracula,2,MonsterMashAlbum.3.7,MonsterMashAlbum_3_7,Cloak Conundrum,6,2,false,false,0,
monster-mash/sample-album,1,SAMPLE-GUIDE-F3,Ghostly Guide,1789952028243,MonsterMashAlbum,MonsterMashAlbum,MonsterMashAlbum.3,Dracula,2,MonsterMashAlbum.3.8,MonsterMashAlbum_3_8,Prince of Darkness,7,2,false,true,2,
monster-mash/sample-album,1,SAMPLE-GUIDE-F3,Ghostly Guide,1789952028243,MonsterMashAlbum,MonsterMashAlbum,MonsterMashAlbum.3,Dracula,2,MonsterMashAlbum.3.9,MonsterMashAlbum_3_9,Disco Drac,8,2,false,true,1,
monster-mash/sample-album,1,SAMPLE-GUIDE-F3,Ghostly Guide,1789952028243,MonsterMashAlbum,MonsterMashAlbum,MonsterMashAlbum.4,Lurid Labs,3,MonsterMashAlbum.4.1,MonsterMashAlbum_4_1,The Laboratory,0,1,false,true,1,
monster-mash/sample-album,1,SAMPLE-GUIDE-F3,Ghostly Guide,1789952028243,MonsterMashAlbum,MonsterMashAlbum,MonsterMashAlbum.4,Lurid Labs,3,MonsterMashAlbum.4.2,MonsterMashAlbum_4_2,Flip the Switch,1,1,false,false,0,
monster-mash/sample-album,1,SAMPLE-GUIDE-F3,Ghostly Guide,1789952028243,MonsterMashAlbum,MonsterMashAlbum,MonsterMashAlbum.4,Lurid Labs,3,MonsterMashAlbum.4.3,MonsterMashAlbum_4_3,Pet Project,2,1,false,false,0,
monster-mash/sample-album,1,SAMPLE-GUIDE-F3,Ghostly Guide,1789952028243,MonsterMashAlbum,MonsterMashAlbum,MonsterMashAlbum.4,Lurid Labs,3,MonsterMashAlbum.4.4,MonsterMashAlbum_4_4,Jealousy & Pride,3,2,false,false,0,
monster-mash/sample-album,1,SAMPLE-GUIDE-F3,Ghostly Guide,1789952028243,MonsterMashAlbum,MonsterMashAlbum,MonsterMashAlbum.4,Lurid Labs,3,MonsterMashAlbum.4.5,MonsterMashAlbum_4_5,Mad for Science,4,2,false,false,0,
monster-mash/sample-album,1,SAMPLE-GUIDE-F3,Ghostly Guide,1789952028243,MonsterMashAlbum,MonsterMashAlbum,MonsterMashAlbum.4,Lurid Labs,3,MonsterMashAlbum.4.6,MonsterMashAlbum_4_6,The Conductor,5,2,false,false,0,
monster-mash/sample-album,1,SAMPLE-GUIDE-F3,Ghostly Guide,1789952028243,MonsterMashAlbum,MonsterMashAlbum,MonsterMashAlbum.4,Lurid Labs,3,MonsterMashAlbum.4.7,MonsterMashAlbum_4_7,Ghost Trap,6,2,false,true,2,
monster-mash/sample-album,1,SAMPLE-GUIDE-F3,Ghostly Guide,1789952028243,MonsterMashAlbum,MonsterMashAlbum,MonsterMashAlbum.4,Lurid Labs,3,MonsterMashAlbum.4.8,MonsterMashAlbum_4_8,Gone Ghoul,7,2,false,false,0,
monster-mash/sample-album,1,SAMPLE-GUIDE-F3,Ghostly Guide,1789952028243,MonsterMashAlbum,MonsterMashAlbum,MonsterMashAlbum.4,Lurid Labs,3,MonsterMashAlbum.4.9,MonsterMashAlbum_4_9,Slimed,8,2,false,true,1,
monster-mash/sample-album,1,SAMPLE-GUIDE-F3,Ghostly Guide,1789952028243,MonsterMashAlbum,MonsterMashAlbum,MonsterMashAlbum.5,Grim Gardens,4,MonsterMashAlbum.5.1,MonsterMashAlbum_5_1,Ghouly Greens,0,2,false,false,0,
monster-mash/sample-album,1,SAMPLE-GUIDE-F3,Ghostly Guide,1789952028243,MonsterMashAlbum,MonsterMashAlbum,MonsterMashAlbum.5,Grim Gardens,4,MonsterMashAlbum.5.2,MonsterMashAlbum_5_2,Ghost Plant,1,2,false,true,1,
monster-mash/sample-album,1,SAMPLE-GUIDE-F3,Ghostly Guide,1789952028243,MonsterMashAlbum,MonsterMashAlbum,MonsterMashAlbum.5,Grim Gardens,4,MonsterMashAlbum.5.3,MonsterMashAlbum_5_3,Green Thumb,2,2,false,false,0,
monster-mash/sample-album,1,SAMPLE-GUIDE-F3,Ghostly Guide,1789952028243,MonsterMashAlbum,MonsterMashAlbum,MonsterMashAlbum.5,Grim Gardens,4,MonsterMashAlbum.5.4,MonsterMashAlbum_5_4,Creeper Vine,3,2,false,false,0,
monster-mash/sample-album,1,SAMPLE-GUIDE-F3,Ghostly Guide,1789952028243,MonsterMashAlbum,MonsterMashAlbum,MonsterMashAlbum.5,Grim Gardens,4,MonsterMashAlbum.5.5,MonsterMashAlbum_5_5,"Try, Try Again",4,2,false,false,0,
monster-mash/sample-album,1,SAMPLE-GUIDE-F3,Ghostly Guide,1789952028243,MonsterMashAlbum,MonsterMashAlbum,MonsterMashAlbum.5,Grim Gardens,4,MonsterMashAlbum.5.6,MonsterMashAlbum_5_6,Botanical Bogey,5,2,false,false,0,
monster-mash/sample-album,1,SAMPLE-GUIDE-F3,Ghostly Guide,1789952028243,MonsterMashAlbum,MonsterMashAlbum,MonsterMashAlbum.5,Grim Gardens,4,MonsterMashAlbum.5.7,MonsterMashAlbum_5_7,Heady Choices,6,2,false,false,0,
monster-mash/sample-album,1,SAMPLE-GUIDE-F3,Ghostly Guide,1789952028243,MonsterMashAlbum,MonsterMashAlbum,MonsterMashAlbum.5,Grim Gardens,4,MonsterMashAlbum.5.8,MonsterMashAlbum_5_8,Dirt Nap,7,2,false,false,0,
monster-mash/sample-album,1,SAMPLE-GUIDE-F3,Ghostly Guide,1789952028243,MonsterMashAlbum,MonsterMashAlbum,MonsterMashAlbum.5,Grim Gardens,4,MonsterMashAlbum.5.9,MonsterMashAlbum_5_9,BOO-quet,8,2,false,true,3,
monster-mash/sample-album,1,SAMPLE-GUIDE-F3,Ghostly Guide,1789952028243,MonsterMashAlbum,MonsterMashAlbum,MonsterMashAlbum.6,Wolfie,5,MonsterMashAlbum.6.1,MonsterMashAlbum_6_1,Enter Wolfie,0,2,false,false,0,
monster-mash/sample-album,1,SAMPLE-GUIDE-F3,Ghostly Guide,1789952028243,MonsterMashAlbum,MonsterMashAlbum,MonsterMashAlbum.6,Wolfie,5,MonsterMashAlbum.6.2,MonsterMashAlbum_6_2,Family Pack,1,2,false,false,0,
monster-mash/sample-album,1,SAMPLE-GUIDE-F3,Ghostly Guide,1789952028243,MonsterMashAlbum,MonsterMashAlbum,MonsterMashAlbum.6,Wolfie,5,MonsterMashAlbum.6.3,MonsterMashAlbum_6_3,Fetch!,2,2,false,false,0,
monster-mash/sample-album,1,SAMPLE-GUIDE-F3,Ghostly Guide,1789952028243,MonsterMashAlbum,MonsterMashAlbum,MonsterMashAlbum.6,Wolfie,5,MonsterMashAlbum.6.4,MonsterMashAlbum_6_4,I Beg You,3,2,false,false,0,
monster-mash/sample-album,1,SAMPLE-GUIDE-F3,Ghostly Guide,1789952028243,MonsterMashAlbum,MonsterMashAlbum,MonsterMashAlbum.6,Wolfie,5,MonsterMashAlbum.6.5,MonsterMashAlbum_6_5,Beast in Show,4,2,false,false,0,
monster-mash/sample-album,1,SAMPLE-GUIDE-F3,Ghostly Guide,1789952028243,MonsterMashAlbum,MonsterMashAlbum,MonsterMashAlbum.6,Wolfie,5,MonsterMashAlbum.6.6,MonsterMashAlbum_6_6,Call of the Wild,5,2,false,false,0,
monster-mash/sample-album,1,SAMPLE-GUIDE-F3,Ghostly Guide,1789952028243,MonsterMashAlbum,MonsterMashAlbum,MonsterMashAlbum.6,Wolfie,5,MonsterMashAlbum.6.7,MonsterMashAlbum_6_7,Fine Canines,6,2,false,true,1,
monster-mash/sample-album,1,SAMPLE-GUIDE-F3,Ghostly Guide,1789952028243,MonsterMashAlbum,MonsterMashAlbum,MonsterMashAlbum.6,Wolfie,5,MonsterMashAlbum.6.8,MonsterMashAlbum_6_8,Howl N' Prowl,7,2,false,false,0,
monster-mash/sample-album,1,SAMPLE-GUIDE-F3,Ghostly Guide,1789952028243,MonsterMashAlbum,MonsterMashAlbum,MonsterMashAlbum.6,Wolfie,5,MonsterMashAlbum.6.9,MonsterMashAlbum_6_9,Luna's Flea Bath,8,2,false,true,1,
monster-mash/sample-album,1,SAMPLE-GUIDE-F3,Ghostly Guide,1789952028243,MonsterMashAlbum,MonsterMashAlbum,MonsterMashAlbum.7,Sleepless Night,6,MonsterMashAlbum.7.1,MonsterMashAlbum_7_1,Blighted Bedroom,0,2,false,false,0,
monster-mash/sample-album,1,SAMPLE-GUIDE-F3,Ghostly Guide,1789952028243,MonsterMashAlbum,MonsterMashAlbum,MonsterMashAlbum.7,Sleepless Night,6,MonsterMashAlbum.7.2,MonsterMashAlbum_7_2,Ghost Story,1,2,false,false,0,
monster-mash/sample-album,1,SAMPLE-GUIDE-F3,Ghostly Guide,1789952028243,MonsterMashAlbum,MonsterMashAlbum,MonsterMashAlbum.7,Sleepless Night,6,MonsterMashAlbum.7.3,MonsterMashAlbum_7_3,Clowned,2,2,false,true,4,
monster-mash/sample-album,1,SAMPLE-GUIDE-F3,Ghostly Guide,1789952028243,MonsterMashAlbum,MonsterMashAlbum,MonsterMashAlbum.7,Sleepless Night,6,MonsterMashAlbum.7.4,MonsterMashAlbum_7_4,Demonic Disguise,3,2,false,false,0,
monster-mash/sample-album,1,SAMPLE-GUIDE-F3,Ghostly Guide,1789952028243,MonsterMashAlbum,MonsterMashAlbum,MonsterMashAlbum.7,Sleepless Night,6,MonsterMashAlbum.7.5,MonsterMashAlbum_7_5,Going Batty,4,2,false,true,3,
monster-mash/sample-album,1,SAMPLE-GUIDE-F3,Ghostly Guide,1789952028243,MonsterMashAlbum,MonsterMashAlbum,MonsterMashAlbum.7,Sleepless Night,6,MonsterMashAlbum.7.6,MonsterMashAlbum_7_6,Safety First,5,2,false,true,1,
monster-mash/sample-album,1,SAMPLE-GUIDE-F3,Ghostly Guide,1789952028243,MonsterMashAlbum,MonsterMashAlbum,MonsterMashAlbum.7,Sleepless Night,6,MonsterMashAlbum.7.7,MonsterMashAlbum_7_7,Chair Raising,6,2,false,false,0,
monster-mash/sample-album,1,SAMPLE-GUIDE-F3,Ghostly Guide,1789952028243,MonsterMashAlbum,MonsterMashAlbum,MonsterMashAlbum.7,Sleepless Night,6,MonsterMashAlbum.7.8,MonsterMashAlbum_7_8,Mystery Solved,7,3,false,false,0,
monster-mash/sample-album,1,SAMPLE-GUIDE-F3,Ghostly Guide,1789952028243,MonsterMashAlbum,MonsterMashAlbum,MonsterMashAlbum.7,Sleepless Night,6,MonsterMashAlbum.7.9,MonsterMashAlbum_7_9,Boogey Boo!,8,3,false,true,1,
monster-mash/sample-album,1,SAMPLE-GUIDE-F3,Ghostly Guide,1789952028243,MonsterMashAlbum,MonsterMashAlbum,MonsterMashAlbum.8,Ms. Frankenstein,7,MonsterMashAlbum.8.1,MonsterMashAlbum_8_1,Enter Undead Diva,0,2,false,true,1,
monster-mash/sample-album,1,SAMPLE-GUIDE-F3,Ghostly Guide,1789952028243,MonsterMashAlbum,MonsterMashAlbum,MonsterMashAlbum.8,Ms. Frankenstein,7,MonsterMashAlbum.8.2,MonsterMashAlbum_8_2,Study Buddy,1,2,false,false,0,
monster-mash/sample-album,1,SAMPLE-GUIDE-F3,Ghostly Guide,1789952028243,MonsterMashAlbum,MonsterMashAlbum,MonsterMashAlbum.8,Ms. Frankenstein,7,MonsterMashAlbum.8.3,MonsterMashAlbum_8_3,Inspiration Strikes!,2,2,false,false,0,
monster-mash/sample-album,1,SAMPLE-GUIDE-F3,Ghostly Guide,1789952028243,MonsterMashAlbum,MonsterMashAlbum,MonsterMashAlbum.8,Ms. Frankenstein,7,MonsterMashAlbum.8.4,MonsterMashAlbum_8_4,Made for This,3,2,false,false,0,
monster-mash/sample-album,1,SAMPLE-GUIDE-F3,Ghostly Guide,1789952028243,MonsterMashAlbum,MonsterMashAlbum,MonsterMashAlbum.8,Ms. Frankenstein,7,MonsterMashAlbum.8.5,MonsterMashAlbum_8_5,Thunderhead,4,2,false,false,0,
monster-mash/sample-album,1,SAMPLE-GUIDE-F3,Ghostly Guide,1789952028243,MonsterMashAlbum,MonsterMashAlbum,MonsterMashAlbum.8,Ms. Frankenstein,7,MonsterMashAlbum.8.6,MonsterMashAlbum_8_6,Stormy Skies,5,2,false,false,0,
monster-mash/sample-album,1,SAMPLE-GUIDE-F3,Ghostly Guide,1789952028243,MonsterMashAlbum,MonsterMashAlbum,MonsterMashAlbum.8,Ms. Frankenstein,7,MonsterMashAlbum.8.7,MonsterMashAlbum_8_7,At First Sight,6,3,false,false,0,
monster-mash/sample-album,1,SAMPLE-GUIDE-F3,Ghostly Guide,1789952028243,MonsterMashAlbum,MonsterMashAlbum,MonsterMashAlbum.8,Ms. Frankenstein,7,MonsterMashAlbum.8.8,MonsterMashAlbum_8_8,Strike a Pose,7,3,false,false,0,
monster-mash/sample-album,1,SAMPLE-GUIDE-F3,Ghostly Guide,1789952028243,MonsterMashAlbum,MonsterMashAlbum,MonsterMashAlbum.8,Ms. Frankenstein,7,MonsterMashAlbum.8.9,MonsterMashAlbum_8_9,I Do!,8,3,false,false,0,
monster-mash/sample-album,1,SAMPLE-GUIDE-F3,Ghostly Guide,1789952028243,MonsterMashAlbum,MonsterMashAlbum,MonsterMashAlbum.9,Halloween Games,8,MonsterMashAlbum.9.1,MonsterMashAlbum_9_1,Game On!,0,2,false,false,0,
monster-mash/sample-album,1,SAMPLE-GUIDE-F3,Ghostly Guide,1789952028243,MonsterMashAlbum,MonsterMashAlbum,MonsterMashAlbum.9,Halloween Games,8,MonsterMashAlbum.9.2,MonsterMashAlbum_9_2,Takedown,1,2,false,false,0,
monster-mash/sample-album,1,SAMPLE-GUIDE-F3,Ghostly Guide,1789952028243,MonsterMashAlbum,MonsterMashAlbum,MonsterMashAlbum.9,Halloween Games,8,MonsterMashAlbum.9.3,MonsterMashAlbum_9_3,Nice Bob!,2,2,false,false,0,
monster-mash/sample-album,1,SAMPLE-GUIDE-F3,Ghostly Guide,1789952028243,MonsterMashAlbum,MonsterMashAlbum,MonsterMashAlbum.9,Halloween Games,8,MonsterMashAlbum.9.4,MonsterMashAlbum_9_4,Stuck in Limbo,3,2,false,false,0,
monster-mash/sample-album,1,SAMPLE-GUIDE-F3,Ghostly Guide,1789952028243,MonsterMashAlbum,MonsterMashAlbum,MonsterMashAlbum.9,Halloween Games,8,MonsterMashAlbum.9.5,MonsterMashAlbum_9_5,Feet of Strength,4,3,false,false,0,
monster-mash/sample-album,1,SAMPLE-GUIDE-F3,Ghostly Guide,1789952028243,MonsterMashAlbum,MonsterMashAlbum,MonsterMashAlbum.9,Halloween Games,8,MonsterMashAlbum.9.6,MonsterMashAlbum_9_6,Sugar Rush,5,3,false,false,0,
monster-mash/sample-album,1,SAMPLE-GUIDE-F3,Ghostly Guide,1789952028243,MonsterMashAlbum,MonsterMashAlbum,MonsterMashAlbum.9,Halloween Games,8,MonsterMashAlbum.9.7,MonsterMashAlbum_9_7,Deadly Aim,6,3,false,false,0,
monster-mash/sample-album,1,SAMPLE-GUIDE-F3,Ghostly Guide,1789952028243,MonsterMashAlbum,MonsterMashAlbum,MonsterMashAlbum.9,Halloween Games,8,MonsterMashAlbum.9.8,MonsterMashAlbum_9_8,The Ringer,7,3,false,false,0,
monster-mash/sample-album,1,SAMPLE-GUIDE-F3,Ghostly Guide,1789952028243,MonsterMashAlbum,MonsterMashAlbum,MonsterMashAlbum.9,Halloween Games,8,MonsterMashAlbum.9.9,MonsterMashAlbum_9_9,Snack Attack,8,3,false,false,0,
monster-mash/sample-album,1,SAMPLE-GUIDE-F3,Ghostly Guide,1789952028243,MonsterMashAlbum,MonsterMashAlbum,MonsterMashAlbum.10,The Mummy,9,MonsterMashAlbum.10.1,MonsterMashAlbum_10_1,Enter Rags,0,2,false,false,0,
monster-mash/sample-album,1,SAMPLE-GUIDE-F3,Ghostly Guide,1789952028243,MonsterMashAlbum,MonsterMashAlbum,MonsterMashAlbum.10,The Mummy,9,MonsterMashAlbum.10.2,MonsterMashAlbum_10_2,Bugging Out,1,2,false,false,0,
monster-mash/sample-album,1,SAMPLE-GUIDE-F3,Ghostly Guide,1789952028243,MonsterMashAlbum,MonsterMashAlbum,MonsterMashAlbum.10,The Mummy,9,MonsterMashAlbum.10.3,MonsterMashAlbum_10_3,Curses!,2,3,false,false,0,
monster-mash/sample-album,1,SAMPLE-GUIDE-F3,Ghostly Guide,1789952028243,MonsterMashAlbum,MonsterMashAlbum,MonsterMashAlbum.10,The Mummy,9,MonsterMashAlbum.10.4,MonsterMashAlbum_10_4,Pyramid Scheme,3,3,false,false,0,
monster-mash/sample-album,1,SAMPLE-GUIDE-F3,Ghostly Guide,1789952028243,MonsterMashAlbum,MonsterMashAlbum,MonsterMashAlbum.10,The Mummy,9,MonsterMashAlbum.10.5,MonsterMashAlbum_10_5,That's a Wrap!,4,3,false,true,2,
monster-mash/sample-album,1,SAMPLE-GUIDE-F3,Ghostly Guide,1789952028243,MonsterMashAlbum,MonsterMashAlbum,MonsterMashAlbum.10,The Mummy,9,MonsterMashAlbum.10.6,MonsterMashAlbum_10_6,Cryptic,5,3,false,true,1,
monster-mash/sample-album,1,SAMPLE-GUIDE-F3,Ghostly Guide,1789952028243,MonsterMashAlbum,MonsterMashAlbum,MonsterMashAlbum.10,The Mummy,9,MonsterMashAlbum.10.7,MonsterMashAlbum_10_7,Preserves,6,3,false,false,0,
monster-mash/sample-album,1,SAMPLE-GUIDE-F3,Ghostly Guide,1789952028243,MonsterMashAlbum,MonsterMashAlbum,MonsterMashAlbum.10,The Mummy,9,MonsterMashAlbum.10.8,MonsterMashAlbum_10_8,Tomb Boy,7,3,false,false,0,
monster-mash/sample-album,1,SAMPLE-GUIDE-F3,Ghostly Guide,1789952028243,MonsterMashAlbum,MonsterMashAlbum,MonsterMashAlbum.10,The Mummy,9,MonsterMashAlbum.10.9,MonsterMashAlbum_10_9,Walk This Way,8,3,false,false,0,
monster-mash/sample-album,1,SAMPLE-GUIDE-F3,Ghostly Guide,1789952028243,MonsterMashAlbum,MonsterMashAlbum,MonsterMashAlbum.11,The Swamp Monster,10,MonsterMashAlbum.11.1,MonsterMashAlbum_11_1,Enter Swampie,0,2,false,true,1,
monster-mash/sample-album,1,SAMPLE-GUIDE-F3,Ghostly Guide,1789952028243,MonsterMashAlbum,MonsterMashAlbum,MonsterMashAlbum.11,The Swamp Monster,10,MonsterMashAlbum.11.2,MonsterMashAlbum_11_2,Ugly Muckling,1,3,false,false,0,
monster-mash/sample-album,1,SAMPLE-GUIDE-F3,Ghostly Guide,1789952028243,MonsterMashAlbum,MonsterMashAlbum,MonsterMashAlbum.11,The Swamp Monster,10,MonsterMashAlbum.11.3,MonsterMashAlbum_11_3,Swamp Hang,2,3,false,false,0,
monster-mash/sample-album,1,SAMPLE-GUIDE-F3,Ghostly Guide,1789952028243,MonsterMashAlbum,MonsterMashAlbum,MonsterMashAlbum.11,The Swamp Monster,10,MonsterMashAlbum.11.4,MonsterMashAlbum_11_4,Marsh Mellow,3,3,false,false,0,
monster-mash/sample-album,1,SAMPLE-GUIDE-F3,Ghostly Guide,1789952028243,MonsterMashAlbum,MonsterMashAlbum,MonsterMashAlbum.11,The Swamp Monster,10,MonsterMashAlbum.11.5,MonsterMashAlbum_11_5,Top Underling,4,3,false,false,0,
monster-mash/sample-album,1,SAMPLE-GUIDE-F3,Ghostly Guide,1789952028243,MonsterMashAlbum,MonsterMashAlbum,MonsterMashAlbum.11,The Swamp Monster,10,MonsterMashAlbum.11.6,MonsterMashAlbum_11_6,Swamped,5,3,false,false,0,
monster-mash/sample-album,1,SAMPLE-GUIDE-F3,Ghostly Guide,1789952028243,MonsterMashAlbum,MonsterMashAlbum,MonsterMashAlbum.11,The Swamp Monster,10,MonsterMashAlbum.11.7,MonsterMashAlbum_11_7,Exit Strategy,6,3,false,false,0,
monster-mash/sample-album,1,SAMPLE-GUIDE-F3,Ghostly Guide,1789952028243,MonsterMashAlbum,MonsterMashAlbum,MonsterMashAlbum.11,The Swamp Monster,10,MonsterMashAlbum.11.8,MonsterMashAlbum_11_8,Swampie,7,3,false,false,0,
monster-mash/sample-album,1,SAMPLE-GUIDE-F3,Ghostly Guide,1789952028243,MonsterMashAlbum,MonsterMashAlbum,MonsterMashAlbum.11,The Swamp Monster,10,MonsterMashAlbum.11.9,MonsterMashAlbum_11_9,Boggy Nights,8,4,false,false,0,
monster-mash/sample-album,1,SAMPLE-GUIDE-F3,Ghostly Guide,1789952028243,MonsterMashAlbum,MonsterMashAlbum,MonsterMashAlbum.12,Evil Deeds,11,MonsterMashAlbum.12.1,MonsterMashAlbum_12_1,Witchy Wood,0,3,false,false,0,
monster-mash/sample-album,1,SAMPLE-GUIDE-F3,Ghostly Guide,1789952028243,MonsterMashAlbum,MonsterMashAlbum,MonsterMashAlbum.12,Evil Deeds,11,MonsterMashAlbum.12.2,MonsterMashAlbum_12_2,Unamusement Park,1,3,false,false,0,
monster-mash/sample-album,1,SAMPLE-GUIDE-F3,Ghostly Guide,1789952028243,MonsterMashAlbum,MonsterMashAlbum,MonsterMashAlbum.12,Evil Deeds,11,MonsterMashAlbum.12.3,MonsterMashAlbum_12_3,Soggy Bayou,2,3,false,false,0,
monster-mash/sample-album,1,SAMPLE-GUIDE-F3,Ghostly Guide,1789952028243,MonsterMashAlbum,MonsterMashAlbum,MonsterMashAlbum.12,Evil Deeds,11,MonsterMashAlbum.12.4,MonsterMashAlbum_12_4,Shrieking Shores,3,3,false,false,0,
monster-mash/sample-album,1,SAMPLE-GUIDE-F3,Ghostly Guide,1789952028243,MonsterMashAlbum,MonsterMashAlbum,MonsterMashAlbum.12,Evil Deeds,11,MonsterMashAlbum.12.5,MonsterMashAlbum_12_5,550 Central Park West,4,3,false,false,0,
monster-mash/sample-album,1,SAMPLE-GUIDE-F3,Ghostly Guide,1789952028243,MonsterMashAlbum,MonsterMashAlbum,MonsterMashAlbum.12,Evil Deeds,11,MonsterMashAlbum.12.6,MonsterMashAlbum_12_6,MGO Mausoleum,5,3,false,false,0,
monster-mash/sample-album,1,SAMPLE-GUIDE-F3,Ghostly Guide,1789952028243,MonsterMashAlbum,MonsterMashAlbum,MonsterMashAlbum.12,Evil Deeds,11,MonsterMashAlbum.12.7,MonsterMashAlbum_12_7,The Demon World,6,3,false,false,0,
monster-mash/sample-album,1,SAMPLE-GUIDE-F3,Ghostly Guide,1789952028243,MonsterMashAlbum,MonsterMashAlbum,MonsterMashAlbum.12,Evil Deeds,11,MonsterMashAlbum.12.8,MonsterMashAlbum_12_8,Cabin in the Woods,7,4,false,false,0,
monster-mash/sample-album,1,SAMPLE-GUIDE-F3,Ghostly Guide,1789952028243,MonsterMashAlbum,MonsterMashAlbum,MonsterMashAlbum.12,Evil Deeds,11,MonsterMashAlbum.12.9,MonsterMashAlbum_12_9,Dracula's Castle,8,4,false,false,0,
monster-mash/sample-album,1,SAMPLE-GUIDE-F3,Ghostly Guide,1789952028243,MonsterMashAlbum,MonsterMashAlbum,MonsterMashAlbum.13,The Zombie,12,MonsterMashAlbum.13.1,MonsterMashAlbum_13_1,Enter Shambles,0,3,false,true,2,
monster-mash/sample-album,1,SAMPLE-GUIDE-F3,Ghostly Guide,1789952028243,MonsterMashAlbum,MonsterMashAlbum,MonsterMashAlbum.13,The Zombie,12,MonsterMashAlbum.13.2,MonsterMashAlbum_13_2,Early Riser,1,3,false,false,0,
monster-mash/sample-album,1,SAMPLE-GUIDE-F3,Ghostly Guide,1789952028243,MonsterMashAlbum,MonsterMashAlbum,MonsterMashAlbum.13,The Zombie,12,MonsterMashAlbum.13.3,MonsterMashAlbum_13_3,Brain Rot,2,3,false,false,0,
monster-mash/sample-album,1,SAMPLE-GUIDE-F3,Ghostly Guide,1789952028243,MonsterMashAlbum,MonsterMashAlbum,MonsterMashAlbum.13,The Zombie,12,MonsterMashAlbum.13.4,MonsterMashAlbum_13_4,Brain Food,3,3,false,false,0,
monster-mash/sample-album,1,SAMPLE-GUIDE-F3,Ghostly Guide,1789952028243,MonsterMashAlbum,MonsterMashAlbum,MonsterMashAlbum.13,The Zombie,12,MonsterMashAlbum.13.5,MonsterMashAlbum_13_5,A Beautiful Mind,4,3,false,false,0,
monster-mash/sample-album,1,SAMPLE-GUIDE-F3,Ghostly Guide,1789952028243,MonsterMashAlbum,MonsterMashAlbum,MonsterMashAlbum.13,The Zombie,12,MonsterMashAlbum.13.6,MonsterMashAlbum_13_6,Brainiac,5,3,false,false,0,
monster-mash/sample-album,1,SAMPLE-GUIDE-F3,Ghostly Guide,1789952028243,MonsterMashAlbum,MonsterMashAlbum,MonsterMashAlbum.13,The Zombie,12,MonsterMashAlbum.13.7,MonsterMashAlbum_13_7,One Man's Trash,6,4,false,false,0,
monster-mash/sample-album,1,SAMPLE-GUIDE-F3,Ghostly Guide,1789952028243,MonsterMashAlbum,MonsterMashAlbum,MonsterMashAlbum.13,The Zombie,12,MonsterMashAlbum.13.8,MonsterMashAlbum_13_8,Fresh to Death,7,4,false,false,0,
monster-mash/sample-album,1,SAMPLE-GUIDE-F3,Ghostly Guide,1789952028243,MonsterMashAlbum,MonsterMashAlbum,MonsterMashAlbum.13,The Zombie,12,MonsterMashAlbum.13.9,MonsterMashAlbum_13_9,Bashful Monster,8,4,true,false,0,
monster-mash/sample-album,1,SAMPLE-GUIDE-F3,Ghostly Guide,1789952028243,MonsterMashAlbum,MonsterMashAlbum,MonsterMashAlbum.14,The Ghost,13,MonsterMashAlbum.14.1,MonsterMashAlbum_14_1,Enter Godfrey,0,3,false,true,2,
monster-mash/sample-album,1,SAMPLE-GUIDE-F3,Ghostly Guide,1789952028243,MonsterMashAlbum,MonsterMashAlbum,MonsterMashAlbum.14,The Ghost,13,MonsterMashAlbum.14.2,MonsterMashAlbum_14_2,King of Swing,1,3,false,false,0,
monster-mash/sample-album,1,SAMPLE-GUIDE-F3,Ghostly Guide,1789952028243,MonsterMashAlbum,MonsterMashAlbum,MonsterMashAlbum.14,The Ghost,13,MonsterMashAlbum.14.3,MonsterMashAlbum_14_3,Sing Along,2,3,false,false,0,
monster-mash/sample-album,1,SAMPLE-GUIDE-F3,Ghostly Guide,1789952028243,MonsterMashAlbum,MonsterMashAlbum,MonsterMashAlbum.14,The Ghost,13,MonsterMashAlbum.14.4,MonsterMashAlbum_14_4,Creepy Cameo,3,3,false,false,0,
monster-mash/sample-album,1,SAMPLE-GUIDE-F3,Ghostly Guide,1789952028243,MonsterMashAlbum,MonsterMashAlbum,MonsterMashAlbum.14,The Ghost,13,MonsterMashAlbum.14.5,MonsterMashAlbum_14_5,Fridge Raider,4,3,false,false,0,
monster-mash/sample-album,1,SAMPLE-GUIDE-F3,Ghostly Guide,1789952028243,MonsterMashAlbum,MonsterMashAlbum,MonsterMashAlbum.14,The Ghost,13,MonsterMashAlbum.14.6,MonsterMashAlbum_14_6,Chilling,5,4,false,false,0,
monster-mash/sample-album,1,SAMPLE-GUIDE-F3,Ghostly Guide,1789952028243,MonsterMashAlbum,MonsterMashAlbum,MonsterMashAlbum.14,The Ghost,13,MonsterMashAlbum.14.7,MonsterMashAlbum_14_7,Clear Reading,6,4,false,false,0,
monster-mash/sample-album,1,SAMPLE-GUIDE-F3,Ghostly Guide,1789952028243,MonsterMashAlbum,MonsterMashAlbum,MonsterMashAlbum.14,The Ghost,13,MonsterMashAlbum.14.8,MonsterMashAlbum_14_8,Fudged,7,4,true,false,0,
monster-mash/sample-album,1,SAMPLE-GUIDE-F3,Ghostly Guide,1789952028243,MonsterMashAlbum,MonsterMashAlbum,MonsterMashAlbum.14,The Ghost,13,MonsterMashAlbum.14.9,MonsterMashAlbum_14_9,Thrown Off,8,5,false,false,0,
monster-mash/sample-album,1,SAMPLE-GUIDE-F3,Ghostly Guide,1789952028243,MonsterMashAlbum,MonsterMashAlbum,MonsterMashAlbum.15,The Witch,14,MonsterMashAlbum.15.1,MonsterMashAlbum_15_1,Enter Hexie,0,3,false,false,0,
monster-mash/sample-album,1,SAMPLE-GUIDE-F3,Ghostly Guide,1789952028243,MonsterMashAlbum,MonsterMashAlbum,MonsterMashAlbum.15,The Witch,14,MonsterMashAlbum.15.2,MonsterMashAlbum_15_2,Familiar Face,1,3,false,false,0,
monster-mash/sample-album,1,SAMPLE-GUIDE-F3,Ghostly Guide,1789952028243,MonsterMashAlbum,MonsterMashAlbum,MonsterMashAlbum.15,The Witch,14,MonsterMashAlbum.15.3,MonsterMashAlbum_15_3,Miss Spelled,2,3,false,false,0,
monster-mash/sample-album,1,SAMPLE-GUIDE-F3,Ghostly Guide,1789952028243,MonsterMashAlbum,MonsterMashAlbum,MonsterMashAlbum.15,The Witch,14,MonsterMashAlbum.15.4,MonsterMashAlbum_15_4,At Your Service,3,4,false,false,0,
monster-mash/sample-album,1,SAMPLE-GUIDE-F3,Ghostly Guide,1789952028243,MonsterMashAlbum,MonsterMashAlbum,MonsterMashAlbum.15,The Witch,14,MonsterMashAlbum.15.5,MonsterMashAlbum_15_5,Monstrous Mix-Ins,4,4,false,false,0,
monster-mash/sample-album,1,SAMPLE-GUIDE-F3,Ghostly Guide,1789952028243,MonsterMashAlbum,MonsterMashAlbum,MonsterMashAlbum.15,The Witch,14,MonsterMashAlbum.15.6,MonsterMashAlbum_15_6,Hat Trick,5,4,false,false,0,
monster-mash/sample-album,1,SAMPLE-GUIDE-F3,Ghostly Guide,1789952028243,MonsterMashAlbum,MonsterMashAlbum,MonsterMashAlbum.15,The Witch,14,MonsterMashAlbum.15.7,MonsterMashAlbum_15_7,Buckle Up,6,4,true,false,0,
monster-mash/sample-album,1,SAMPLE-GUIDE-F3,Ghostly Guide,1789952028243,MonsterMashAlbum,MonsterMashAlbum,MonsterMashAlbum.15,The Witch,14,MonsterMashAlbum.15.8,MonsterMashAlbum_15_8,Witching Hour,7,5,false,false,0,
monster-mash/sample-album,1,SAMPLE-GUIDE-F3,Ghostly Guide,1789952028243,MonsterMashAlbum,MonsterMashAlbum,MonsterMashAlbum.15,The Witch,14,MonsterMashAlbum.15.9,MonsterMashAlbum_15_9,Stir Crazy,8,5,false,false,0,
monster-mash/sample-album,1,SAMPLE-GUIDE-F3,Ghostly Guide,1789952028243,MonsterMashAlbum,MonsterMashAlbum,MonsterMashAlbum.16,Ghastly Garage,15,MonsterMashAlbum.16.1,MonsterMashAlbum_16_1,The Lock-Up,0,3,false,true,1,
monster-mash/sample-album,1,SAMPLE-GUIDE-F3,Ghostly Guide,1789952028243,MonsterMashAlbum,MonsterMashAlbum,MonsterMashAlbum.16,Ghastly Garage,15,MonsterMashAlbum.16.2,MonsterMashAlbum_16_2,Stay Golden,1,3,false,false,0,
monster-mash/sample-album,1,SAMPLE-GUIDE-F3,Ghostly Guide,1789952028243,MonsterMashAlbum,MonsterMashAlbum,MonsterMashAlbum.16,Ghastly Garage,15,MonsterMashAlbum.16.3,MonsterMashAlbum_16_3,Wolfie Wagon,2,4,false,false,0,
monster-mash/sample-album,1,SAMPLE-GUIDE-F3,Ghostly Guide,1789952028243,MonsterMashAlbum,MonsterMashAlbum,MonsterMashAlbum.16,Ghastly Garage,15,MonsterMashAlbum.16.4,MonsterMashAlbum_16_4,Rags' Roadster,3,4,false,false,0,
monster-mash/sample-album,1,SAMPLE-GUIDE-F3,Ghostly Guide,1789952028243,MonsterMashAlbum,MonsterMashAlbum,MonsterMashAlbum.16,Ghastly Garage,15,MonsterMashAlbum.16.5,MonsterMashAlbum_16_5,Long-Term Parking,4,4,false,false,0,
monster-mash/sample-album,1,SAMPLE-GUIDE-F3,Ghostly Guide,1789952028243,MonsterMashAlbum,MonsterMashAlbum,MonsterMashAlbum.16,Ghastly Garage,15,MonsterMashAlbum.16.6,MonsterMashAlbum_16_6,Franken-Coach,5,4,false,false,0,
monster-mash/sample-album,1,SAMPLE-GUIDE-F3,Ghostly Guide,1789952028243,MonsterMashAlbum,MonsterMashAlbum,MonsterMashAlbum.16,Ghastly Garage,15,MonsterMashAlbum.16.7,MonsterMashAlbum_16_7,High Beams,6,4,true,false,0,
monster-mash/sample-album,1,SAMPLE-GUIDE-F3,Ghostly Guide,1789952028243,MonsterMashAlbum,MonsterMashAlbum,MonsterMashAlbum.16,Ghastly Garage,15,MonsterMashAlbum.16.8,MonsterMashAlbum_16_8,Drac's Dragster,7,5,false,false,0,
monster-mash/sample-album,1,SAMPLE-GUIDE-F3,Ghostly Guide,1789952028243,MonsterMashAlbum,MonsterMashAlbum,MonsterMashAlbum.16,Ghastly Garage,15,MonsterMashAlbum.16.9,MonsterMashAlbum_16_9,Ecto-1,8,5,true,false,0,
monster-mash/sample-album,1,SAMPLE-GUIDE-F3,Ghostly Guide,1789952028243,MonsterMashAlbum,MonsterMashAlbum,MonsterMashAlbum.17,Boogie Bash,16,MonsterMashAlbum.17.1,MonsterMashAlbum_17_1,DJ Spinner,0,4,false,false,0,
monster-mash/sample-album,1,SAMPLE-GUIDE-F3,Ghostly Guide,1789952028243,MonsterMashAlbum,MonsterMashAlbum,MonsterMashAlbum.17,Boogie Bash,16,MonsterMashAlbum.17.2,MonsterMashAlbum_17_2,Dance Idols,1,4,false,false,0,
monster-mash/sample-album,1,SAMPLE-GUIDE-F3,Ghostly Guide,1789952028243,MonsterMashAlbum,MonsterMashAlbum,MonsterMashAlbum.17,Boogie Bash,16,MonsterMashAlbum.17.3,MonsterMashAlbum_17_3,Do The Worm,2,4,false,false,0,
monster-mash/sample-album,1,SAMPLE-GUIDE-F3,Ghostly Guide,1789952028243,MonsterMashAlbum,MonsterMashAlbum,MonsterMashAlbum.17,Boogie Bash,16,MonsterMashAlbum.17.4,MonsterMashAlbum_17_4,Shredding,3,4,false,false,0,
monster-mash/sample-album,1,SAMPLE-GUIDE-F3,Ghostly Guide,1789952028243,MonsterMashAlbum,MonsterMashAlbum,MonsterMashAlbum.17,Boogie Bash,16,MonsterMashAlbum.17.5,MonsterMashAlbum_17_5,Electric BOO-galoo,4,4,true,false,0,
monster-mash/sample-album,1,SAMPLE-GUIDE-F3,Ghostly Guide,1789952028243,MonsterMashAlbum,MonsterMashAlbum,MonsterMashAlbum.17,Boogie Bash,16,MonsterMashAlbum.17.6,MonsterMashAlbum_17_6,Wall Flowers,5,4,true,false,0,
monster-mash/sample-album,1,SAMPLE-GUIDE-F3,Ghostly Guide,1789952028243,MonsterMashAlbum,MonsterMashAlbum,MonsterMashAlbum.17,Boogie Bash,16,MonsterMashAlbum.17.7,MonsterMashAlbum_17_7,Punchline,6,5,false,false,0,
monster-mash/sample-album,1,SAMPLE-GUIDE-F3,Ghostly Guide,1789952028243,MonsterMashAlbum,MonsterMashAlbum,MonsterMashAlbum.17,Boogie Bash,16,MonsterMashAlbum.17.8,MonsterMashAlbum_17_8,To Be Free,7,5,true,false,0,
monster-mash/sample-album,1,SAMPLE-GUIDE-F3,Ghostly Guide,1789952028243,MonsterMashAlbum,MonsterMashAlbum,MonsterMashAlbum.17,Boogie Bash,16,MonsterMashAlbum.17.9,MonsterMashAlbum_17_9,Monster Mosh,8,6,false,false,0,
monster-mash/sample-album,1,SAMPLE-GUIDE-F3,Ghostly Guide,1789952028243,MonsterMashAlbum,MonsterMashAlbum,MonsterMashAlbum.18,The Attic,17,MonsterMashAlbum.18.1,MonsterMashAlbum_18_1,Up the Hatch,0,4,false,false,0,
monster-mash/sample-album,1,SAMPLE-GUIDE-F3,Ghostly Guide,1789952028243,MonsterMashAlbum,MonsterMashAlbum,MonsterMashAlbum.18,The Attic,17,MonsterMashAlbum.18.2,MonsterMashAlbum_18_2,Derpy Statue,1,4,false,false,0,
monster-mash/sample-album,1,SAMPLE-GUIDE-F3,Ghostly Guide,1789952028243,MonsterMashAlbum,MonsterMashAlbum,MonsterMashAlbum.18,The Attic,17,MonsterMashAlbum.18.3,MonsterMashAlbum_18_3,Ghostly Glow,2,4,false,false,0,
monster-mash/sample-album,1,SAMPLE-GUIDE-F3,Ghostly Guide,1789952028243,MonsterMashAlbum,MonsterMashAlbum,MonsterMashAlbum.18,The Attic,17,MonsterMashAlbum.18.4,MonsterMashAlbum_18_4,Be a Doll,3,4,true,false,0,
monster-mash/sample-album,1,SAMPLE-GUIDE-F3,Ghostly Guide,1789952028243,MonsterMashAlbum,MonsterMashAlbum,MonsterMashAlbum.18,The Attic,17,MonsterMashAlbum.18.5,MonsterMashAlbum_18_5,Mr. Mannequin,4,4,true,false,0,
monster-mash/sample-album,1,SAMPLE-GUIDE-F3,Ghostly Guide,1789952028243,MonsterMashAlbum,MonsterMashAlbum,MonsterMashAlbum.18,The Attic,17,MonsterMashAlbum.18.6,MonsterMashAlbum_18_6,Miss Mary,5,5,false,false,0,
monster-mash/sample-album,1,SAMPLE-GUIDE-F3,Ghostly Guide,1789952028243,MonsterMashAlbum,MonsterMashAlbum,MonsterMashAlbum.18,The Attic,17,MonsterMashAlbum.18.7,MonsterMashAlbum_18_7,Hats Off to Ya,6,5,false,false,0,
monster-mash/sample-album,1,SAMPLE-GUIDE-F3,Ghostly Guide,1789952028243,MonsterMashAlbum,MonsterMashAlbum,MonsterMashAlbum.18,The Attic,17,MonsterMashAlbum.18.8,MonsterMashAlbum_18_8,The Watcher,7,5,true,false,0,
monster-mash/sample-album,1,SAMPLE-GUIDE-F3,Ghostly Guide,1789952028243,MonsterMashAlbum,MonsterMashAlbum,MonsterMashAlbum.18,The Attic,17,MonsterMashAlbum.18.9,MonsterMashAlbum_18_9,Tea Time,8,6,false,false,0,
monster-mash/sample-album,1,SAMPLE-GUIDE-F3,Ghostly Guide,1789952028243,MonsterMashAlbum,MonsterMashAlbum,MonsterMashAlbum.19,Trick Or Treat,18,MonsterMashAlbum.19.1,MonsterMashAlbum_19_1,Hit the Streets,0,4,false,false,0,
monster-mash/sample-album,1,SAMPLE-GUIDE-F3,Ghostly Guide,1789952028243,MonsterMashAlbum,MonsterMashAlbum,MonsterMashAlbum.19,Trick Or Treat,18,MonsterMashAlbum.19.2,MonsterMashAlbum_19_2,Sweet!,1,4,false,false,0,
monster-mash/sample-album,1,SAMPLE-GUIDE-F3,Ghostly Guide,1789952028243,MonsterMashAlbum,MonsterMashAlbum,MonsterMashAlbum.19,Trick Or Treat,18,MonsterMashAlbum.19.3,MonsterMashAlbum_19_3,Chief Suspect,2,4,true,false,0,
monster-mash/sample-album,1,SAMPLE-GUIDE-F3,Ghostly Guide,1789952028243,MonsterMashAlbum,MonsterMashAlbum,MonsterMashAlbum.19,Trick Or Treat,18,MonsterMashAlbum.19.4,MonsterMashAlbum_19_4,Seen a Ghost?,3,4,true,false,0,
monster-mash/sample-album,1,SAMPLE-GUIDE-F3,Ghostly Guide,1789952028243,MonsterMashAlbum,MonsterMashAlbum,MonsterMashAlbum.19,Trick Or Treat,18,MonsterMashAlbum.19.5,MonsterMashAlbum_19_5,Snack Run,4,5,false,false,0,
monster-mash/sample-album,1,SAMPLE-GUIDE-F3,Ghostly Guide,1789952028243,MonsterMashAlbum,MonsterMashAlbum,MonsterMashAlbum.19,Trick Or Treat,18,MonsterMashAlbum.19.6,MonsterMashAlbum_19_6,Adorned,5,5,false,false,0,
monster-mash/sample-album,1,SAMPLE-GUIDE-F3,Ghostly Guide,1789952028243,MonsterMashAlbum,MonsterMashAlbum,MonsterMashAlbum.19,Trick Or Treat,18,MonsterMashAlbum.19.7,MonsterMashAlbum_19_7,Triple Treat,6,5,true,false,0,
monster-mash/sample-album,1,SAMPLE-GUIDE-F3,Ghostly Guide,1789952028243,MonsterMashAlbum,MonsterMashAlbum,MonsterMashAlbum.19,Trick Or Treat,18,MonsterMashAlbum.19.8,MonsterMashAlbum_19_8,Fit Check,7,5,true,false,0,
monster-mash/sample-album,1,SAMPLE-GUIDE-F3,Ghostly Guide,1789952028243,MonsterMashAlbum,MonsterMashAlbum,MonsterMashAlbum.19,Trick Or Treat,18,MonsterMashAlbum.19.9,MonsterMashAlbum_19_9,All Haul-O's Eve,8,6,false,false,0,
monster-mash/sample-album,1,SAMPLE-GUIDE-F3,Ghostly Guide,1789952028243,MonsterMashAlbum,MonsterMashAlbum,MonsterMashAlbum.20,Frankie Fun,19,MonsterMashAlbum.20.1,MonsterMashAlbum_20_1,Enter Frankie,0,4,false,true,1,
monster-mash/sample-album,1,SAMPLE-GUIDE-F3,Ghostly Guide,1789952028243,MonsterMashAlbum,MonsterMashAlbum,MonsterMashAlbum.20,Frankie Fun,19,MonsterMashAlbum.20.2,MonsterMashAlbum_20_2,Compact,1,4,true,false,0,
monster-mash/sample-album,1,SAMPLE-GUIDE-F3,Ghostly Guide,1789952028243,MonsterMashAlbum,MonsterMashAlbum,MonsterMashAlbum.20,Frankie Fun,19,MonsterMashAlbum.20.3,MonsterMashAlbum_20_3,Body Builder,2,4,true,false,0,
monster-mash/sample-album,1,SAMPLE-GUIDE-F3,Ghostly Guide,1789952028243,MonsterMashAlbum,MonsterMashAlbum,MonsterMashAlbum.20,Frankie Fun,19,MonsterMashAlbum.20.4,MonsterMashAlbum_20_4,Unstoppable,3,5,false,false,0,
monster-mash/sample-album,1,SAMPLE-GUIDE-F3,Ghostly Guide,1789952028243,MonsterMashAlbum,MonsterMashAlbum,MonsterMashAlbum.20,Frankie Fun,19,MonsterMashAlbum.20.5,MonsterMashAlbum_20_5,Key To Happiness,4,5,false,false,0,
monster-mash/sample-album,1,SAMPLE-GUIDE-F3,Ghostly Guide,1789952028243,MonsterMashAlbum,MonsterMashAlbum,MonsterMashAlbum.20,Frankie Fun,19,MonsterMashAlbum.20.6,MonsterMashAlbum_20_6,Like a Glove,5,5,false,false,0,
monster-mash/sample-album,1,SAMPLE-GUIDE-F3,Ghostly Guide,1789952028243,MonsterMashAlbum,MonsterMashAlbum,MonsterMashAlbum.20,Frankie Fun,19,MonsterMashAlbum.20.7,MonsterMashAlbum_20_7,The Groom,6,5,true,false,0,
monster-mash/sample-album,1,SAMPLE-GUIDE-F3,Ghostly Guide,1789952028243,MonsterMashAlbum,MonsterMashAlbum,MonsterMashAlbum.20,Frankie Fun,19,MonsterMashAlbum.20.8,MonsterMashAlbum_20_8,Self Made Man,7,5,true,false,0,
monster-mash/sample-album,1,SAMPLE-GUIDE-F3,Ghostly Guide,1789952028243,MonsterMashAlbum,MonsterMashAlbum,MonsterMashAlbum.20,Frankie Fun,19,MonsterMashAlbum.20.9,MonsterMashAlbum_20_9,Supportive,8,6,false,false,0,
monster-mash/sample-album,1,SAMPLE-GUIDE-F3,Ghostly Guide,1789952028243,MonsterMashAlbum,MonsterMashAlbum,MonsterMashAlbum.21,Who You Gonna Call?,20,MonsterMashAlbum.21.1,MonsterMashAlbum_21_1,Shh!,0,4,false,false,0,
monster-mash/sample-album,1,SAMPLE-GUIDE-F3,Ghostly Guide,1789952028243,MonsterMashAlbum,MonsterMashAlbum,MonsterMashAlbum.21,Who You Gonna Call?,20,MonsterMashAlbum.21.2,MonsterMashAlbum_21_2,Off the Charts,1,4,true,false,0,
monster-mash/sample-album,1,SAMPLE-GUIDE-F3,Ghostly Guide,1789952028243,MonsterMashAlbum,MonsterMashAlbum,MonsterMashAlbum.21,Who You Gonna Call?,20,MonsterMashAlbum.21.3,MonsterMashAlbum_21_3,The Pole Works!,2,4,true,false,0,
monster-mash/sample-album,1,SAMPLE-GUIDE-F3,Ghostly Guide,1789952028243,MonsterMashAlbum,MonsterMashAlbum,MonsterMashAlbum.21,Who You Gonna Call?,20,MonsterMashAlbum.21.4,MonsterMashAlbum_21_4,Goo Crew,3,5,false,false,0,
monster-mash/sample-album,1,SAMPLE-GUIDE-F3,Ghostly Guide,1789952028243,MonsterMashAlbum,MonsterMashAlbum,MonsterMashAlbum.21,Who You Gonna Call?,20,MonsterMashAlbum.21.5,MonsterMashAlbum_21_5,We Have the Tools,4,5,false,false,0,
monster-mash/sample-album,1,SAMPLE-GUIDE-F3,Ghostly Guide,1789952028243,MonsterMashAlbum,MonsterMashAlbum,MonsterMashAlbum.21,Who You Gonna Call?,20,MonsterMashAlbum.21.6,MonsterMashAlbum_21_6,Terrace Terror,5,5,true,false,0,
monster-mash/sample-album,1,SAMPLE-GUIDE-F3,Ghostly Guide,1789952028243,MonsterMashAlbum,MonsterMashAlbum,MonsterMashAlbum.21,Who You Gonna Call?,20,MonsterMashAlbum.21.7,MonsterMashAlbum_21_7,S'more Heat,6,5,true,false,0,
monster-mash/sample-album,1,SAMPLE-GUIDE-F3,Ghostly Guide,1789952028243,MonsterMashAlbum,MonsterMashAlbum,MonsterMashAlbum.21,Who You Gonna Call?,20,MonsterMashAlbum.21.8,MonsterMashAlbum_21_8,I Love This Town!,7,5,true,false,0,
monster-mash/sample-album,1,SAMPLE-GUIDE-F3,Ghostly Guide,1789952028243,MonsterMashAlbum,MonsterMashAlbum,MonsterMashAlbum.21,Who You Gonna Call?,20,MonsterMashAlbum.21.9,MonsterMashAlbum_21_9,Big Town Heroes,8,6,false,false,0,
monster-mash/sample-album,1,SAMPLE-GUIDE-F3,Ghostly Guide,1789952028243,MonsterMashAlbum,MonsterMashAlbum,MonsterMashAlbum.22,Demons & Hunters,21,MonsterMashAlbum.22.1,MonsterMashAlbum_22_1,How It's Done,0,4,true,false,0,
monster-mash/sample-album,1,SAMPLE-GUIDE-F3,Ghostly Guide,1789952028243,MonsterMashAlbum,MonsterMashAlbum,MonsterMashAlbum.22,Demons & Hunters,21,MonsterMashAlbum.22.2,MonsterMashAlbum_22_2,Golden,1,4,true,false,0,
monster-mash/sample-album,1,SAMPLE-GUIDE-F3,Ghostly Guide,1789952028243,MonsterMashAlbum,MonsterMashAlbum,MonsterMashAlbum.22,Demons & Hunters,21,MonsterMashAlbum.22.3,MonsterMashAlbum_22_3,Newcomers,2,5,false,false,0,
monster-mash/sample-album,1,SAMPLE-GUIDE-F3,Ghostly Guide,1789952028243,MonsterMashAlbum,MonsterMashAlbum,MonsterMashAlbum.22,Demons & Hunters,21,MonsterMashAlbum.22.4,MonsterMashAlbum_22_4,Easy on the Eyes,3,5,false,false,0,
monster-mash/sample-album,1,SAMPLE-GUIDE-F3,Ghostly Guide,1789952028243,MonsterMashAlbum,MonsterMashAlbum,MonsterMashAlbum.22,Demons & Hunters,21,MonsterMashAlbum.22.5,MonsterMashAlbum_22_5,Soda Pop,4,5,true,false,0,
monster-mash/sample-album,1,SAMPLE-GUIDE-F3,Ghostly Guide,1789952028243,MonsterMashAlbum,MonsterMashAlbum,MonsterMashAlbum.22,Demons & Hunters,21,MonsterMashAlbum.22.6,MonsterMashAlbum_22_6,"Hello, Friend",5,5,true,false,0,
monster-mash/sample-album,1,SAMPLE-GUIDE-F3,Ghostly Guide,1789952028243,MonsterMashAlbum,MonsterMashAlbum,MonsterMashAlbum.22,Demons & Hunters,21,MonsterMashAlbum.22.7,MonsterMashAlbum_22_7,Torn,6,5,true,false,0,
monster-mash/sample-album,1,SAMPLE-GUIDE-F3,Ghostly Guide,1789952028243,MonsterMashAlbum,MonsterMashAlbum,MonsterMashAlbum.22,Demons & Hunters,21,MonsterMashAlbum.22.8,MonsterMashAlbum_22_8,Voices Strong,7,5,true,false,0,
monster-mash/sample-album,1,SAMPLE-GUIDE-F3,Ghostly Guide,1789952028243,MonsterMashAlbum,MonsterMashAlbum,MonsterMashAlbum.22,Demons & Hunters,21,MonsterMashAlbum.22.9,MonsterMashAlbum_22_9,Cough! Cough! Cough!,8,6,false,false,0,
monster-mash/sample-album,1,SAMPLE-WITCH-F4,Witching Hour,1789949808243,MonsterMashAlbum,MonsterMashAlbum,MonsterMashAlbum.1,Community Gallery,0,MonsterMashAlbum.1.1,MonsterMashAlbum_1_1,Woodland Whispers,0,1,false,true,1,
monster-mash/sample-album,1,SAMPLE-WITCH-F4,Witching Hour,1789949808243,MonsterMashAlbum,MonsterMashAlbum,MonsterMashAlbum.1,Community Gallery,0,MonsterMashAlbum.1.2,MonsterMashAlbum_1_2,Kute Krampus,1,1,false,true,2,
monster-mash/sample-album,1,SAMPLE-WITCH-F4,Witching Hour,1789949808243,MonsterMashAlbum,MonsterMashAlbum,MonsterMashAlbum.1,Community Gallery,0,MonsterMashAlbum.1.3,MonsterMashAlbum_1_3,Gentlewulf,2,1,false,true,1,
monster-mash/sample-album,1,SAMPLE-WITCH-F4,Witching Hour,1789949808243,MonsterMashAlbum,MonsterMashAlbum,MonsterMashAlbum.1,Community Gallery,0,MonsterMashAlbum.1.4,MonsterMashAlbum_1_4,Patchwork,3,1,false,true,2,
monster-mash/sample-album,1,SAMPLE-WITCH-F4,Witching Hour,1789949808243,MonsterMashAlbum,MonsterMashAlbum,MonsterMashAlbum.1,Community Gallery,0,MonsterMashAlbum.1.5,MonsterMashAlbum_1_5,Neck of the Woods,4,1,false,true,1,
monster-mash/sample-album,1,SAMPLE-WITCH-F4,Witching Hour,1789949808243,MonsterMashAlbum,MonsterMashAlbum,MonsterMashAlbum.1,Community Gallery,0,MonsterMashAlbum.1.6,MonsterMashAlbum_1_6,Glam-O-Crow,5,1,false,true,1,
monster-mash/sample-album,1,SAMPLE-WITCH-F4,Witching Hour,1789949808243,MonsterMashAlbum,MonsterMashAlbum,MonsterMashAlbum.1,Community Gallery,0,MonsterMashAlbum.1.7,MonsterMashAlbum_1_7,Harlequin Queen,6,1,false,true,1,
monster-mash/sample-album,1,SAMPLE-WITCH-F4,Witching Hour,1789949808243,MonsterMashAlbum,MonsterMashAlbum,MonsterMashAlbum.1,Community Gallery,0,MonsterMashAlbum.1.8,MonsterMashAlbum_1_8,Screaming Clown,7,1,false,true,6,
monster-mash/sample-album,1,SAMPLE-WITCH-F4,Witching Hour,1789949808243,MonsterMashAlbum,MonsterMashAlbum,MonsterMashAlbum.1,Community Gallery,0,MonsterMashAlbum.1.9,MonsterMashAlbum_1_9,Just a Zombie,8,1,false,true,1,
monster-mash/sample-album,1,SAMPLE-WITCH-F4,Witching Hour,1789949808243,MonsterMashAlbum,MonsterMashAlbum,MonsterMashAlbum.2,Welcome To The Mansion,1,MonsterMashAlbum.2.1,MonsterMashAlbum_2_1,Mystery Mansion,0,1,false,true,1,
monster-mash/sample-album,1,SAMPLE-WITCH-F4,Witching Hour,1789949808243,MonsterMashAlbum,MonsterMashAlbum,MonsterMashAlbum.2,Welcome To The Mansion,1,MonsterMashAlbum.2.2,MonsterMashAlbum_2_2,At The Gates,1,1,false,true,3,
monster-mash/sample-album,1,SAMPLE-WITCH-F4,Witching Hour,1789949808243,MonsterMashAlbum,MonsterMashAlbum,MonsterMashAlbum.2,Welcome To The Mansion,1,MonsterMashAlbum.2.3,MonsterMashAlbum_2_3,Master Key,2,1,false,true,3,
monster-mash/sample-album,1,SAMPLE-WITCH-F4,Witching Hour,1789949808243,MonsterMashAlbum,MonsterMashAlbum,MonsterMashAlbum.2,Welcome To The Mansion,1,MonsterMashAlbum.2.4,MonsterMashAlbum_2_4,The Other Side,3,1,false,true,3,
monster-mash/sample-album,1,SAMPLE-WITCH-F4,Witching Hour,1789949808243,MonsterMashAlbum,MonsterMashAlbum,MonsterMashAlbum.2,Welcome To The Mansion,1,MonsterMashAlbum.2.5,MonsterMashAlbum_2_5,Hall O' Frame,4,1,false,true,1,
monster-mash/sample-album,1,SAMPLE-WITCH-F4,Witching Hour,1789949808243,MonsterMashAlbum,MonsterMashAlbum,MonsterMashAlbum.2,Welcome To The Mansion,1,MonsterMashAlbum.2.6,MonsterMashAlbum_2_6,House Call,5,1,false,true,1,
monster-mash/sample-album,1,SAMPLE-WITCH-F4,Witching Hour,1789949808243,MonsterMashAlbum,MonsterMashAlbum,MonsterMashAlbum.2,Welcome To The Mansion,1,MonsterMashAlbum.2.7,MonsterMashAlbum_2_7,HUNTR/X,6,1,false,true,2,
monster-mash/sample-album,1,SAMPLE-WITCH-F4,Witching Hour,1789949808243,MonsterMashAlbum,MonsterMashAlbum,MonsterMashAlbum.2,Welcome To The Mansion,1,MonsterMashAlbum.2.8,MonsterMashAlbum_2_8,Ghostly Guide,7,1,false,true,2,
monster-mash/sample-album,1,SAMPLE-WITCH-F4,Witching Hour,1789949808243,MonsterMashAlbum,MonsterMashAlbum,MonsterMashAlbum.2,Welcome To The Mansion,1,MonsterMashAlbum.2.9,MonsterMashAlbum_2_9,Places Unknown,8,1,false,true,3,
monster-mash/sample-album,1,SAMPLE-WITCH-F4,Witching Hour,1789949808243,MonsterMashAlbum,MonsterMashAlbum,MonsterMashAlbum.3,Dracula,2,MonsterMashAlbum.3.1,MonsterMashAlbum_3_1,Enter Dracula,0,1,false,true,2,
monster-mash/sample-album,1,SAMPLE-WITCH-F4,Witching Hour,1789949808243,MonsterMashAlbum,MonsterMashAlbum,MonsterMashAlbum.3,Dracula,2,MonsterMashAlbum.3.2,MonsterMashAlbum_3_2,On Reflection,1,1,false,true,1,
monster-mash/sample-album,1,SAMPLE-WITCH-F4,Witching Hour,1789949808243,MonsterMashAlbum,MonsterMashAlbum,MonsterMashAlbum.3,Dracula,2,MonsterMashAlbum.3.3,MonsterMashAlbum_3_3,Long in the Tooth,2,1,false,true,1,
monster-mash/sample-album,1,SAMPLE-WITCH-F4,Witching Hour,1789949808243,MonsterMashAlbum,MonsterMashAlbum,MonsterMashAlbum.3,Dracula,2,MonsterMashAlbum.3.4,MonsterMashAlbum_3_4,Day in the Sun,3,1,false,true,1,
monster-mash/sample-album,1,SAMPLE-WITCH-F4,Witching Hour,1789949808243,MonsterMashAlbum,MonsterMashAlbum,MonsterMashAlbum.3,Dracula,2,MonsterMashAlbum.3.5,MonsterMashAlbum_3_5,Down for the Count,4,1,false,true,3,
monster-mash/sample-album,1,SAMPLE-WITCH-F4,Witching Hour,1789949808243,MonsterMashAlbum,MonsterMashAlbum,MonsterMashAlbum.3,Dracula,2,MonsterMashAlbum.3.6,MonsterMashAlbum_3_6,Heart Stopper,5,1,false,true,1,
monster-mash/sample-album,1,SAMPLE-WITCH-F4,Witching Hour,1789949808243,MonsterMashAlbum,MonsterMashAlbum,MonsterMashAlbum.3,Dracula,2,MonsterMashAlbum.3.7,MonsterMashAlbum_3_7,Cloak Conundrum,6,2,false,true,2,
monster-mash/sample-album,1,SAMPLE-WITCH-F4,Witching Hour,1789949808243,MonsterMashAlbum,MonsterMashAlbum,MonsterMashAlbum.3,Dracula,2,MonsterMashAlbum.3.8,MonsterMashAlbum_3_8,Prince of Darkness,7,2,false,true,5,
monster-mash/sample-album,1,SAMPLE-WITCH-F4,Witching Hour,1789949808243,MonsterMashAlbum,MonsterMashAlbum,MonsterMashAlbum.3,Dracula,2,MonsterMashAlbum.3.9,MonsterMashAlbum_3_9,Disco Drac,8,2,false,true,2,
monster-mash/sample-album,1,SAMPLE-WITCH-F4,Witching Hour,1789949808243,MonsterMashAlbum,MonsterMashAlbum,MonsterMashAlbum.4,Lurid Labs,3,MonsterMashAlbum.4.1,MonsterMashAlbum_4_1,The Laboratory,0,1,false,true,1,
monster-mash/sample-album,1,SAMPLE-WITCH-F4,Witching Hour,1789949808243,MonsterMashAlbum,MonsterMashAlbum,MonsterMashAlbum.4,Lurid Labs,3,MonsterMashAlbum.4.2,MonsterMashAlbum_4_2,Flip the Switch,1,1,false,true,1,
monster-mash/sample-album,1,SAMPLE-WITCH-F4,Witching Hour,1789949808243,MonsterMashAlbum,MonsterMashAlbum,MonsterMashAlbum.4,Lurid Labs,3,MonsterMashAlbum.4.3,MonsterMashAlbum_4_3,Pet Project,2,1,false,true,1,
monster-mash/sample-album,1,SAMPLE-WITCH-F4,Witching Hour,1789949808243,MonsterMashAlbum,MonsterMashAlbum,MonsterMashAlbum.4,Lurid Labs,3,MonsterMashAlbum.4.4,MonsterMashAlbum_4_4,Jealousy & Pride,3,2,false,true,1,
monster-mash/sample-album,1,SAMPLE-WITCH-F4,Witching Hour,1789949808243,MonsterMashAlbum,MonsterMashAlbum,MonsterMashAlbum.4,Lurid Labs,3,MonsterMashAlbum.4.5,MonsterMashAlbum_4_5,Mad for Science,4,2,false,true,1,
monster-mash/sample-album,1,SAMPLE-WITCH-F4,Witching Hour,1789949808243,MonsterMashAlbum,MonsterMashAlbum,MonsterMashAlbum.4,Lurid Labs,3,MonsterMashAlbum.4.6,MonsterMashAlbum_4_6,The Conductor,5,2,false,true,1,
monster-mash/sample-album,1,SAMPLE-WITCH-F4,Witching Hour,1789949808243,MonsterMashAlbum,MonsterMashAlbum,MonsterMashAlbum.4,Lurid Labs,3,MonsterMashAlbum.4.7,MonsterMashAlbum_4_7,Ghost Trap,6,2,false,true,1,
monster-mash/sample-album,1,SAMPLE-WITCH-F4,Witching Hour,1789949808243,MonsterMashAlbum,MonsterMashAlbum,MonsterMashAlbum.4,Lurid Labs,3,MonsterMashAlbum.4.8,MonsterMashAlbum_4_8,Gone Ghoul,7,2,false,true,1,
monster-mash/sample-album,1,SAMPLE-WITCH-F4,Witching Hour,1789949808243,MonsterMashAlbum,MonsterMashAlbum,MonsterMashAlbum.4,Lurid Labs,3,MonsterMashAlbum.4.9,MonsterMashAlbum_4_9,Slimed,8,2,false,true,1,
monster-mash/sample-album,1,SAMPLE-WITCH-F4,Witching Hour,1789949808243,MonsterMashAlbum,MonsterMashAlbum,MonsterMashAlbum.5,Grim Gardens,4,MonsterMashAlbum.5.1,MonsterMashAlbum_5_1,Ghouly Greens,0,2,false,true,1,
monster-mash/sample-album,1,SAMPLE-WITCH-F4,Witching Hour,1789949808243,MonsterMashAlbum,MonsterMashAlbum,MonsterMashAlbum.5,Grim Gardens,4,MonsterMashAlbum.5.2,MonsterMashAlbum_5_2,Ghost Plant,1,2,false,true,4,
monster-mash/sample-album,1,SAMPLE-WITCH-F4,Witching Hour,1789949808243,MonsterMashAlbum,MonsterMashAlbum,MonsterMashAlbum.5,Grim Gardens,4,MonsterMashAlbum.5.3,MonsterMashAlbum_5_3,Green Thumb,2,2,false,true,4,
monster-mash/sample-album,1,SAMPLE-WITCH-F4,Witching Hour,1789949808243,MonsterMashAlbum,MonsterMashAlbum,MonsterMashAlbum.5,Grim Gardens,4,MonsterMashAlbum.5.4,MonsterMashAlbum_5_4,Creeper Vine,3,2,false,true,2,
monster-mash/sample-album,1,SAMPLE-WITCH-F4,Witching Hour,1789949808243,MonsterMashAlbum,MonsterMashAlbum,MonsterMashAlbum.5,Grim Gardens,4,MonsterMashAlbum.5.5,MonsterMashAlbum_5_5,"Try, Try Again",4,2,false,true,2,
monster-mash/sample-album,1,SAMPLE-WITCH-F4,Witching Hour,1789949808243,MonsterMashAlbum,MonsterMashAlbum,MonsterMashAlbum.5,Grim Gardens,4,MonsterMashAlbum.5.6,MonsterMashAlbum_5_6,Botanical Bogey,5,2,false,true,1,
monster-mash/sample-album,1,SAMPLE-WITCH-F4,Witching Hour,1789949808243,MonsterMashAlbum,MonsterMashAlbum,MonsterMashAlbum.5,Grim Gardens,4,MonsterMashAlbum.5.7,MonsterMashAlbum_5_7,Heady Choices,6,2,false,true,2,
monster-mash/sample-album,1,SAMPLE-WITCH-F4,Witching Hour,1789949808243,MonsterMashAlbum,MonsterMashAlbum,MonsterMashAlbum.5,Grim Gardens,4,MonsterMashAlbum.5.8,MonsterMashAlbum_5_8,Dirt Nap,7,2,false,true,3,
monster-mash/sample-album,1,SAMPLE-WITCH-F4,Witching Hour,1789949808243,MonsterMashAlbum,MonsterMashAlbum,MonsterMashAlbum.5,Grim Gardens,4,MonsterMashAlbum.5.9,MonsterMashAlbum_5_9,BOO-quet,8,2,false,true,1,
monster-mash/sample-album,1,SAMPLE-WITCH-F4,Witching Hour,1789949808243,MonsterMashAlbum,MonsterMashAlbum,MonsterMashAlbum.6,Wolfie,5,MonsterMashAlbum.6.1,MonsterMashAlbum_6_1,Enter Wolfie,0,2,false,true,1,
monster-mash/sample-album,1,SAMPLE-WITCH-F4,Witching Hour,1789949808243,MonsterMashAlbum,MonsterMashAlbum,MonsterMashAlbum.6,Wolfie,5,MonsterMashAlbum.6.2,MonsterMashAlbum_6_2,Family Pack,1,2,false,true,1,
monster-mash/sample-album,1,SAMPLE-WITCH-F4,Witching Hour,1789949808243,MonsterMashAlbum,MonsterMashAlbum,MonsterMashAlbum.6,Wolfie,5,MonsterMashAlbum.6.3,MonsterMashAlbum_6_3,Fetch!,2,2,false,true,2,
monster-mash/sample-album,1,SAMPLE-WITCH-F4,Witching Hour,1789949808243,MonsterMashAlbum,MonsterMashAlbum,MonsterMashAlbum.6,Wolfie,5,MonsterMashAlbum.6.4,MonsterMashAlbum_6_4,I Beg You,3,2,false,true,1,
monster-mash/sample-album,1,SAMPLE-WITCH-F4,Witching Hour,1789949808243,MonsterMashAlbum,MonsterMashAlbum,MonsterMashAlbum.6,Wolfie,5,MonsterMashAlbum.6.5,MonsterMashAlbum_6_5,Beast in Show,4,2,false,true,3,
monster-mash/sample-album,1,SAMPLE-WITCH-F4,Witching Hour,1789949808243,MonsterMashAlbum,MonsterMashAlbum,MonsterMashAlbum.6,Wolfie,5,MonsterMashAlbum.6.6,MonsterMashAlbum_6_6,Call of the Wild,5,2,false,true,1,
monster-mash/sample-album,1,SAMPLE-WITCH-F4,Witching Hour,1789949808243,MonsterMashAlbum,MonsterMashAlbum,MonsterMashAlbum.6,Wolfie,5,MonsterMashAlbum.6.7,MonsterMashAlbum_6_7,Fine Canines,6,2,false,true,1,
monster-mash/sample-album,1,SAMPLE-WITCH-F4,Witching Hour,1789949808243,MonsterMashAlbum,MonsterMashAlbum,MonsterMashAlbum.6,Wolfie,5,MonsterMashAlbum.6.8,MonsterMashAlbum_6_8,Howl N' Prowl,7,2,false,true,3,
monster-mash/sample-album,1,SAMPLE-WITCH-F4,Witching Hour,1789949808243,MonsterMashAlbum,MonsterMashAlbum,MonsterMashAlbum.6,Wolfie,5,MonsterMashAlbum.6.9,MonsterMashAlbum_6_9,Luna's Flea Bath,8,2,false,true,1,
monster-mash/sample-album,1,SAMPLE-WITCH-F4,Witching Hour,1789949808243,MonsterMashAlbum,MonsterMashAlbum,MonsterMashAlbum.7,Sleepless Night,6,MonsterMashAlbum.7.1,MonsterMashAlbum_7_1,Blighted Bedroom,0,2,false,true,1,
monster-mash/sample-album,1,SAMPLE-WITCH-F4,Witching Hour,1789949808243,MonsterMashAlbum,MonsterMashAlbum,MonsterMashAlbum.7,Sleepless Night,6,MonsterMashAlbum.7.2,MonsterMashAlbum_7_2,Ghost Story,1,2,false,true,1,
monster-mash/sample-album,1,SAMPLE-WITCH-F4,Witching Hour,1789949808243,MonsterMashAlbum,MonsterMashAlbum,MonsterMashAlbum.7,Sleepless Night,6,MonsterMashAlbum.7.3,MonsterMashAlbum_7_3,Clowned,2,2,false,true,6,
monster-mash/sample-album,1,SAMPLE-WITCH-F4,Witching Hour,1789949808243,MonsterMashAlbum,MonsterMashAlbum,MonsterMashAlbum.7,Sleepless Night,6,MonsterMashAlbum.7.4,MonsterMashAlbum_7_4,Demonic Disguise,3,2,false,true,4,
monster-mash/sample-album,1,SAMPLE-WITCH-F4,Witching Hour,1789949808243,MonsterMashAlbum,MonsterMashAlbum,MonsterMashAlbum.7,Sleepless Night,6,MonsterMashAlbum.7.5,MonsterMashAlbum_7_5,Going Batty,4,2,false,true,2,
monster-mash/sample-album,1,SAMPLE-WITCH-F4,Witching Hour,1789949808243,MonsterMashAlbum,MonsterMashAlbum,MonsterMashAlbum.7,Sleepless Night,6,MonsterMashAlbum.7.6,MonsterMashAlbum_7_6,Safety First,5,2,false,true,2,
monster-mash/sample-album,1,SAMPLE-WITCH-F4,Witching Hour,1789949808243,MonsterMashAlbum,MonsterMashAlbum,MonsterMashAlbum.7,Sleepless Night,6,MonsterMashAlbum.7.7,MonsterMashAlbum_7_7,Chair Raising,6,2,false,true,3,
monster-mash/sample-album,1,SAMPLE-WITCH-F4,Witching Hour,1789949808243,MonsterMashAlbum,MonsterMashAlbum,MonsterMashAlbum.7,Sleepless Night,6,MonsterMashAlbum.7.8,MonsterMashAlbum_7_8,Mystery Solved,7,3,false,true,1,
monster-mash/sample-album,1,SAMPLE-WITCH-F4,Witching Hour,1789949808243,MonsterMashAlbum,MonsterMashAlbum,MonsterMashAlbum.7,Sleepless Night,6,MonsterMashAlbum.7.9,MonsterMashAlbum_7_9,Boogey Boo!,8,3,false,true,1,
monster-mash/sample-album,1,SAMPLE-WITCH-F4,Witching Hour,1789949808243,MonsterMashAlbum,MonsterMashAlbum,MonsterMashAlbum.8,Ms. Frankenstein,7,MonsterMashAlbum.8.1,MonsterMashAlbum_8_1,Enter Undead Diva,0,2,false,true,1,
monster-mash/sample-album,1,SAMPLE-WITCH-F4,Witching Hour,1789949808243,MonsterMashAlbum,MonsterMashAlbum,MonsterMashAlbum.8,Ms. Frankenstein,7,MonsterMashAlbum.8.2,MonsterMashAlbum_8_2,Study Buddy,1,2,false,true,1,
monster-mash/sample-album,1,SAMPLE-WITCH-F4,Witching Hour,1789949808243,MonsterMashAlbum,MonsterMashAlbum,MonsterMashAlbum.8,Ms. Frankenstein,7,MonsterMashAlbum.8.3,MonsterMashAlbum_8_3,Inspiration Strikes!,2,2,false,true,1,
monster-mash/sample-album,1,SAMPLE-WITCH-F4,Witching Hour,1789949808243,MonsterMashAlbum,MonsterMashAlbum,MonsterMashAlbum.8,Ms. Frankenstein,7,MonsterMashAlbum.8.4,MonsterMashAlbum_8_4,Made for This,3,2,false,true,2,
monster-mash/sample-album,1,SAMPLE-WITCH-F4,Witching Hour,1789949808243,MonsterMashAlbum,MonsterMashAlbum,MonsterMashAlbum.8,Ms. Frankenstein,7,MonsterMashAlbum.8.5,MonsterMashAlbum_8_5,Thunderhead,4,2,false,true,1,
monster-mash/sample-album,1,SAMPLE-WITCH-F4,Witching Hour,1789949808243,MonsterMashAlbum,MonsterMashAlbum,MonsterMashAlbum.8,Ms. Frankenstein,7,MonsterMashAlbum.8.6,MonsterMashAlbum_8_6,Stormy Skies,5,2,false,true,1,
monster-mash/sample-album,1,SAMPLE-WITCH-F4,Witching Hour,1789949808243,MonsterMashAlbum,MonsterMashAlbum,MonsterMashAlbum.8,Ms. Frankenstein,7,MonsterMashAlbum.8.7,MonsterMashAlbum_8_7,At First Sight,6,3,false,true,1,
monster-mash/sample-album,1,SAMPLE-WITCH-F4,Witching Hour,1789949808243,MonsterMashAlbum,MonsterMashAlbum,MonsterMashAlbum.8,Ms. Frankenstein,7,MonsterMashAlbum.8.8,MonsterMashAlbum_8_8,Strike a Pose,7,3,false,true,1,
monster-mash/sample-album,1,SAMPLE-WITCH-F4,Witching Hour,1789949808243,MonsterMashAlbum,MonsterMashAlbum,MonsterMashAlbum.8,Ms. Frankenstein,7,MonsterMashAlbum.8.9,MonsterMashAlbum_8_9,I Do!,8,3,false,true,1,
monster-mash/sample-album,1,SAMPLE-WITCH-F4,Witching Hour,1789949808243,MonsterMashAlbum,MonsterMashAlbum,MonsterMashAlbum.9,Halloween Games,8,MonsterMashAlbum.9.1,MonsterMashAlbum_9_1,Game On!,0,2,false,true,1,
monster-mash/sample-album,1,SAMPLE-WITCH-F4,Witching Hour,1789949808243,MonsterMashAlbum,MonsterMashAlbum,MonsterMashAlbum.9,Halloween Games,8,MonsterMashAlbum.9.2,MonsterMashAlbum_9_2,Takedown,1,2,false,true,3,
monster-mash/sample-album,1,SAMPLE-WITCH-F4,Witching Hour,1789949808243,MonsterMashAlbum,MonsterMashAlbum,MonsterMashAlbum.9,Halloween Games,8,MonsterMashAlbum.9.3,MonsterMashAlbum_9_3,Nice Bob!,2,2,false,true,1,
monster-mash/sample-album,1,SAMPLE-WITCH-F4,Witching Hour,1789949808243,MonsterMashAlbum,MonsterMashAlbum,MonsterMashAlbum.9,Halloween Games,8,MonsterMashAlbum.9.4,MonsterMashAlbum_9_4,Stuck in Limbo,3,2,false,true,2,
monster-mash/sample-album,1,SAMPLE-WITCH-F4,Witching Hour,1789949808243,MonsterMashAlbum,MonsterMashAlbum,MonsterMashAlbum.9,Halloween Games,8,MonsterMashAlbum.9.5,MonsterMashAlbum_9_5,Feet of Strength,4,3,false,true,1,
monster-mash/sample-album,1,SAMPLE-WITCH-F4,Witching Hour,1789949808243,MonsterMashAlbum,MonsterMashAlbum,MonsterMashAlbum.9,Halloween Games,8,MonsterMashAlbum.9.6,MonsterMashAlbum_9_6,Sugar Rush,5,3,false,true,3,
monster-mash/sample-album,1,SAMPLE-WITCH-F4,Witching Hour,1789949808243,MonsterMashAlbum,MonsterMashAlbum,MonsterMashAlbum.9,Halloween Games,8,MonsterMashAlbum.9.7,MonsterMashAlbum_9_7,Deadly Aim,6,3,false,true,3,
monster-mash/sample-album,1,SAMPLE-WITCH-F4,Witching Hour,1789949808243,MonsterMashAlbum,MonsterMashAlbum,MonsterMashAlbum.9,Halloween Games,8,MonsterMashAlbum.9.8,MonsterMashAlbum_9_8,The Ringer,7,3,false,true,1,
monster-mash/sample-album,1,SAMPLE-WITCH-F4,Witching Hour,1789949808243,MonsterMashAlbum,MonsterMashAlbum,MonsterMashAlbum.9,Halloween Games,8,MonsterMashAlbum.9.9,MonsterMashAlbum_9_9,Snack Attack,8,3,false,true,3,
monster-mash/sample-album,1,SAMPLE-WITCH-F4,Witching Hour,1789949808243,MonsterMashAlbum,MonsterMashAlbum,MonsterMashAlbum.10,The Mummy,9,MonsterMashAlbum.10.1,MonsterMashAlbum_10_1,Enter Rags,0,2,false,true,2,
monster-mash/sample-album,1,SAMPLE-WITCH-F4,Witching Hour,1789949808243,MonsterMashAlbum,MonsterMashAlbum,MonsterMashAlbum.10,The Mummy,9,MonsterMashAlbum.10.2,MonsterMashAlbum_10_2,Bugging Out,1,2,false,true,1,
monster-mash/sample-album,1,SAMPLE-WITCH-F4,Witching Hour,1789949808243,MonsterMashAlbum,MonsterMashAlbum,MonsterMashAlbum.10,The Mummy,9,MonsterMashAlbum.10.3,MonsterMashAlbum_10_3,Curses!,2,3,false,true,1,
monster-mash/sample-album,1,SAMPLE-WITCH-F4,Witching Hour,1789949808243,MonsterMashAlbum,MonsterMashAlbum,MonsterMashAlbum.10,The Mummy,9,MonsterMashAlbum.10.4,MonsterMashAlbum_10_4,Pyramid Scheme,3,3,false,true,1,
monster-mash/sample-album,1,SAMPLE-WITCH-F4,Witching Hour,1789949808243,MonsterMashAlbum,MonsterMashAlbum,MonsterMashAlbum.10,The Mummy,9,MonsterMashAlbum.10.5,MonsterMashAlbum_10_5,That's a Wrap!,4,3,false,true,1,
monster-mash/sample-album,1,SAMPLE-WITCH-F4,Witching Hour,1789949808243,MonsterMashAlbum,MonsterMashAlbum,MonsterMashAlbum.10,The Mummy,9,MonsterMashAlbum.10.6,MonsterMashAlbum_10_6,Cryptic,5,3,false,true,1,
monster-mash/sample-album,1,SAMPLE-WITCH-F4,Witching Hour,1789949808243,MonsterMashAlbum,MonsterMashAlbum,MonsterMashAlbum.10,The Mummy,9,MonsterMashAlbum.10.7,MonsterMashAlbum_10_7,Preserves,6,3,false,true,1,
monster-mash/sample-album,1,SAMPLE-WITCH-F4,Witching Hour,1789949808243,MonsterMashAlbum,MonsterMashAlbum,MonsterMashAlbum.10,The Mummy,9,MonsterMashAlbum.10.8,MonsterMashAlbum_10_8,Tomb Boy,7,3,false,true,1,
monster-mash/sample-album,1,SAMPLE-WITCH-F4,Witching Hour,1789949808243,MonsterMashAlbum,MonsterMashAlbum,MonsterMashAlbum.10,The Mummy,9,MonsterMashAlbum.10.9,MonsterMashAlbum_10_9,Walk This Way,8,3,false,true,1,
monster-mash/sample-album,1,SAMPLE-WITCH-F4,Witching Hour,1789949808243,MonsterMashAlbum,MonsterMashAlbum,MonsterMashAlbum.11,The Swamp Monster,10,MonsterMashAlbum.11.1,MonsterMashAlbum_11_1,Enter Swampie,0,2,false,true,2,
monster-mash/sample-album,1,SAMPLE-WITCH-F4,Witching Hour,1789949808243,MonsterMashAlbum,MonsterMashAlbum,MonsterMashAlbum.11,The Swamp Monster,10,MonsterMashAlbum.11.2,MonsterMashAlbum_11_2,Ugly Muckling,1,3,false,true,2,
monster-mash/sample-album,1,SAMPLE-WITCH-F4,Witching Hour,1789949808243,MonsterMashAlbum,MonsterMashAlbum,MonsterMashAlbum.11,The Swamp Monster,10,MonsterMashAlbum.11.3,MonsterMashAlbum_11_3,Swamp Hang,2,3,false,true,2,
monster-mash/sample-album,1,SAMPLE-WITCH-F4,Witching Hour,1789949808243,MonsterMashAlbum,MonsterMashAlbum,MonsterMashAlbum.11,The Swamp Monster,10,MonsterMashAlbum.11.4,MonsterMashAlbum_11_4,Marsh Mellow,3,3,false,true,2,
monster-mash/sample-album,1,SAMPLE-WITCH-F4,Witching Hour,1789949808243,MonsterMashAlbum,MonsterMashAlbum,MonsterMashAlbum.11,The Swamp Monster,10,MonsterMashAlbum.11.5,MonsterMashAlbum_11_5,Top Underling,4,3,false,true,2,
monster-mash/sample-album,1,SAMPLE-WITCH-F4,Witching Hour,1789949808243,MonsterMashAlbum,MonsterMashAlbum,MonsterMashAlbum.11,The Swamp Monster,10,MonsterMashAlbum.11.6,MonsterMashAlbum_11_6,Swamped,5,3,false,true,3,
monster-mash/sample-album,1,SAMPLE-WITCH-F4,Witching Hour,1789949808243,MonsterMashAlbum,MonsterMashAlbum,MonsterMashAlbum.11,The Swamp Monster,10,MonsterMashAlbum.11.7,MonsterMashAlbum_11_7,Exit Strategy,6,3,false,true,1,
monster-mash/sample-album,1,SAMPLE-WITCH-F4,Witching Hour,1789949808243,MonsterMashAlbum,MonsterMashAlbum,MonsterMashAlbum.11,The Swamp Monster,10,MonsterMashAlbum.11.8,MonsterMashAlbum_11_8,Swampie,7,3,false,true,3,
monster-mash/sample-album,1,SAMPLE-WITCH-F4,Witching Hour,1789949808243,MonsterMashAlbum,MonsterMashAlbum,MonsterMashAlbum.11,The Swamp Monster,10,MonsterMashAlbum.11.9,MonsterMashAlbum_11_9,Boggy Nights,8,4,false,true,1,
monster-mash/sample-album,1,SAMPLE-WITCH-F4,Witching Hour,1789949808243,MonsterMashAlbum,MonsterMashAlbum,MonsterMashAlbum.12,Evil Deeds,11,MonsterMashAlbum.12.1,MonsterMashAlbum_12_1,Witchy Wood,0,3,false,true,1,
monster-mash/sample-album,1,SAMPLE-WITCH-F4,Witching Hour,1789949808243,MonsterMashAlbum,MonsterMashAlbum,MonsterMashAlbum.12,Evil Deeds,11,MonsterMashAlbum.12.2,MonsterMashAlbum_12_2,Unamusement Park,1,3,false,true,1,
monster-mash/sample-album,1,SAMPLE-WITCH-F4,Witching Hour,1789949808243,MonsterMashAlbum,MonsterMashAlbum,MonsterMashAlbum.12,Evil Deeds,11,MonsterMashAlbum.12.3,MonsterMashAlbum_12_3,Soggy Bayou,2,3,false,true,1,
monster-mash/sample-album,1,SAMPLE-WITCH-F4,Witching Hour,1789949808243,MonsterMashAlbum,MonsterMashAlbum,MonsterMashAlbum.12,Evil Deeds,11,MonsterMashAlbum.12.4,MonsterMashAlbum_12_4,Shrieking Shores,3,3,false,true,2,
monster-mash/sample-album,1,SAMPLE-WITCH-F4,Witching Hour,1789949808243,MonsterMashAlbum,MonsterMashAlbum,MonsterMashAlbum.12,Evil Deeds,11,MonsterMashAlbum.12.5,MonsterMashAlbum_12_5,550 Central Park West,4,3,false,true,1,
monster-mash/sample-album,1,SAMPLE-WITCH-F4,Witching Hour,1789949808243,MonsterMashAlbum,MonsterMashAlbum,MonsterMashAlbum.12,Evil Deeds,11,MonsterMashAlbum.12.6,MonsterMashAlbum_12_6,MGO Mausoleum,5,3,false,true,2,
monster-mash/sample-album,1,SAMPLE-WITCH-F4,Witching Hour,1789949808243,MonsterMashAlbum,MonsterMashAlbum,MonsterMashAlbum.12,Evil Deeds,11,MonsterMashAlbum.12.7,MonsterMashAlbum_12_7,The Demon World,6,3,false,true,2,
monster-mash/sample-album,1,SAMPLE-WITCH-F4,Witching Hour,1789949808243,MonsterMashAlbum,MonsterMashAlbum,MonsterMashAlbum.12,Evil Deeds,11,MonsterMashAlbum.12.8,MonsterMashAlbum_12_8,Cabin in the Woods,7,4,false,true,2,
monster-mash/sample-album,1,SAMPLE-WITCH-F4,Witching Hour,1789949808243,MonsterMashAlbum,MonsterMashAlbum,MonsterMashAlbum.12,Evil Deeds,11,MonsterMashAlbum.12.9,MonsterMashAlbum_12_9,Dracula's Castle,8,4,false,true,1,
monster-mash/sample-album,1,SAMPLE-WITCH-F4,Witching Hour,1789949808243,MonsterMashAlbum,MonsterMashAlbum,MonsterMashAlbum.13,The Zombie,12,MonsterMashAlbum.13.1,MonsterMashAlbum_13_1,Enter Shambles,0,3,false,true,1,
monster-mash/sample-album,1,SAMPLE-WITCH-F4,Witching Hour,1789949808243,MonsterMashAlbum,MonsterMashAlbum,MonsterMashAlbum.13,The Zombie,12,MonsterMashAlbum.13.2,MonsterMashAlbum_13_2,Early Riser,1,3,false,true,1,
monster-mash/sample-album,1,SAMPLE-WITCH-F4,Witching Hour,1789949808243,MonsterMashAlbum,MonsterMashAlbum,MonsterMashAlbum.13,The Zombie,12,MonsterMashAlbum.13.3,MonsterMashAlbum_13_3,Brain Rot,2,3,false,true,2,
monster-mash/sample-album,1,SAMPLE-WITCH-F4,Witching Hour,1789949808243,MonsterMashAlbum,MonsterMashAlbum,MonsterMashAlbum.13,The Zombie,12,MonsterMashAlbum.13.4,MonsterMashAlbum_13_4,Brain Food,3,3,false,true,1,
monster-mash/sample-album,1,SAMPLE-WITCH-F4,Witching Hour,1789949808243,MonsterMashAlbum,MonsterMashAlbum,MonsterMashAlbum.13,The Zombie,12,MonsterMashAlbum.13.5,MonsterMashAlbum_13_5,A Beautiful Mind,4,3,false,true,3,
monster-mash/sample-album,1,SAMPLE-WITCH-F4,Witching Hour,1789949808243,MonsterMashAlbum,MonsterMashAlbum,MonsterMashAlbum.13,The Zombie,12,MonsterMashAlbum.13.6,MonsterMashAlbum_13_6,Brainiac,5,3,false,true,1,
monster-mash/sample-album,1,SAMPLE-WITCH-F4,Witching Hour,1789949808243,MonsterMashAlbum,MonsterMashAlbum,MonsterMashAlbum.13,The Zombie,12,MonsterMashAlbum.13.7,MonsterMashAlbum_13_7,One Man's Trash,6,4,false,true,1,
monster-mash/sample-album,1,SAMPLE-WITCH-F4,Witching Hour,1789949808243,MonsterMashAlbum,MonsterMashAlbum,MonsterMashAlbum.13,The Zombie,12,MonsterMashAlbum.13.8,MonsterMashAlbum_13_8,Fresh to Death,7,4,false,true,1,
monster-mash/sample-album,1,SAMPLE-WITCH-F4,Witching Hour,1789949808243,MonsterMashAlbum,MonsterMashAlbum,MonsterMashAlbum.13,The Zombie,12,MonsterMashAlbum.13.9,MonsterMashAlbum_13_9,Bashful Monster,8,4,true,true,1,
monster-mash/sample-album,1,SAMPLE-WITCH-F4,Witching Hour,1789949808243,MonsterMashAlbum,MonsterMashAlbum,MonsterMashAlbum.14,The Ghost,13,MonsterMashAlbum.14.1,MonsterMashAlbum_14_1,Enter Godfrey,0,3,false,true,2,
monster-mash/sample-album,1,SAMPLE-WITCH-F4,Witching Hour,1789949808243,MonsterMashAlbum,MonsterMashAlbum,MonsterMashAlbum.14,The Ghost,13,MonsterMashAlbum.14.2,MonsterMashAlbum_14_2,King of Swing,1,3,false,true,1,
monster-mash/sample-album,1,SAMPLE-WITCH-F4,Witching Hour,1789949808243,MonsterMashAlbum,MonsterMashAlbum,MonsterMashAlbum.14,The Ghost,13,MonsterMashAlbum.14.3,MonsterMashAlbum_14_3,Sing Along,2,3,false,true,3,
monster-mash/sample-album,1,SAMPLE-WITCH-F4,Witching Hour,1789949808243,MonsterMashAlbum,MonsterMashAlbum,MonsterMashAlbum.14,The Ghost,13,MonsterMashAlbum.14.4,MonsterMashAlbum_14_4,Creepy Cameo,3,3,false,true,1,
monster-mash/sample-album,1,SAMPLE-WITCH-F4,Witching Hour,1789949808243,MonsterMashAlbum,MonsterMashAlbum,MonsterMashAlbum.14,The Ghost,13,MonsterMashAlbum.14.5,MonsterMashAlbum_14_5,Fridge Raider,4,3,false,true,2,
monster-mash/sample-album,1,SAMPLE-WITCH-F4,Witching Hour,1789949808243,MonsterMashAlbum,MonsterMashAlbum,MonsterMashAlbum.14,The Ghost,13,MonsterMashAlbum.14.6,MonsterMashAlbum_14_6,Chilling,5,4,false,true,1,
monster-mash/sample-album,1,SAMPLE-WITCH-F4,Witching Hour,1789949808243,MonsterMashAlbum,MonsterMashAlbum,MonsterMashAlbum.14,The Ghost,13,MonsterMashAlbum.14.7,MonsterMashAlbum_14_7,Clear Reading,6,4,false,true,1,
monster-mash/sample-album,1,SAMPLE-WITCH-F4,Witching Hour,1789949808243,MonsterMashAlbum,MonsterMashAlbum,MonsterMashAlbum.14,The Ghost,13,MonsterMashAlbum.14.8,MonsterMashAlbum_14_8,Fudged,7,4,true,true,1,
monster-mash/sample-album,1,SAMPLE-WITCH-F4,Witching Hour,1789949808243,MonsterMashAlbum,MonsterMashAlbum,MonsterMashAlbum.14,The Ghost,13,MonsterMashAlbum.14.9,MonsterMashAlbum_14_9,Thrown Off,8,5,false,true,2,
monster-mash/sample-album,1,SAMPLE-WITCH-F4,Witching Hour,1789949808243,MonsterMashAlbum,MonsterMashAlbum,MonsterMashAlbum.15,The Witch,14,MonsterMashAlbum.15.1,MonsterMashAlbum_15_1,Enter Hexie,0,3,false,true,1,
monster-mash/sample-album,1,SAMPLE-WITCH-F4,Witching Hour,1789949808243,MonsterMashAlbum,MonsterMashAlbum,MonsterMashAlbum.15,The Witch,14,MonsterMashAlbum.15.2,MonsterMashAlbum_15_2,Familiar Face,1,3,false,true,2,
monster-mash/sample-album,1,SAMPLE-WITCH-F4,Witching Hour,1789949808243,MonsterMashAlbum,MonsterMashAlbum,MonsterMashAlbum.15,The Witch,14,MonsterMashAlbum.15.3,MonsterMashAlbum_15_3,Miss Spelled,2,3,false,true,1,
monster-mash/sample-album,1,SAMPLE-WITCH-F4,Witching Hour,1789949808243,MonsterMashAlbum,MonsterMashAlbum,MonsterMashAlbum.15,The Witch,14,MonsterMashAlbum.15.4,MonsterMashAlbum_15_4,At Your Service,3,4,false,true,1,
monster-mash/sample-album,1,SAMPLE-WITCH-F4,Witching Hour,1789949808243,MonsterMashAlbum,MonsterMashAlbum,MonsterMashAlbum.15,The Witch,14,MonsterMashAlbum.15.5,MonsterMashAlbum_15_5,Monstrous Mix-Ins,4,4,false,true,5,
monster-mash/sample-album,1,SAMPLE-WITCH-F4,Witching Hour,1789949808243,MonsterMashAlbum,MonsterMashAlbum,MonsterMashAlbum.15,The Witch,14,MonsterMashAlbum.15.6,MonsterMashAlbum_15_6,Hat Trick,5,4,false,true,1,
monster-mash/sample-album,1,SAMPLE-WITCH-F4,Witching Hour,1789949808243,MonsterMashAlbum,MonsterMashAlbum,MonsterMashAlbum.15,The Witch,14,MonsterMashAlbum.15.7,MonsterMashAlbum_15_7,Buckle Up,6,4,true,true,1,
monster-mash/sample-album,1,SAMPLE-WITCH-F4,Witching Hour,1789949808243,MonsterMashAlbum,MonsterMashAlbum,MonsterMashAlbum.15,The Witch,14,MonsterMashAlbum.15.8,MonsterMashAlbum_15_8,Witching Hour,7,5,false,true,1,
monster-mash/sample-album,1,SAMPLE-WITCH-F4,Witching Hour,1789949808243,MonsterMashAlbum,MonsterMashAlbum,MonsterMashAlbum.15,The Witch,14,MonsterMashAlbum.15.9,MonsterMashAlbum_15_9,Stir Crazy,8,5,false,true,1,
monster-mash/sample-album,1,SAMPLE-WITCH-F4,Witching Hour,1789949808243,MonsterMashAlbum,MonsterMashAlbum,MonsterMashAlbum.16,Ghastly Garage,15,MonsterMashAlbum.16.1,MonsterMashAlbum_16_1,The Lock-Up,0,3,false,true,1,
monster-mash/sample-album,1,SAMPLE-WITCH-F4,Witching Hour,1789949808243,MonsterMashAlbum,MonsterMashAlbum,MonsterMashAlbum.16,Ghastly Garage,15,MonsterMashAlbum.16.2,MonsterMashAlbum_16_2,Stay Golden,1,3,false,true,4,
monster-mash/sample-album,1,SAMPLE-WITCH-F4,Witching Hour,1789949808243,MonsterMashAlbum,MonsterMashAlbum,MonsterMashAlbum.16,Ghastly Garage,15,MonsterMashAlbum.16.3,MonsterMashAlbum_16_3,Wolfie Wagon,2,4,false,true,2,
monster-mash/sample-album,1,SAMPLE-WITCH-F4,Witching Hour,1789949808243,MonsterMashAlbum,MonsterMashAlbum,MonsterMashAlbum.16,Ghastly Garage,15,MonsterMashAlbum.16.4,MonsterMashAlbum_16_4,Rags' Roadster,3,4,false,true,2,
monster-mash/sample-album,1,SAMPLE-WITCH-F4,Witching Hour,1789949808243,MonsterMashAlbum,MonsterMashAlbum,MonsterMashAlbum.16,Ghastly Garage,15,MonsterMashAlbum.16.5,MonsterMashAlbum_16_5,Long-Term Parking,4,4,false,true,1,
monster-mash/sample-album,1,SAMPLE-WITCH-F4,Witching Hour,1789949808243,MonsterMashAlbum,MonsterMashAlbum,MonsterMashAlbum.16,Ghastly Garage,15,MonsterMashAlbum.16.6,MonsterMashAlbum_16_6,Franken-Coach,5,4,false,true,1,
monster-mash/sample-album,1,SAMPLE-WITCH-F4,Witching Hour,1789949808243,MonsterMashAlbum,MonsterMashAlbum,MonsterMashAlbum.16,Ghastly Garage,15,MonsterMashAlbum.16.7,MonsterMashAlbum_16_7,High Beams,6,4,true,true,1,
monster-mash/sample-album,1,SAMPLE-WITCH-F4,Witching Hour,1789949808243,MonsterMashAlbum,MonsterMashAlbum,MonsterMashAlbum.16,Ghastly Garage,15,MonsterMashAlbum.16.8,MonsterMashAlbum_16_8,Drac's Dragster,7,5,false,true,1,
monster-mash/sample-album,1,SAMPLE-WITCH-F4,Witching Hour,1789949808243,MonsterMashAlbum,MonsterMashAlbum,MonsterMashAlbum.16,Ghastly Garage,15,MonsterMashAlbum.16.9,MonsterMashAlbum_16_9,Ecto-1,8,5,true,true,1,
monster-mash/sample-album,1,SAMPLE-WITCH-F4,Witching Hour,1789949808243,MonsterMashAlbum,MonsterMashAlbum,MonsterMashAlbum.17,Boogie Bash,16,MonsterMashAlbum.17.1,MonsterMashAlbum_17_1,DJ Spinner,0,4,false,true,2,
monster-mash/sample-album,1,SAMPLE-WITCH-F4,Witching Hour,1789949808243,MonsterMashAlbum,MonsterMashAlbum,MonsterMashAlbum.17,Boogie Bash,16,MonsterMashAlbum.17.2,MonsterMashAlbum_17_2,Dance Idols,1,4,false,true,1,
monster-mash/sample-album,1,SAMPLE-WITCH-F4,Witching Hour,1789949808243,MonsterMashAlbum,MonsterMashAlbum,MonsterMashAlbum.17,Boogie Bash,16,MonsterMashAlbum.17.3,MonsterMashAlbum_17_3,Do The Worm,2,4,false,true,1,
monster-mash/sample-album,1,SAMPLE-WITCH-F4,Witching Hour,1789949808243,MonsterMashAlbum,MonsterMashAlbum,MonsterMashAlbum.17,Boogie Bash,16,MonsterMashAlbum.17.4,MonsterMashAlbum_17_4,Shredding,3,4,false,true,1,
monster-mash/sample-album,1,SAMPLE-WITCH-F4,Witching Hour,1789949808243,MonsterMashAlbum,MonsterMashAlbum,MonsterMashAlbum.17,Boogie Bash,16,MonsterMashAlbum.17.5,MonsterMashAlbum_17_5,Electric BOO-galoo,4,4,true,true,1,
monster-mash/sample-album,1,SAMPLE-WITCH-F4,Witching Hour,1789949808243,MonsterMashAlbum,MonsterMashAlbum,MonsterMashAlbum.17,Boogie Bash,16,MonsterMashAlbum.17.6,MonsterMashAlbum_17_6,Wall Flowers,5,4,true,true,1,
monster-mash/sample-album,1,SAMPLE-WITCH-F4,Witching Hour,1789949808243,MonsterMashAlbum,MonsterMashAlbum,MonsterMashAlbum.17,Boogie Bash,16,MonsterMashAlbum.17.7,MonsterMashAlbum_17_7,Punchline,6,5,false,true,1,
monster-mash/sample-album,1,SAMPLE-WITCH-F4,Witching Hour,1789949808243,MonsterMashAlbum,MonsterMashAlbum,MonsterMashAlbum.17,Boogie Bash,16,MonsterMashAlbum.17.8,MonsterMashAlbum_17_8,To Be Free,7,5,true,true,1,
monster-mash/sample-album,1,SAMPLE-WITCH-F4,Witching Hour,1789949808243,MonsterMashAlbum,MonsterMashAlbum,MonsterMashAlbum.17,Boogie Bash,16,MonsterMashAlbum.17.9,MonsterMashAlbum_17_9,Monster Mosh,8,6,false,true,1,
monster-mash/sample-album,1,SAMPLE-WITCH-F4,Witching Hour,1789949808243,MonsterMashAlbum,MonsterMashAlbum,MonsterMashAlbum.18,The Attic,17,MonsterMashAlbum.18.1,MonsterMashAlbum_18_1,Up the Hatch,0,4,false,true,1,
monster-mash/sample-album,1,SAMPLE-WITCH-F4,Witching Hour,1789949808243,MonsterMashAlbum,MonsterMashAlbum,MonsterMashAlbum.18,The Attic,17,MonsterMashAlbum.18.2,MonsterMashAlbum_18_2,Derpy Statue,1,4,false,true,1,
monster-mash/sample-album,1,SAMPLE-WITCH-F4,Witching Hour,1789949808243,MonsterMashAlbum,MonsterMashAlbum,MonsterMashAlbum.18,The Attic,17,MonsterMashAlbum.18.3,MonsterMashAlbum_18_3,Ghostly Glow,2,4,false,true,1,
monster-mash/sample-album,1,SAMPLE-WITCH-F4,Witching Hour,1789949808243,MonsterMashAlbum,MonsterMashAlbum,MonsterMashAlbum.18,The Attic,17,MonsterMashAlbum.18.4,MonsterMashAlbum_18_4,Be a Doll,3,4,true,true,2,
monster-mash/sample-album,1,SAMPLE-WITCH-F4,Witching Hour,1789949808243,MonsterMashAlbum,MonsterMashAlbum,MonsterMashAlbum.18,The Attic,17,MonsterMashAlbum.18.5,MonsterMashAlbum_18_5,Mr. Mannequin,4,4,true,true,1,
monster-mash/sample-album,1,SAMPLE-WITCH-F4,Witching Hour,1789949808243,MonsterMashAlbum,MonsterMashAlbum,MonsterMashAlbum.18,The Attic,17,MonsterMashAlbum.18.6,MonsterMashAlbum_18_6,Miss Mary,5,5,false,true,1,
monster-mash/sample-album,1,SAMPLE-WITCH-F4,Witching Hour,1789949808243,MonsterMashAlbum,MonsterMashAlbum,MonsterMashAlbum.18,The Attic,17,MonsterMashAlbum.18.7,MonsterMashAlbum_18_7,Hats Off to Ya,6,5,false,true,1,
monster-mash/sample-album,1,SAMPLE-WITCH-F4,Witching Hour,1789949808243,MonsterMashAlbum,MonsterMashAlbum,MonsterMashAlbum.18,The Attic,17,MonsterMashAlbum.18.8,MonsterMashAlbum_18_8,The Watcher,7,5,true,true,1,
monster-mash/sample-album,1,SAMPLE-WITCH-F4,Witching Hour,1789949808243,MonsterMashAlbum,MonsterMashAlbum,MonsterMashAlbum.18,The Attic,17,MonsterMashAlbum.18.9,MonsterMashAlbum_18_9,Tea Time,8,6,false,true,1,
monster-mash/sample-album,1,SAMPLE-WITCH-F4,Witching Hour,1789949808243,MonsterMashAlbum,MonsterMashAlbum,MonsterMashAlbum.19,Trick Or Treat,18,MonsterMashAlbum.19.1,MonsterMashAlbum_19_1,Hit the Streets,0,4,false,true,1,
monster-mash/sample-album,1,SAMPLE-WITCH-F4,Witching Hour,1789949808243,MonsterMashAlbum,MonsterMashAlbum,MonsterMashAlbum.19,Trick Or Treat,18,MonsterMashAlbum.19.2,MonsterMashAlbum_19_2,Sweet!,1,4,false,true,1,
monster-mash/sample-album,1,SAMPLE-WITCH-F4,Witching Hour,1789949808243,MonsterMashAlbum,MonsterMashAlbum,MonsterMashAlbum.19,Trick Or Treat,18,MonsterMashAlbum.19.3,MonsterMashAlbum_19_3,Chief Suspect,2,4,true,true,1,
monster-mash/sample-album,1,SAMPLE-WITCH-F4,Witching Hour,1789949808243,MonsterMashAlbum,MonsterMashAlbum,MonsterMashAlbum.19,Trick Or Treat,18,MonsterMashAlbum.19.4,MonsterMashAlbum_19_4,Seen a Ghost?,3,4,true,true,1,
monster-mash/sample-album,1,SAMPLE-WITCH-F4,Witching Hour,1789949808243,MonsterMashAlbum,MonsterMashAlbum,MonsterMashAlbum.19,Trick Or Treat,18,MonsterMashAlbum.19.5,MonsterMashAlbum_19_5,Snack Run,4,5,false,true,2,
monster-mash/sample-album,1,SAMPLE-WITCH-F4,Witching Hour,1789949808243,MonsterMashAlbum,MonsterMashAlbum,MonsterMashAlbum.19,Trick Or Treat,18,MonsterMashAlbum.19.6,MonsterMashAlbum_19_6,Adorned,5,5,false,true,1,
monster-mash/sample-album,1,SAMPLE-WITCH-F4,Witching Hour,1789949808243,MonsterMashAlbum,MonsterMashAlbum,MonsterMashAlbum.19,Trick Or Treat,18,MonsterMashAlbum.19.7,MonsterMashAlbum_19_7,Triple Treat,6,5,true,true,1,
monster-mash/sample-album,1,SAMPLE-WITCH-F4,Witching Hour,1789949808243,MonsterMashAlbum,MonsterMashAlbum,MonsterMashAlbum.19,Trick Or Treat,18,MonsterMashAlbum.19.8,MonsterMashAlbum_19_8,Fit Check,7,5,true,true,1,
monster-mash/sample-album,1,SAMPLE-WITCH-F4,Witching Hour,1789949808243,MonsterMashAlbum,MonsterMashAlbum,MonsterMashAlbum.19,Trick Or Treat,18,MonsterMashAlbum.19.9,MonsterMashAlbum_19_9,All Haul-O's Eve,8,6,false,true,1,
monster-mash/sample-album,1,SAMPLE-WITCH-F4,Witching Hour,1789949808243,MonsterMashAlbum,MonsterMashAlbum,MonsterMashAlbum.20,Frankie Fun,19,MonsterMashAlbum.20.1,MonsterMashAlbum_20_1,Enter Frankie,0,4,false,true,1,
monster-mash/sample-album,1,SAMPLE-WITCH-F4,Witching Hour,1789949808243,MonsterMashAlbum,MonsterMashAlbum,MonsterMashAlbum.20,Frankie Fun,19,MonsterMashAlbum.20.2,MonsterMashAlbum_20_2,Compact,1,4,true,true,1,
monster-mash/sample-album,1,SAMPLE-WITCH-F4,Witching Hour,1789949808243,MonsterMashAlbum,MonsterMashAlbum,MonsterMashAlbum.20,Frankie Fun,19,MonsterMashAlbum.20.3,MonsterMashAlbum_20_3,Body Builder,2,4,true,true,1,
monster-mash/sample-album,1,SAMPLE-WITCH-F4,Witching Hour,1789949808243,MonsterMashAlbum,MonsterMashAlbum,MonsterMashAlbum.20,Frankie Fun,19,MonsterMashAlbum.20.4,MonsterMashAlbum_20_4,Unstoppable,3,5,false,true,1,
monster-mash/sample-album,1,SAMPLE-WITCH-F4,Witching Hour,1789949808243,MonsterMashAlbum,MonsterMashAlbum,MonsterMashAlbum.20,Frankie Fun,19,MonsterMashAlbum.20.5,MonsterMashAlbum_20_5,Key To Happiness,4,5,false,true,1,
monster-mash/sample-album,1,SAMPLE-WITCH-F4,Witching Hour,1789949808243,MonsterMashAlbum,MonsterMashAlbum,MonsterMashAlbum.20,Frankie Fun,19,MonsterMashAlbum.20.6,MonsterMashAlbum_20_6,Like a Glove,5,5,false,true,3,
monster-mash/sample-album,1,SAMPLE-WITCH-F4,Witching Hour,1789949808243,MonsterMashAlbum,MonsterMashAlbum,MonsterMashAlbum.20,Frankie Fun,19,MonsterMashAlbum.20.7,MonsterMashAlbum_20_7,The Groom,6,5,true,true,1,
monster-mash/sample-album,1,SAMPLE-WITCH-F4,Witching Hour,1789949808243,MonsterMashAlbum,MonsterMashAlbum,MonsterMashAlbum.20,Frankie Fun,19,MonsterMashAlbum.20.8,MonsterMashAlbum_20_8,Self Made Man,7,5,true,true,2,
monster-mash/sample-album,1,SAMPLE-WITCH-F4,Witching Hour,1789949808243,MonsterMashAlbum,MonsterMashAlbum,MonsterMashAlbum.20,Frankie Fun,19,MonsterMashAlbum.20.9,MonsterMashAlbum_20_9,Supportive,8,6,false,true,1,
monster-mash/sample-album,1,SAMPLE-WITCH-F4,Witching Hour,1789949808243,MonsterMashAlbum,MonsterMashAlbum,MonsterMashAlbum.21,Who You Gonna Call?,20,MonsterMashAlbum.21.1,MonsterMashAlbum_21_1,Shh!,0,4,false,true,1,
monster-mash/sample-album,1,SAMPLE-WITCH-F4,Witching Hour,1789949808243,MonsterMashAlbum,MonsterMashAlbum,MonsterMashAlbum.21,Who You Gonna Call?,20,MonsterMashAlbum.21.2,MonsterMashAlbum_21_2,Off the Charts,1,4,true,true,1,
monster-mash/sample-album,1,SAMPLE-WITCH-F4,Witching Hour,1789949808243,MonsterMashAlbum,MonsterMashAlbum,MonsterMashAlbum.21,Who You Gonna Call?,20,MonsterMashAlbum.21.3,MonsterMashAlbum_21_3,The Pole Works!,2,4,true,true,1,
monster-mash/sample-album,1,SAMPLE-WITCH-F4,Witching Hour,1789949808243,MonsterMashAlbum,MonsterMashAlbum,MonsterMashAlbum.21,Who You Gonna Call?,20,MonsterMashAlbum.21.4,MonsterMashAlbum_21_4,Goo Crew,3,5,false,true,4,
monster-mash/sample-album,1,SAMPLE-WITCH-F4,Witching Hour,1789949808243,MonsterMashAlbum,MonsterMashAlbum,MonsterMashAlbum.21,Who You Gonna Call?,20,MonsterMashAlbum.21.5,MonsterMashAlbum_21_5,We Have the Tools,4,5,false,true,3,
monster-mash/sample-album,1,SAMPLE-WITCH-F4,Witching Hour,1789949808243,MonsterMashAlbum,MonsterMashAlbum,MonsterMashAlbum.21,Who You Gonna Call?,20,MonsterMashAlbum.21.6,MonsterMashAlbum_21_6,Terrace Terror,5,5,true,true,1,
monster-mash/sample-album,1,SAMPLE-WITCH-F4,Witching Hour,1789949808243,MonsterMashAlbum,MonsterMashAlbum,MonsterMashAlbum.21,Who You Gonna Call?,20,MonsterMashAlbum.21.7,MonsterMashAlbum_21_7,S'more Heat,6,5,true,true,1,
monster-mash/sample-album,1,SAMPLE-WITCH-F4,Witching Hour,1789949808243,MonsterMashAlbum,MonsterMashAlbum,MonsterMashAlbum.21,Who You Gonna Call?,20,MonsterMashAlbum.21.8,MonsterMashAlbum_21_8,I Love This Town!,7,5,true,true,1,
monster-mash/sample-album,1,SAMPLE-WITCH-F4,Witching Hour,1789949808243,MonsterMashAlbum,MonsterMashAlbum,MonsterMashAlbum.21,Who You Gonna Call?,20,MonsterMashAlbum.21.9,MonsterMashAlbum_21_9,Big Town Heroes,8,6,false,true,2,
monster-mash/sample-album,1,SAMPLE-WITCH-F4,Witching Hour,1789949808243,MonsterMashAlbum,MonsterMashAlbum,MonsterMashAlbum.22,Demons & Hunters,21,MonsterMashAlbum.22.1,MonsterMashAlbum_22_1,How It's Done,0,4,true,true,1,
monster-mash/sample-album,1,SAMPLE-WITCH-F4,Witching Hour,1789949808243,MonsterMashAlbum,MonsterMashAlbum,MonsterMashAlbum.22,Demons & Hunters,21,MonsterMashAlbum.22.2,MonsterMashAlbum_22_2,Golden,1,4,true,true,1,
monster-mash/sample-album,1,SAMPLE-WITCH-F4,Witching Hour,1789949808243,MonsterMashAlbum,MonsterMashAlbum,MonsterMashAlbum.22,Demons & Hunters,21,MonsterMashAlbum.22.3,MonsterMashAlbum_22_3,Newcomers,2,5,false,true,1,
monster-mash/sample-album,1,SAMPLE-WITCH-F4,Witching Hour,1789949808243,MonsterMashAlbum,MonsterMashAlbum,MonsterMashAlbum.22,Demons & Hunters,21,MonsterMashAlbum.22.4,MonsterMashAlbum_22_4,Easy on the Eyes,3,5,false,true,1,
monster-mash/sample-album,1,SAMPLE-WITCH-F4,Witching Hour,1789949808243,MonsterMashAlbum,MonsterMashAlbum,MonsterMashAlbum.22,Demons & Hunters,21,MonsterMashAlbum.22.5,MonsterMashAlbum_22_5,Soda Pop,4,5,true,true,1,
monster-mash/sample-album,1,SAMPLE-WITCH-F4,Witching Hour,1789949808243,MonsterMashAlbum,MonsterMashAlbum,MonsterMashAlbum.22,Demons & Hunters,21,MonsterMashAlbum.22.6,MonsterMashAlbum_22_6,"Hello, Friend",5,5,true,true,1,
monster-mash/sample-album,1,SAMPLE-WITCH-F4,Witching Hour,1789949808243,MonsterMashAlbum,MonsterMashAlbum,MonsterMashAlbum.22,Demons & Hunters,21,MonsterMashAlbum.22.7,MonsterMashAlbum_22_7,Torn,6,5,true,true,2,
monster-mash/sample-album,1,SAMPLE-WITCH-F4,Witching Hour,1789949808243,MonsterMashAlbum,MonsterMashAlbum,MonsterMashAlbum.22,Demons & Hunters,21,MonsterMashAlbum.22.8,MonsterMashAlbum_22_8,Voices Strong,7,5,true,true,1,
monster-mash/sample-album,1,SAMPLE-WITCH-F4,Witching Hour,1789949808243,MonsterMashAlbum,MonsterMashAlbum,MonsterMashAlbum.22,Demons & Hunters,21,MonsterMashAlbum.22.9,MonsterMashAlbum_22_9,Cough! Cough! Cough!,8,6,false,true,6,
